target_client_id,dominant_class,event_count,unique_donor_client_id_count,response_change_ratio_all_mean,response_change_ratio_all_std,cancellation_coefficient_all_mean,cancellation_coefficient_all_std,survival_ratio_all_mean,survival_ratio_all_std,survival_cosine_all_mean,survival_cosine_all_std,response_cosine_all_mean,response_cosine_all_std,cos_q_a_all_mean,cos_q_a_all_std,response_change_ratio_conv_mean,response_change_ratio_conv_std,cancellation_coefficient_conv_mean,cancellation_coefficient_conv_std,survival_ratio_conv_mean,survival_ratio_conv_std,survival_cosine_conv_mean,survival_cosine_conv_std,response_cosine_conv_mean,response_cosine_conv_std,cos_q_a_conv_mean,cos_q_a_conv_std,response_change_ratio_classifier_mean,response_change_ratio_classifier_std,cancellation_coefficient_classifier_mean,cancellation_coefficient_classifier_std,survival_ratio_classifier_mean,survival_ratio_classifier_std,survival_cosine_classifier_mean,survival_cosine_classifier_std,response_cosine_classifier_mean,response_cosine_classifier_std,cos_q_a_classifier_mean,cos_q_a_classifier_std
0,4,26,20,1.8549137371806235,0.7819187245132712,0.1581160179222541,0.07622475217891889,2.0571848525239003,0.7067947702755158,0.45075662356976837,0.14508310618095221,-0.08780233340121925,0.03768708208270236,-0.3826408634819519,0.20349206059008973,1.8655254181414413,0.7946243058386766,0.1322018760508121,0.06355655710662515,2.0808442372836122,0.7160524594317424,0.45965208719668116,0.14577842238729938,-0.0725131111481088,0.028512962419336364,-0.39961101217964823,0.20835426879700203,1.7636122899410789,0.5711972014546585,0.717648751337321,0.337338866503805,1.6535027781943914,0.5146493820343485,0.20290621958902122,0.22919873193260545,-0.4093945484943792,0.14573962011087793,-0.04522537422210988,0.28272142398888445
1,6,28,23,1.454410231214268,0.7611661726145711,0.12245796394035101,0.07809478768742509,1.7625109105746317,0.5784287131959864,0.5627462722523957,0.21902416302212868,-0.07819112182666714,0.03291443675980903,-0.4288133565523676,0.2280168501924023,1.4596610023201904,0.7666033030966873,0.09801401467904736,0.06698030049733732,1.7819636165807644,0.5813342741361418,0.5708062178258806,0.2165878825276945,-0.060019165363831485,0.02314202598840994,-0.44385991256314206,0.23694933617046998,1.3740958057475157,0.6553557222581283,0.6001501318994187,0.388131526848799,1.382079438510886,0.4460415516399174,0.3641312818374868,0.34601109547871106,-0.4086753071494277,0.16040265313337018,-0.18017578417832494,0.21394964496868846
2,6,15,12,2.2386567916957376,1.1091743454123342,0.14837370186418875,0.08335478295994,2.42158069630065,1.034598078389514,0.40467276141959835,0.156814006782292,-0.07039700538722547,0.028453517921927574,-0.3233121228885432,0.2420330007559383,2.24636923242631,1.114760762167317,0.13166161922631697,0.0678344747132775,2.4362134845330305,1.039004056345088,0.4099413270333396,0.15584009535497945,-0.06256284725010529,0.022739371382402066,-0.3276299136492225,0.2415203838489896,2.0926944530096483,1.0889309442864856,0.7235356733365244,0.46492421319442645,2.0065347212915383,1.041720605935787,0.18935343713476924,0.22232795428531746,-0.35544514748202827,0.13408652193058979,-0.15902922935628164,0.31537838643746796
3,1,22,20,1.5181267055602923,0.6200000781806665,0.14141794109304512,0.06302768024347843,1.771428780757504,0.5126256193762616,0.5273633723259616,0.16747689352202977,-0.09500832295686511,0.027041824011296522,-0.4124210218035948,0.2688897284067787,1.5217333227583276,0.6272923164400293,0.11990067269967156,0.05805036775771279,1.7875826869837539,0.5179000084797253,0.5351703482506168,0.16688138387365692,-0.07960809563219852,0.02507616035296484,-0.42527622260612047,0.2738791017312519,1.4479311251493856,0.6007782640679731,0.6621356876379108,0.35508454679484514,1.3851859192143678,0.455468047365344,0.3118209616776149,0.28871445881186686,-0.44849907164767944,0.10725921084612296,-0.17871771421465388,0.31685250047500685
4,0,27,22,1.620004927628868,0.627792029979675,0.13247245584570064,0.07175532431516843,1.863240378393631,0.5268909168267061,0.5062189946439847,0.1594091888150506,-0.08245655282346062,0.03280447804576994,-0.4557640300771374,0.153806913872289,1.6249103111279881,0.6448965626940332,0.10372420246573474,0.06050362597540597,1.885000077441193,0.5393727191981583,0.5169861555035863,0.16078659828628042,-0.062344894822608854,0.028619723333229128,-0.47756427822665304,0.1633346521452687,1.5524000886377936,0.604761902165979,0.7238791076998721,0.3549545014058153,1.4347356274560226,0.5155147310997784,0.24785349681260804,0.271345213223734,-0.46866618185414916,0.13921379520941635,-0.18514875844161396,0.2993347467245455
5,9,26,21,2.2263815892921026,1.320700332407516,0.1713989597934629,0.10248693733646783,2.434034878615866,1.1921739343027375,0.4316001483645651,0.22517661397491237,-0.08356172264276801,0.03593569466010958,-0.42755346679120654,0.2758168638955302,2.262134369145478,1.368938410973625,0.1385892696060303,0.07877991070156197,2.4839911468332017,1.2371936686364589,0.4407584940793259,0.2251102349840319,-0.06646433765652636,0.026577010420865257,-0.4387081025785473,0.2826650499644207,1.917658705983827,0.9680828572125035,0.7501776485553187,0.4071277489144773,1.8266340509339032,0.8782202367985819,0.22487648784338704,0.27808278795408314,-0.41186629543670483,0.13448969770805133,-0.2429530990908598,0.31126308326815816
6,3,19,18,6.463881251634649,5.541283852839133,0.1894493384954881,0.09971612323636256,6.55338201693043,5.489230673361259,0.2097939583940233,0.15340024022670964,-0.038745796285342894,0.02135178444445048,-0.518029160360526,0.21019236940022012,6.508795853352623,5.573946525123086,0.1638639895752657,0.09450946775850522,6.603399656058545,5.519884249902559,0.21361021182469142,0.15411297361088655,-0.032532097588507336,0.020272093935469703,-0.5274715823330535,0.21117441270979806,4.942198131546598,3.5762672274687946,1.0789904558077001,0.5943778396023485,4.828980973634887,3.568626958410335,0.045421076282280835,0.188051848534572,-0.2669559725992386,0.12841516369793687,-0.20730333636737477,0.2787618065939358
7,7,31,26,2.150036170591055,1.3613233026618659,0.1619734045930533,0.07707855068870047,2.3577255542823985,1.2587168207018615,0.44411299053881975,0.20287552463854316,-0.08312655302411617,0.02697838686483972,-0.37314429446349057,0.266404633167036,2.1623446025294255,1.3889737409588105,0.14343225702756948,0.07017756310007059,2.3791276531339838,1.2840651740218794,0.45070697222659495,0.2033643505976409,-0.07308295033348043,0.022283315928535996,-0.3827371061733759,0.26802845802018066,1.7719483868361616,0.7268719393523566,0.6674948766450037,0.3936735842450311,1.7137516016088659,0.6259434130239644,0.25043719695995187,0.2613379231453751,-0.3736717807263452,0.14524324939117747,-0.10101889249854774,0.311298285007647
8,2,17,15,1.9234490009158445,0.9086598530798518,0.13595890717539547,0.08783663176842811,2.1447111337025007,0.8017868488903652,0.46082080244556756,0.18372765090959375,-0.07192948722489974,0.04117396597355976,-0.5133928069706656,0.2569126607729486,1.9362209181285825,0.9221119026034075,0.111054171269612,0.07307786366046827,2.169623482571537,0.8115361798711402,0.46885126971475305,0.18414567826741662,-0.05745372231467111,0.0319607723031224,-0.5250111597451976,0.2603952391991774,1.9108636264361716,0.8740225044644236,0.6050231393996282,0.24101233187002585,1.8685381846466573,0.8430325148343902,0.25603280965699116,0.21066085452206892,-0.3457535935058499,0.13842794662841507,-0.24222746583850388,0.25589762311154307
9,4,29,26,1.7841858080546857,0.5942909233582773,0.15178650048901565,0.060821921147956134,1.9972837967360801,0.48977353240252,0.455990421655358,0.14691880428620324,-0.08578160010466941,0.027356323930794027,-0.31181228599050176,0.20800209289541458,1.791472844066286,0.6002094237194624,0.1268414163908245,0.05008513990698331,2.0170000139073307,0.493592032980663,0.46440616802044266,0.14579535618563216,-0.07103297497745356,0.01956670558499711,-0.3221322291700916,0.21339904716962965,1.6863494159370758,0.6257769683761725,0.7404704938760769,0.38920333545944397,1.5788931282409342,0.5068345944187755,0.21686559482968468,0.27275622822129136,-0.42751047143951876,0.14370981363219038,-0.0677403885157195,0.23191849077776097
10,3,25,22,2.160616728137623,1.7752778632706843,0.15411207569561963,0.06492987664420583,2.3618476671885373,1.7100387189243826,0.44324894042850765,0.1627453155395356,-0.08190515288194558,0.02862194145824206,-0.5211767180004314,0.2062009926511868,2.1739394970353545,1.77796641814855,0.12307462284127096,0.05028808276346829,2.3893583954540545,1.7095163027012088,0.45276807938848174,0.16152525358978584,-0.06449899888612,0.01948683298657075,-0.5332251773655107,0.21074442468018492,1.9213604828240418,1.6262674020707395,0.7284304257882319,0.3291276946866372,1.8098383002383605,1.613164080228906,0.22794787671756467,0.25078955732429187,-0.43642741674127195,0.15018855940359044,-0.24807283388403836,0.27166356482885345
11,7,26,22,1.6719327879228314,0.6842821068658543,0.14310452497610548,0.07958562858915441,1.8990537189703918,0.6058852847168033,0.48990368683853364,0.14515228378167183,-0.08976407660282214,0.040794280401633284,-0.45776509047381503,0.2636721628747599,1.6835946734023077,0.6963931212254868,0.11865128465632736,0.06439704817791655,1.9230052969951144,0.6165809153207465,0.4976345893231123,0.14388239052847368,-0.0745034684907305,0.03466892870695481,-0.46790130343424663,0.26688737769203075,1.5135377830067631,0.5340925738440381,0.5999315126853413,0.3316856356645464,1.4752070306451384,0.4433289995632687,0.321799224763525,0.25192851791333365,-0.3989483202252118,0.15808045133264556,-0.2413652369923106,0.283225128304186
12,3,22,18,2.113884679151966,0.5286905557393345,0.1498370732099453,0.05088553724412267,2.2868293388462635,0.4646143721942259,0.3923810634316674,0.111682350248016,-0.07124083291505613,0.019129589038862152,-0.31746925313783686,0.2997658123455928,2.1273104763516155,0.5366812572650107,0.1340761087186143,0.04090628495472716,2.3062815454121197,0.47271001562531273,0.3963153773458517,0.11076248236315811,-0.06352040950366968,0.014844441994368057,-0.32149683107007293,0.3011754410941571,1.7009987919726477,0.4744541045342766,0.5836329629794175,0.2890498068465014,1.6618617409595127,0.43330754780898223,0.26618858138323637,0.19487694945034445,-0.3422343782546416,0.13687578911102574,-0.15409098195734436,0.30147229737456827
13,3,20,17,1.884215390687191,0.6693583904122075,0.17634666105660662,0.09738371959153158,2.0718602729844338,0.5899223387507017,0.43268104015956244,0.14083462110759595,-0.09279448946773364,0.04154874914134292,-0.436874884405681,0.18565282445174874,1.9017000586678499,0.6979936997809929,0.13808332265064882,0.06772363223233606,2.107519348297727,0.6168631246687529,0.44579984543763773,0.13919083960472528,-0.07184774140923293,0.0247230990287666,-0.45106315473955283,0.18798548666335482,1.546741695236489,0.3680848377855076,0.7365930127787659,0.3151935899272465,1.4027564755474489,0.2905715630427689,0.2040508004831331,0.25156564963712724,-0.4684576666664638,0.1597399318664055,-0.1411206081628734,0.2868397007754658
14,9,28,24,1.9931025170456576,0.9862903122190817,0.17315554099357566,0.0693946022511567,2.1902024970461733,0.8919645397791582,0.4393886581431817,0.18423977636970018,-0.0960716762412862,0.035683761547534276,-0.3782455675618864,0.262805961874268,2.0048366396158857,1.0042449204360007,0.1493838783697227,0.058178920607745876,2.21430094061711,0.9051083690804749,0.44789589515453765,0.18576045455866289,-0.08203951292416257,0.026209995846360423,-0.38779802226576493,0.2633299024888539,1.68729346255628,0.6038456293239454,0.7088124965061349,0.3391476229716018,1.5814519034146037,0.5388132658199735,0.2312781839607668,0.23812447122922514,-0.4282738352548892,0.13920836717795934,-0.2016480033662451,0.37916070551997527
15,1,25,21,1.8996323306941172,0.9079262229873224,0.1569553810305319,0.07065683599977157,2.1061850714800023,0.8228719394210234,0.45333304319019085,0.1630696401260312,-0.08703474568720837,0.030042967147456908,-0.26575462591420046,0.26301899964214015,1.9022147391196176,0.9155008208746057,0.13539981768553802,0.06490266102580299,2.1203974773583356,0.8267354846022874,0.4618411587716425,0.16422017403531394,-0.0741648372337202,0.024820881697640792,-0.274397787610266,0.26482034833587226,1.7648730328999402,0.7599775025864085,0.7161318593001481,0.3198090939690676,1.6652223956418504,0.6952297646680399,0.22657260393646714,0.2613183765699296,-0.42170190388804935,0.12673429603486785,-0.04419006413758723,0.28902678827967426
16,8,22,17,1.6202747866061642,0.692642504008308,0.14908256518993193,0.12698114933705953,1.8549951684182249,0.6003739443433079,0.5008662740970818,0.1667952009121561,-0.0927461143505688,0.06561488852502427,-0.3914360031945945,0.2082755145396746,1.6058877867276025,0.6948168504926255,0.11272664794071102,0.08184069114259741,1.8635496934649824,0.5980717336980701,0.5193674698706966,0.16159632770021296,-0.070174868178765,0.03937843494494649,-0.4163291801036836,0.21822731222358055,1.8184064563296725,0.9619218806795822,0.6900797931476325,0.613736972341964,1.7509088695669652,0.8828498411315551,0.23322859514687486,0.33238308133260014,-0.3755360301344249,0.21686321917242427,-0.02558649340362327,0.22317182225717389
17,6,24,23,2.123182833806357,1.3598742605945195,0.17776706411653911,0.14235304885919423,2.3324336733869946,1.2445344708857975,0.446494662254036,0.21163678533845562,-0.0819128514229455,0.0414112515479179,-0.43102956127298503,0.17974068506089777,2.13138531951483,1.3852140937802455,0.144803525605666,0.1325933566827786,2.3578398703464454,1.2646311603483522,0.45847580388628617,0.21270842302973658,-0.06192683818843969,0.029844932134510005,-0.46606349529802577,0.18856779030398982,1.8922088898539238,0.8461211820429689,0.7682612183958436,0.4740324280837364,1.7928738610788215,0.7335154445266687,0.19914586403745926,0.3160409961765254,-0.40129084481070204,0.17793209291976186,-0.03828578987355038,0.3155768731274801
18,9,15,12,2.0224931206338077,0.9785096366309908,0.168618789694647,0.1062145890524813,2.2239611956065475,0.8665735968895113,0.43520944390916133,0.19453233472537532,-0.08458467401425565,0.044220430861318764,-0.41286612346030943,0.2568653619799231,2.0216352816145764,0.9827845709843406,0.14202172792432494,0.08763986453484558,2.237066725113073,0.8660085173519357,0.4460767830394902,0.19410560320758632,-0.06993112767954315,0.03263135000099456,-0.42469727268692037,0.2536020290133364,2.074722897416135,1.002252656186182,0.8088885391997362,0.5139777359267901,1.9457459134382176,0.947730686260239,0.16055854463687733,0.29405052195399606,-0.4048191232415785,0.19557743193847513,-0.16129311370034152,0.4116909143815727
19,8,28,23,1.8986520412318235,0.6377323142763239,0.17679952245158245,0.07143178928692004,2.080512951530236,0.5714784744931984,0.4271320734539459,0.12784122106485518,-0.09703039200152079,0.03363250906085288,-0.38807001047963097,0.16855674429814962,1.9153245489659338,0.6509960749529883,0.14872072129471986,0.04841478187750923,2.110346486733027,0.5815525824692381,0.4357287970084955,0.1276681145798764,-0.08094142937712737,0.020694624249980188,-0.396178636015213,0.17268387559548617,1.542636999461356,0.4154293306123777,0.6918640343658623,0.2422767415831107,1.4241334796694063,0.3731424207282181,0.23949560421038643,0.17958410374338318,-0.4525364773008966,0.10468324603317279,-0.20464494188519017,0.21893220856408457
20,7,25,20,2.636484711749378,1.5773131794373307,0.1875328761997839,0.1302238685615195,2.8041705820968787,1.4793767761712577,0.36657870536204146,0.2032731276162558,-0.07417065666795815,0.036180178791653264,-0.4075515446342168,0.30686205676001155,2.6617562082651833,1.5927142949595812,0.16682835577998292,0.12110058084039003,2.836826195212002,1.492682083540208,0.37125123684651656,0.20312108365047332,-0.06486547852113991,0.03264669018705825,-0.4171923034249616,0.3087603830174809,2.071878875114455,1.1066076011502484,0.658923809517659,0.30772869148035287,2.0249169910323417,1.0458961470257704,0.23394751129288716,0.22805189601776413,-0.3390667593923261,0.1275538180991108,-0.16169632435234463,0.35794634539555376
21,5,29,23,2.273051178634422,1.0437482733254289,0.15414517424951432,0.06792692288883674,2.45810714111923,0.9481698547957593,0.4043601621533074,0.1768708448253375,-0.07159845450865528,0.0214985478356882,-0.24847335151594374,0.2917850195191859,2.286252172654557,1.0630617982208062,0.1370871598402518,0.06229608980084781,2.4789416288216697,0.9648071619619337,0.40967341192820933,0.1781695934897379,-0.06262471854698175,0.015956058885815548,-0.25424162063760486,0.29677532433341397,1.899068015497152,0.6275970098032374,0.6419197473780609,0.2869682423364405,1.8374290630540366,0.5817565179789199,0.22297618032431826,0.2214954214011464,-0.3490923440547108,0.1465456100620633,-0.08723052988514372,0.23010919484003553
22,6,30,28,2.118502938769529,1.3361226132167192,0.18126279278514257,0.09323078234562109,2.303857125057749,1.263610445396169,0.424866555287803,0.16296371713320723,-0.0914154063877978,0.03643493942461254,-0.42564705406004916,0.223543443213248,2.1243035817720823,1.3481226042778764,0.14924564931878853,0.08167611906085331,2.3257049781609065,1.2712161570315763,0.43647862496630624,0.16323650182182287,-0.07288741441262502,0.025935880332896063,-0.4434504107770854,0.22432917580240688,1.9487157138558762,1.0049675886341922,0.8893348981461433,0.5591205016642683,1.7880891847862221,0.9084970884488652,0.15523046337423355,0.3181869358540276,-0.46254202960542806,0.15924226043841108,-0.07450393068018644,0.33747362660313196
23,9,26,24,1.631422780326641,0.8732235153125945,0.18306181216195733,0.2699539627661521,1.8697035228403172,0.7443989011085279,0.5069504556582027,0.19165220465892344,-0.09342862095760555,0.05363092454596177,-0.380642072759,0.19995638268253288,1.607989178764594,0.8408159002512401,0.1513415900178305,0.20605947676235434,1.8624089550006908,0.7168859305033216,0.5207589914341403,0.18487459298847864,-0.07859590683723883,0.044043899668144856,-0.40954170966858877,0.19873865143922945,2.0488555925460514,1.5101305021076192,0.9763730038870725,1.2194853345768841,1.9331362868509114,1.3299862223221373,0.19055000108864778,0.3155669694590945,-0.4145906281534298,0.1493412409836651,-0.09238327341285248,0.3794149094387222
24,4,21,20,1.8354528890807396,0.833018018827222,0.12973003436424793,0.06424275968629109,2.060314002496818,0.7427510631396433,0.4723558519089561,0.1631777845175054,-0.07248832609505913,0.027152932928854387,-0.3672793233055128,0.21646803220515237,1.8296667673670317,0.8485622312262493,0.10629839271264829,0.047993509465931165,2.068492190355055,0.7545215700790509,0.48378814189012587,0.1641231370933584,-0.05885691336859633,0.016341391487796134,-0.3848974241904612,0.22191737465969139,2.0068131671055602,0.8283770260303018,0.7937885567430565,0.4764307365612564,1.9001935959801752,0.7117893505533254,0.16994675523077613,0.30404903164862623,-0.38285435846709864,0.1525651940150167,-0.030300387518688486,0.2690276239089015
25,7,27,18,1.7882792480167242,0.6653720587185947,0.13548928495998508,0.06262425852417214,2.008380129728573,0.5761877341624422,0.4682841909281096,0.14757787011749407,-0.07581252863254946,0.020447866773901063,-0.3588850165987335,0.2544288190982458,1.8068060212053962,0.6707006837721164,0.1189452722462745,0.057546445412644205,2.032945336458772,0.5827050259235997,0.47087004649065706,0.1459793853555606,-0.06636756329493544,0.021224068623695486,-0.3665542597163449,0.2590350396713851,1.4149432894404828,0.5531348567237838,0.5473709245149055,0.2842347110196155,1.4236947466193048,0.42635045913526426,0.3698718990013036,0.2384882636573986,-0.37533492038462973,0.11036428461880142,-0.14117337762045462,0.24920973509130961
26,6,27,23,1.4090007983005566,0.5062222468918979,0.13725573089350032,0.08175391063508528,1.6730367010759648,0.4056914622947736,0.5485452354326084,0.1489890029897858,-0.09404239165612738,0.03379321415149227,-0.38170575978690774,0.1593610250681119,1.4080415423256554,0.509596398653149,0.11362076943821614,0.06272629646894773,1.6860783727556674,0.41085456118956953,0.5582446353916158,0.144923850887927,-0.07796587467981314,0.023757458064762982,-0.39335953193119905,0.16361450834426877,1.4398130155117628,0.5542242326108714,0.6381482475195495,0.39214447864049273,1.3918818439248581,0.4014821499676443,0.3178942027512972,0.28771386806257837,-0.4217050185081885,0.1355397209446028,-0.14927720040620882,0.23869911604314276
27,3,24,21,1.7728033779753731,0.7844148045128106,0.13790517523563234,0.07356566602875642,2.0050426714735217,0.6748867830607701,0.48211645999934083,0.17802627282526806,-0.07691452208422878,0.025478522592138102,-0.31198423955218174,0.23378016943342345,1.7851729944321868,0.7979744217207952,0.11808522691102148,0.06392659019903436,2.0270493881538236,0.6867498671506558,0.4877605371285087,0.1774244551315828,-0.0641002449692077,0.02109699829834656,-0.31765801497180085,0.24353103114789196,1.4944445991318762,0.4993596447505449,0.5928347360754143,0.2543203794433165,1.4582410969124133,0.40885606267918967,0.3145779294152721,0.22717597636786196,-0.39537839094533106,0.1252708095176056,-0.2190644183415558,0.20050565537222967
28,1,16,16,1.213997242555971,0.673432787932656,0.1131555954906819,0.0819416072420904,1.5571481409200034,0.5142606519944567,0.6272110703174218,0.20341005073311902,-0.08795200374277895,0.05182174944010084,-0.3894354620681917,0.23094572609732553,1.1823970334914802,0.6832124934439999,0.08319245965017062,0.06875087438638182,1.55534264619372,0.5165967417029398,0.6490633451700434,0.20434432595461108,-0.062109858030325135,0.04068823229551056,-0.4724536027573143,0.2740821603568977,1.6842682986325945,0.7701040462883837,0.7688327170994063,0.4603693066795549,1.598572853442955,0.5653582309336455,0.22098313151124901,0.3537084037264324,-0.4233501210075231,0.16525601984670155,-0.007867996051322521,0.36039756473391804
29,9,22,18,1.392482588701917,0.5918440530564695,0.10651043114387938,0.06636093409319489,1.6824944501416506,0.49039595945135483,0.57289618874518,0.16138358655220847,-0.08121284415512457,0.05023296474816394,-0.4580522947757481,0.18926851206050396,1.3826900195434104,0.6002205396447875,0.08399572772401119,0.05666850455258598,1.6911120227811274,0.488590126982879,0.5850539754326759,0.16540354310515487,-0.06140232383792317,0.03372521332833653,-0.4817498286130823,0.18900305024451458,1.5488985717929176,0.6243709664841631,0.598146334060388,0.30003735314310814,1.506008757907911,0.566976921350972,0.3146624572265941,0.2479843445435201,-0.4003731774259395,0.16282594394638772,-0.20226812698803484,0.46053275659940685
30,1,25,25,1.50113298458989,0.6881733286682078,0.15276294632264986,0.10676390847074681,1.7599581916297675,0.5637123390110138,0.5349205904256331,0.19167069229918451,-0.0984318905140733,0.050780763459949474,-0.3937189096006514,0.18723562549854275,1.4878902267855656,0.6881839088395987,0.12360312952055481,0.09369193427245535,1.7660464783523073,0.5611967425484611,0.5494557793341002,0.189493625080839,-0.07828369028187955,0.045402637320178255,-0.42914256144887836,0.19700282727462096,1.6967207970246445,0.9541870400155079,0.7790552889225728,0.6875471035455045,1.611849467989197,0.7884228501748377,0.25152258319045834,0.3405571161301445,-0.43105700422142734,0.15233547156979513,-0.0751482886789446,0.39508838195422524
31,0,22,19,2.1133703859620634,1.4073552464692123,0.13956711599602523,0.0691845716640012,2.3367921518012182,1.3016268516669078,0.45793231249465927,0.20125403885007948,-0.07566839402388639,0.03182149012827576,-0.38957901507759635,0.239362885109916,2.135928292674326,1.4491089551902965,0.11630454648580102,0.06051131496078881,2.3708128336855503,1.339730746437334,0.46480605044163303,0.20271747556875555,-0.06085912368823871,0.0207759597940783,-0.3977920315898894,0.24389407251443715,1.5815044935028213,0.6463484853894403,0.5636461032602698,0.26375934583347355,1.5602859522510437,0.5951901555413835,0.3165475618612735,0.2349811853481624,-0.3839278785668775,0.16336142475883236,-0.17133825999563637,0.23966291188796607
32,1,17,15,1.7950556374705489,1.623176421780862,0.14134335308807355,0.059483239759625876,2.0411248651644582,1.5472178979567222,0.5176806184866534,0.17320640378544808,-0.09244555908421602,0.029118283166982013,-0.35876700255236504,0.2645304566185803,1.789209000101864,1.6445695114337764,0.11225422006814866,0.04959673023756959,2.055526410118396,1.5622591605944638,0.532198596453458,0.17820657625822137,-0.07203981956815765,0.019669067138214504,-0.37609038218151813,0.26940021582250945,1.745697118887438,1.0365639910426059,0.7758574569395701,0.34460428841273083,1.6020065386719824,0.9996828923612566,0.20571042706584397,0.2375910797001025,-0.46716717917111455,0.13621526667076708,-0.16482019470088635,0.36778079319413653
33,5,20,17,2.264055904001245,1.2834785959816555,0.14895095198425234,0.07002858526874908,2.4564197576045625,1.196046402738789,0.4179808545984911,0.17750209766137315,-0.07318271826532577,0.027940063231291935,-0.496633825476544,0.13968657879046228,2.2741086576748457,1.2948398002507848,0.1277057633915385,0.0552041025006732,2.4759655968649126,1.2046107149602354,0.4248146000157996,0.1774942749186309,-0.06221818674516658,0.020824798549441106,-0.5101540358732334,0.136586047335718,2.002399840351356,1.1546410536983616,0.6514947706064549,0.2950392422339872,1.9452949202583554,1.1187302083822896,0.23633828425687922,0.22691584633090417,-0.35226338819618397,0.12516086620353623,-0.18132635335290292,0.3096501082297568
34,2,19,17,2.2443870246976534,1.734889335112468,0.1478073103388363,0.09299558215399034,2.4688425885350416,1.6237843093225874,0.4522693285349683,0.2213241225075325,-0.07116898373912196,0.02953647778893713,-0.5360762575039465,0.20784928133651423,2.2437333037417115,1.7481271832551497,0.11920206633059915,0.08513036532119606,2.4833694012148446,1.6322188835234754,0.4634096577392838,0.2211875032829456,-0.0543089578880515,0.024611299186614508,-0.5639667876681663,0.21464797779066994,2.1249556276592982,1.2734466993455484,0.8344051828835513,0.625300537810225,2.026922659382289,1.159885005360714,0.18550266980769273,0.3665201602693587,-0.4012002517446868,0.18567765821875715,-0.15114611660287133,0.3525767037122002
35,2,28,23,2.6128139674736146,1.577341514299189,0.13751108995746758,0.060676533648368294,2.7839480810138832,1.5106484415975736,0.37460445893915406,0.15036671606408705,-0.0578715969613674,0.024581238250733096,-0.5248175352453951,0.25955618235309635,2.6281013116679763,1.5881645120672179,0.1181995239607034,0.055478001552614245,2.807027176036121,1.5184353650983338,0.3799084745523862,0.1516261582524384,-0.048253145259869575,0.019183050683326756,-0.5326853916691111,0.2606498137394854,2.220843506788337,1.345485193654509,0.6019986441949793,0.3014887947379727,2.1756911061510147,1.3433704357212028,0.22551494648724188,0.18944326874942938,-0.31265945163425635,0.1509166172216215,-0.29887616813855206,0.29373615002632697
36,9,27,24,2.0060301535094744,1.366786228916449,0.1813035627046792,0.08597165636840594,2.1855955469674075,1.3222680442876018,0.4280753870047623,0.12657712800740495,-0.10151332927215446,0.05023322235614578,-0.42331164056593484,0.2215592307290114,2.0233689280451865,1.3731059817985518,0.1462087372948038,0.06729826664538313,2.2197028162264254,1.3248085822539788,0.438796103911643,0.12487912379987345,-0.08035464519904333,0.03816633555361541,-0.43971266074829807,0.22952515296887,1.7676829172812605,0.999807419152316,0.7265042567743406,0.3778746248864316,1.6467424466558869,0.9787786061303259,0.22189375933170602,0.2433904378664846,-0.44082084565027047,0.17002593871821298,-0.18274894390367738,0.26209196288026365
37,3,18,16,2.0876752920397084,1.2831788417859744,0.1611358299353703,0.09636167325835983,2.290160781780954,1.1939641344728777,0.44211953608617116,0.17975338082161887,-0.08183890706780707,0.04285717964282036,-0.4805726500095521,0.15742155322313048,2.0963999424904025,1.2983036031001869,0.11520492642113106,0.07221272467231744,2.3222515271100925,1.2015779077624205,0.45924612740733245,0.18021121868145928,-0.055579039337489915,0.020243155294544044,-0.5081630656224335,0.16881857302646236,1.9043085428394124,0.81216670487352,0.8875008279017376,0.504017243707375,1.7264491128979498,0.7230320872062415,0.12251273253334041,0.30858013948701857,-0.46171162033582064,0.17478186533038956,-0.11592415597441298,0.3124319942740223
38,7,25,22,1.5637148463736934,0.920848408324669,0.15017195808605494,0.14802426456201337,1.8271074078723872,0.8040146945594268,0.5394920645515808,0.18835515263771338,-0.0892333022413125,0.03556935488194874,-0.32821637336383264,0.25130986664822524,1.5577039534940795,0.9348767104534067,0.12156861269500836,0.13056438173193696,1.8395651526692378,0.8154364343687933,0.5525083614148201,0.18865147441717048,-0.06936061640330403,0.025062968560070894,-0.342186724252905,0.25290034693339736,1.7111508862104956,0.8499056595190554,0.7861279083180649,0.44587651434204273,1.5941383966941711,0.7274028829696657,0.22611137840801238,0.3056734633653284,-0.4548809012372273,0.14206210625055185,-0.07950144450478647,0.36381912385151755
39,9,22,19,1.9626129805172057,0.74278790655832,0.1655199781183192,0.07851891266726607,2.152872431604927,0.6574594832813303,0.4271058361816628,0.15109312479883916,-0.08439877974380612,0.027219699340346896,-0.35832905125294734,0.2551850868399974,1.9750148315291953,0.7495942325895533,0.14080497799860384,0.0675955262418598,2.1768151385030943,0.6608728130015361,0.43463638680010486,0.15142586816086653,-0.07018995025443553,0.018815728332184912,-0.36350289114802664,0.2585255901556787,1.7126961712594555,0.6677960287533481,0.6963296832117103,0.32229045619667473,1.6025491826259886,0.6458693155295216,0.22293252949702483,0.20293224250094663,-0.4229863804736011,0.15061309186108557,-0.2284292447518035,0.23449515873917998
40,0,26,19,1.7765879904642614,0.6946898276296289,0.12871558364403157,0.055480550542940925,2.002347202999816,0.6063092704589381,0.4762308538955415,0.15016147448653605,-0.07306304692479654,0.019025402889856588,-0.43401110513590724,0.18163130512657694,1.7801225400815677,0.7031038788617607,0.10954197650251088,0.05151151740388942,2.0157921289085112,0.613304848960233,0.4833361519491058,0.1500534264643396,-0.06162412866375173,0.016402199295585836,-0.4453395154986867,0.18532858342260186,1.640507991214735,0.5828963672898351,0.6992454325249783,0.3945001291772156,1.5581428387450573,0.446467616602161,0.25161224605914734,0.2700485821737559,-0.4146119717690712,0.1349600655472448,-0.17522404523756163,0.2768474647287532
41,1,27,24,1.8388529726254208,1.7290653181280342,0.15173616823564368,0.09685454957676724,2.087536008504239,1.6428642280056631,0.5107842771629586,0.19363118767596388,-0.09016907207697386,0.03514784924266845,-0.4236279626797791,0.24001219436456248,1.8521726304577015,1.7548089261796787,0.1229715252626583,0.08417901417337129,2.1167672387631136,1.6648911806602238,0.5203909207739704,0.19442782761609356,-0.07009056445444248,0.022129460418725728,-0.4377901635691477,0.2461566510314446,1.5188656631884216,0.9572777254895621,0.6584718539248968,0.40692104067421525,1.4635861482004653,0.8708940113805721,0.3159724010853621,0.27336101493641113,-0.4356325706400928,0.14838241785565637,-0.1647670425746929,0.2880442175916442
42,9,32,26,2.4273277929628643,2.384023317281816,0.15042018857912692,0.09095664692062069,2.63111763586367,2.3110964918990833,0.4351026039823044,0.1857217412801184,-0.07412740939853127,0.027338616914047625,-0.3190097452271566,0.26148968905988634,2.4371344945174096,2.4044700821862,0.12418201393471841,0.07965064804872561,2.6536098916331192,2.3280439633445806,0.44420895733532584,0.1868025581841554,-0.0597648930788398,0.01653008798174316,-0.32716091383853063,0.2684457426261343,2.1306603145656506,1.6652817357541285,0.7543496553667036,0.4145231461952347,2.018248445762469,1.6521154951591963,0.18662585491475953,0.22943531906140138,-0.39858409414462315,0.15643914713367826,-0.12837235391704988,0.22321016152030973
43,9,24,21,1.7629710924793105,0.9244867321082487,0.13726770920064313,0.0874213593146886,2.006313677955691,0.8090582668888268,0.4938507841459234,0.1864929464540159,-0.08000197182631073,0.03241956257632255,-0.43700838641286605,0.3275533361328887,1.7581464524687778,0.9377564950439005,0.10962174906187529,0.07631343347646699,2.0187808179763027,0.8166350262345335,0.506612109805506,0.1878636361944678,-0.06145452336428912,0.0225028857897587,-0.45553292916893967,0.33397429043276744,1.7589830694126458,0.6218999353551529,0.8071635897647815,0.3884117109820689,1.6206883804365226,0.48315051033828776,0.1690471763885074,0.2877553302935084,-0.44774060224209333,0.1466786744139825,-0.19445264408936813,0.4047143297733633
44,2,32,26,1.7486130513188218,0.8884791908222548,0.12298638399947337,0.06609466668858553,2.00506912057468,0.7576529646130589,0.5022390115192691,0.1989055441739388,-0.07232771315209445,0.023945919826404746,-0.4964460808686695,0.2120754634116994,1.7660059462246975,0.901064461209729,0.10234517024051108,0.053371203007315744,2.031620457282796,0.7691803635539092,0.5069664901094961,0.19792658638375943,-0.05970376238702227,0.019082952111213455,-0.510438335664567,0.21798992780284607,1.399236026359348,0.6149092838730065,0.5054509926576148,0.3337402148288483,1.453294709007725,0.4557207333066809,0.39651882873381133,0.27423674891877364,-0.3416644970397078,0.13821587880122327,-0.20182913090345542,0.22569053753565327
45,1,34,27,1.6083693881391496,1.4187587668161767,0.14517064871081023,0.10773394145433544,1.8751433551537768,1.336625793220349,0.5463314261209524,0.18399067650165776,-0.09148170011451506,0.036973802840745265,-0.33005535173548,0.20112133236445234,1.6125385504163126,1.466705783933304,0.12123386512418476,0.10229223728380342,1.8949454791845137,1.3824469464221327,0.5569225167212002,0.18433366872341037,-0.0739948524888094,0.03565607594502727,-0.3521022817524596,0.21026925849675274,1.5854936501699266,0.6607149957322607,0.7127949902393148,0.42694010399311677,1.4868195770803698,0.5571372490578429,0.2577889267916301,0.26259166269588785,-0.4446420345942162,0.13224700504428355,-0.009901980341655696,0.32441804592715195
46,0,25,22,1.6042598685441605,0.9249635751540012,0.1452296695197053,0.09556716949675664,1.8735194353401168,0.7869049483623549,0.5289551728343433,0.20528087713503976,-0.08669168108377534,0.03438559700783337,-0.34976630746695725,0.2212194297297216,1.6009788415731014,0.9377699590353851,0.1260452486331051,0.09065664667361661,1.8840295291368228,0.7943232722087287,0.5378623940207126,0.20660321028847983,-0.07254119570052422,0.029653565598762227,-0.3756405388439099,0.231833657978696,1.5919825318978702,0.7171905288707074,0.7212749248808025,0.4104093496129115,1.5217121038500894,0.5303679643741176,0.2632826776548336,0.32013565368818897,-0.42529111844487205,0.1437519562773083,-0.004001141652502316,0.3297424584441167
47,3,17,17,2.041111098911309,1.4602854483937928,0.1782545803487075,0.20844453900019883,2.258855631917358,1.3495665855248262,0.46514484573005377,0.201637582653,-0.08376382822038544,0.03593635466658426,-0.29486026245585384,0.22365079452591236,2.054711416269221,1.4848861707962602,0.16046709812999319,0.19468193770097453,2.280277948222556,1.3738455360085249,0.47037110207623567,0.19999421471785248,-0.07412926907317474,0.03032369216819647,-0.30162307633975566,0.22626682018304192,1.702014193288122,0.9979352352300118,0.6502353336728702,0.4462548468999342,1.6646988192415313,0.9000592703300431,0.29541070107478506,0.3190419668405109,-0.3881162439887271,0.18146174245931232,-0.0927469959978938,0.2514753156941302
48,3,21,19,2.0508957792572167,1.0538222530534698,0.14219955090822187,0.08829344257318918,2.2645302638550002,0.9454640522315483,0.44677922920659974,0.19157820668154935,-0.07068057917918082,0.033434968938661734,-0.4758292368551717,0.21743638370227925,2.0685749412011454,1.0595131161470108,0.11128437902799429,0.06706889152088578,2.2956919621033696,0.9476874929738315,0.45547746545412543,0.18981996739876167,-0.05362938297535767,0.019863329884179652,-0.4927459038400326,0.22254447437595853,1.7874417640115172,1.0080379445651761,0.7402494727842877,0.581770422161734,1.712848706549364,0.8864360329972507,0.24810037229876705,0.28777783426682607,-0.3989053943452719,0.15974611473298858,-0.12458723114029138,0.3002601680044085
49,8,31,27,2.012835111447743,0.814811759050547,0.17952444107124946,0.09996127157602817,2.1927981140291157,0.7376634474688699,0.4162051152409636,0.14952326983828682,-0.09018309768875844,0.03856360764876659,-0.2870543269265134,0.25589690573704826,2.0133893706874946,0.819857861816323,0.15460698964863628,0.0867590906921963,2.2059010834504336,0.7393516585437889,0.42581798153712136,0.14886739690654302,-0.07620745144997622,0.029368686244448727,-0.2964365266880269,0.2601448890495261,1.9676669134427967,0.8082055231883251,0.8427899017248655,0.5259112593563611,1.8275326499787268,0.7030854255213723,0.15766264393079402,0.2859825763291988,-0.42544574399321433,0.149524627880356,-0.07436255145245427,0.31454287849498
50,5,30,27,2.1228895126456253,0.9924159626361433,0.15905313488750672,0.06633102269780035,2.304408259852304,0.9267942408411236,0.41387851895828015,0.14655491702980153,-0.08396133546422564,0.04318743050950085,-0.423251566131674,0.2593662528753255,2.1363054804563477,0.9997628161800751,0.13495754292857864,0.050250186355422874,2.3296075841583965,0.9283036191088431,0.42146791319043847,0.14865349183281396,-0.06952999731491424,0.029636101347688258,-0.4316867497125768,0.2635459659993076,1.7736042176064286,0.7213316790006963,0.6450464408217886,0.2480570570522699,1.6978451342898389,0.7016308715924853,0.24998711523298314,0.19303362745913272,-0.38953729431883116,0.13895034527891528,-0.2102112359516082,0.24113186339319448
51,5,21,20,2.012953030251258,1.0880676644307108,0.15460872304820425,0.12255333379907749,2.23266756222172,0.9642339732892002,0.45497867226136274,0.20689390298881427,-0.0711685644720774,0.036152322503941486,-0.5550286300434566,0.2180173820437319,2.021241300450773,1.098312637156914,0.1260154883717721,0.10892277074935319,2.2543328290237006,0.9722283724943729,0.4645544085400713,0.20552783408755035,-0.05562800304595862,0.030542316741002294,-0.5725482379900961,0.22299774403186828,1.7920652840292666,0.7903213090207493,0.742565680818045,0.43812345057346147,1.6954854858653232,0.6847540710321773,0.21631234888419174,0.2751003019870445,-0.40696914971502246,0.14738339552584703,-0.18329380553555571,0.3165358302028651
52,2,30,26,1.9669168890482842,0.8639480216129799,0.13927413698201235,0.08536183503399913,2.1815196467369415,0.7561552816729522,0.44756774024958756,0.1749786641768151,-0.07081925957748648,0.029978265167313167,-0.35244254512261414,0.24047796284974524,1.972507619786706,0.8767974928044691,0.116373830989563,0.06930032636314945,2.198348358123949,0.7668461110702569,0.45543902671216047,0.1750423468249841,-0.05742235677736886,0.018006616263634832,-0.3683605462125476,0.25136155514518266,1.6926096542952473,0.8231917546778776,0.6897332387836596,0.5601679482080718,1.662671629619413,0.6237046097142762,0.2836039325381423,0.3248435769319057,-0.3756131476339915,0.13062051835014915,-0.06444800610361505,0.2587664268562346
53,5,27,23,1.7379591217192256,0.8967308772285337,0.14426996166268002,0.0960096126570063,1.9884811136046365,0.7572905588167309,0.5028905160711097,0.21741520676557105,-0.08114444298141973,0.03466547825652055,-0.5026136820964124,0.18202940006643323,1.7371146559865356,0.9082787627239077,0.12051384914468334,0.07864446535848114,2.001162993652924,0.7668657046466685,0.5130591977989957,0.21605135050965754,-0.06690457687214564,0.025024616301850718,-0.5195137913249769,0.18429657840272767,1.6879681928359995,0.7178782386006417,0.7090442522879149,0.4670174520077758,1.619872980679931,0.5613304449525602,0.24853867096702373,0.3419572540976928,-0.40432049798283837,0.16860952875548674,-0.20245371721080244,0.3105043240369468
54,5,29,25,1.8979090164212016,0.9011217905832631,0.15816934373498354,0.06672486094614699,2.1028043459232966,0.8192037628265136,0.4513614420488306,0.16120038222886776,-0.08682805566259398,0.02467014993044263,-0.2959589601381522,0.21103986800104738,1.901922316916571,0.9129645421092561,0.13884225334030237,0.061402152688083925,2.1168941724136343,0.8287518099903894,0.45880540398128294,0.16163108662445935,-0.07548433440759243,0.0209958163070692,-0.3045753474769065,0.21303776951802908,1.7441847821106644,0.7246924934617774,0.7258511428500151,0.38437605922501755,1.6559092880440456,0.6068023958834806,0.23346709775443902,0.2719362689175913,-0.412465163708767,0.12224710107363716,-0.06010235308699487,0.2560133402636301
55,3,21,19,2.333663092440542,1.067574817698693,0.14149705354402364,0.07260105947045394,2.5230378924853385,0.9627297448107123,0.399175271423396,0.18188857381056667,-0.06199333463059015,0.01848696316782556,-0.48128984140909586,0.1711698867074523,2.3450110249926333,1.0723052925451078,0.12221058166406802,0.06860915519837814,2.5418367706889677,0.9660466260928691,0.4039855414309213,0.18087205945807205,-0.0518065572907353,0.017473358975461734,-0.4937975530728782,0.17914837181143572,2.0250120614832876,0.9056031206834825,0.6825646912319426,0.3266513658599031,1.973491793498654,0.8081060252647563,0.22417312771840087,0.24735847502719663,-0.3452271386765287,0.09425116138328452,-0.16044892851645196,0.22526183688578902
56,3,18,18,2.320867139709109,1.1433256615512777,0.14469177078152248,0.06534095709373713,2.5187036610643405,1.0226665711844305,0.40344707517605777,0.19569451972130755,-0.06541107809976156,0.024759786942125696,-0.414514560498425,0.20519630777869935,2.3287514361251977,1.1615260421404405,0.1269971045767422,0.05921164074624373,2.535234359926973,1.037122454797545,0.40961148201666375,0.19703483679128214,-0.055811776995868714,0.021455367376252435,-0.4264458599558984,0.21714581234201405,1.9310810521325097,0.5768784804766725,0.737221478623549,0.3221044130899202,1.8305395729044247,0.480503184628127,0.1734828633626338,0.23913189939901586,-0.3820437330704543,0.13183614304552488,-0.16856558381667416,0.23502633290803673
57,4,25,25,1.7701286557070248,0.7555742717324537,0.15180770973171684,0.10063048203534143,1.9967272447583448,0.638093783007237,0.47527877306490723,0.17913106535409626,-0.08158373923290617,0.02957502009744035,-0.46844051162726386,0.12533712921406187,1.772023966792927,0.7829877279116715,0.12354802103082524,0.0912327697148413,2.0143589433750164,0.6644843979500215,0.48771934234424763,0.17863566683521379,-0.06509177169458095,0.022335429127459755,-0.4953562730491414,0.12551555624747046,1.7768933917280822,0.6379178869839385,0.8053277126033004,0.4080718435586678,1.6494600496302823,0.4750415609512797,0.17214671776855664,0.29270647483495316,-0.4299318821390598,0.12711323723533705,-0.06706781023161636,0.32046605367097347
58,7,25,21,1.5218342666663653,0.6758409806843031,0.13479548774049846,0.07644711815831735,1.7825553412342359,0.5658470834480452,0.5322775805106013,0.16649100130049935,-0.08902566310533365,0.030977050947755776,-0.3480533841324614,0.2117513503026698,1.521125304406702,0.6808799427712205,0.12097223923787148,0.07082709066999243,1.7907154867681416,0.56850439311446,0.538100669037678,0.16669958990720438,-0.07880188589347797,0.02632148506140744,-0.3616066905267836,0.21979109600634944,1.5550888694990952,0.6071098555616092,0.5764591771826759,0.29492425251535725,1.5502606138776653,0.4742473728834453,0.32854851447999633,0.2510411681918144,-0.37044754905206384,0.11291226311395881,-0.07174603651746267,0.24619506146170636
59,3,28,25,1.6901621595179404,0.612943141664112,0.1262424519484154,0.05605455800394775,1.922249758377563,0.530520897585485,0.4892593789736645,0.14031892219165265,-0.0764546389366274,0.028678275038771715,-0.35586489842821634,0.20365269603599084,1.6945337267103486,0.624940691274657,0.10659179243178321,0.04855239051650257,1.9378962993899902,0.5383033216009953,0.4968693326000599,0.14234686475392355,-0.0634234830761073,0.02333322588676715,-0.3653783241907092,0.21057438600065673,1.5720946027627247,0.3838663765569331,0.614014416231161,0.2668631923987288,1.5062810053904105,0.3478242209611047,0.26975221750756306,0.20291645729134813,-0.39360700662302234,0.1440552056409447,-0.15425340120231384,0.1860998423872258
60,8,29,25,1.7439817726523141,0.9363999483252673,0.1676909669651528,0.08360656476681434,1.966827627979721,0.8418594158261052,0.48195705261098015,0.17567462942210235,-0.10074299704291899,0.03888374866893165,-0.44294143646077905,0.22179010135641422,1.7450851853123448,0.9562835789847469,0.13986845882804924,0.07131867057657486,1.9841958526550245,0.8584330796827011,0.49394686152807565,0.1760750568300159,-0.08310261968195369,0.029258871730925888,-0.4585068935292796,0.22170492798250338,1.7602486742870145,0.7227946286097666,0.8095460202405341,0.445548887254836,1.632211294167844,0.5754165515711607,0.19088551745126245,0.3021594142239643,-0.44991319982043654,0.13428278518419712,-0.15925298595842646,0.3361270313919499
61,8,22,21,2.1846400710301332,1.8400972558951179,0.19675965089881658,0.2373414611937409,2.407342854706578,1.7175487671779284,0.46866808688726086,0.23995294429325995,-0.08833122216699628,0.045957077992681054,-0.4459130674916278,0.17785903751710305,2.1773805349261,1.8699349507670402,0.15821426520602977,0.20647371523746358,2.42227048524534,1.74147420617816,0.4861996727181692,0.24142591700753668,-0.0666347257758426,0.03721361457851477,-0.48197501274086463,0.1795322494760072,2.159539876322631,1.1543383303312338,0.9500091149505571,0.6490447703989014,1.9790550060298246,1.0826558669510282,0.10565126613248554,0.3125564146914349,-0.45199181701071134,0.16541967664472912,-0.021952574736109728,0.4142829626520537
62,6,33,26,2.168342115159912,1.5432898417431757,0.14586472740328676,0.09689056735351695,2.3987746643033874,1.423673869500711,0.4543048155390047,0.22869946630988916,-0.0705342830467354,0.02943410183944318,-0.4954265247451332,0.2288420539382413,2.1869433584065656,1.5611276953426827,0.11863535363869826,0.08377651945067732,2.4287807473724548,1.439634203358441,0.46199975883249755,0.22682031692913027,-0.05729085416893459,0.025870806341440372,-0.5111019347077123,0.22836251950544073,1.8399673239600334,0.9797841843412084,0.6747947958441338,0.4144956358547045,1.7872029985518287,0.8926526540778963,0.2515622123022337,0.29773416113504453,-0.37328461160147974,0.15968988882857607,-0.14292570461530535,0.32006876791788363
63,5,26,19,2.33873496188387,1.4410976353651581,0.15583449181465683,0.07976165723927474,2.5157669047903295,1.3779871836173199,0.3981708920007835,0.1518945656832862,-0.07463463836897413,0.04088170013981386,-0.4227485445652882,0.2679805895447592,2.3476489493356967,1.460047398422462,0.13088255290325707,0.06425570887907128,2.536261436586095,1.3933734425962516,0.4070748091103336,0.15211072231430142,-0.06170722804149632,0.02989779335232634,-0.4338992256401874,0.2724945352992852,2.0078904325938454,0.9018577231768241,0.6903372349231857,0.3280127513583968,1.928680052857767,0.8612408701555974,0.21265394590850087,0.2400753759364838,-0.3684763657861048,0.15747015412498144,-0.13170133250915222,0.24317913401451835
64,5,24,21,1.9238014657545586,0.975361510373517,0.136234984477455,0.0754532501016856,2.1493645579952627,0.8670582524720957,0.46315840824733684,0.1875860679655756,-0.07491435740842052,0.02949486905622379,-0.37625229907916014,0.24072919741221893,1.9280290140674154,0.988059130729714,0.11089160166831297,0.06480935522927202,2.1685307605405604,0.8719216114856649,0.47271451885280086,0.19004014825176743,-0.05845136972676823,0.023902586955002695,-0.39532113389124274,0.2495063260180436,1.7622472582736244,0.9619796697236247,0.7032277271347379,0.4377931238414447,1.683622135397404,0.8854315368153224,0.24654133749647744,0.2794054140969812,-0.4069867221873209,0.13431608466882894,-0.06939100748009741,0.3077785788026559
65,8,19,18,3.3608610210903236,3.54441720612705,0.16240474700348964,0.06239302841857822,3.5228011124956513,3.4783506860220808,0.3626983277897571,0.18664308189413065,-0.07009698569806157,0.042667115374010765,-0.4016712984824504,0.20653690894690446,3.3763184849560552,3.5731940053992193,0.14880452484175843,0.05769353565090798,3.5443519431259602,3.5045139598857222,0.3669392467776433,0.1884512203066182,-0.06305963613371719,0.0358848583154758,-0.4095051458058673,0.2051684919556474,2.7005058929032573,2.3174143534268703,0.6046616889377905,0.28688025856939176,2.660319592408919,2.31880508047032,0.2179074998816064,0.20090407459935675,-0.2975434046620355,0.1565618121650446,-0.1966512830195407,0.366913155510076
66,9,34,29,1.685185833338991,0.5228825952306815,0.1506698261174238,0.06216523049226253,1.8977393194927734,0.456724398426566,0.4731958016373076,0.11953033670450394,-0.09135915592044061,0.032281015475390314,-0.31473707281087204,0.22219371153985096,1.693096581184262,0.5322584638841275,0.13090148746330477,0.05071009641207119,1.9158028292976108,0.4645276851636569,0.47972962271320263,0.11911061472999437,-0.07883861239514475,0.025346195914416413,-0.32060896727312493,0.22528923045811694,1.5274898173741212,0.4504044002142682,0.642745626699898,0.25181965191071665,1.443990100708137,0.40541098936276343,0.2775937827666719,0.19214938357070419,-0.4284615152759611,0.12490153693270861,-0.1584605671680022,0.26239532569436774
67,0,30,25,1.8613360001085757,1.0109060561937309,0.11600391153176869,0.07715323023354642,2.1123574851810694,0.8857354763174428,0.48920736325944125,0.1991233437453381,-0.06258068653423812,0.023377766578909383,-0.34411533996321675,0.2545451898318802,1.8765410583768074,1.0147618520816817,0.10061373770407393,0.07085077823972757,2.133466112557779,0.888965755534001,0.4918008452112072,0.19778517499587403,-0.05327277716076777,0.022581546282442577,-0.3531285865582131,0.2588771226233085,1.5748186548001695,0.8482562789215294,0.5300389953114095,0.403975183631343,1.6306098986327973,0.6873045209881492,0.378733673801092,0.30007813314946136,-0.3273733332309913,0.1344643473215578,-0.09688007484537618,0.26429427487434776
68,4,20,19,2.223484493929303,0.7538677423115964,0.18325935538345078,0.07456371944790591,2.3771253423068375,0.7007818449006186,0.37087909611752257,0.10636543654625111,-0.0836975055377682,0.02455661910371636,-0.3642979400457452,0.2685396558946438,2.245070766945397,0.768473060594628,0.15314885344655588,0.06802484143365851,2.4102918299204616,0.7149248309216754,0.3789725516550025,0.10479051591998004,-0.06943610562328881,0.02168324206843055,-0.371894466893938,0.27212005966849573,1.770177281817346,0.5422223882884996,0.8272585198200663,0.4034001492729458,1.6081699118119972,0.42563261381732154,0.15565725694779511,0.24942663813570518,-0.4574071204517562,0.12035394597841817,-0.14246804614240413,0.30137828059144695
69,0,32,28,1.705219131957287,0.9629772329135127,0.14369006540904344,0.07149461999100108,1.9364007585078051,0.8910105894279624,0.4972350551191487,0.15582886927090775,-0.09190265990009527,0.0364883593364097,-0.396482892745046,0.2410770734223813,1.7134781359681777,0.9736042298341038,0.11892406992185214,0.0547175858233694,1.9576809115429485,0.8995642184517231,0.505755926792315,0.15379957339416375,-0.07585282286916098,0.029498584717038794,-0.40442916292037956,0.2435752571326975,1.4622581394884384,0.5959228074654054,0.6370066471994592,0.3057652226940746,1.3953696420634472,0.5192108171112175,0.313005898473552,0.2433713133637372,-0.4473321052777566,0.11772695990035685,-0.23632980865597006,0.3095417113251669
70,7,28,25,2.6481839902880933,1.6622374713095354,0.1438251670645677,0.08739960834563895,2.8329498191372418,1.5657368193461845,0.39051034211491936,0.1978568113819581,-0.061071484413572144,0.030435548106817735,-0.5126572359787872,0.23399261582826944,2.667226954097283,1.681390926916816,0.1235606897161239,0.07333393401379834,2.8596137822497325,1.582771601495637,0.39563096766028,0.19784507809924115,-0.05132931363814391,0.024561272971284825,-0.5238965081725576,0.23675534315894017,2.2725001605095785,1.3921006170241104,0.5667465849289125,0.2925655017501246,2.2671840928680105,1.3507530711635873,0.2574787484759629,0.23774289904884596,-0.2877225455242493,0.15112255005455988,-0.22199589299159567,0.3223707740859703
71,6,19,16,1.5763875560871963,0.7461858670174851,0.13841950375019235,0.08420593821534983,1.8324886423680724,0.6313573590122029,0.5231900273434605,0.18024069915082802,-0.08598281558897652,0.02977718380860567,-0.36956898575533614,0.186960010307434,1.575222034830383,0.7511285656730837,0.11267112234524357,0.07697816997537757,1.8471383017906735,0.6321338664252676,0.5337206498418369,0.18111323313786104,-0.0681720309705611,0.02265812879442524,-0.38862744956919737,0.19675835490042476,1.7379479766647734,0.9399677909949268,0.790050869924483,0.5921610288271786,1.6486945049650092,0.7682917331988773,0.2498915494007512,0.33388749598690715,-0.4322404918696933,0.13223244664728476,-0.058723720719046676,0.30756490046896834
72,7,30,26,1.82866995088344,0.7947373560667961,0.16318935184137756,0.12983110372286022,2.0454747278262158,0.677909137931189,0.4648113139594264,0.1841192957824515,-0.08497754206724618,0.035976463651073445,-0.4093021385919971,0.234061811652237,1.8463101597532268,0.8181695144271742,0.14307864356907427,0.11177965865743579,2.0721981094808206,0.7015649177711965,0.46983125906387074,0.18287635374941957,-0.07266484857551805,0.029794648074666228,-0.4176380693724899,0.23829363520360017,1.479136472741156,0.7610219750358468,0.6181992482952284,0.44303337698407597,1.4532220266179652,0.6428180803143756,0.34531117562629077,0.28554476422545266,-0.41596760600804955,0.14208673039052763,-0.22043644724119135,0.29124948439234255
73,7,26,23,1.9606753657694906,1.6603504599698744,0.17039547353126602,0.10108559926755858,2.172954041043002,1.5905220637478965,0.4697518000053611,0.1774442987400033,-0.10034199946501007,0.048237015970973726,-0.3841681916130387,0.24871620010991755,1.9689297380852784,1.6818790127907215,0.13997032283747327,0.08563370031183427,2.1983887009844176,1.60720285968689,0.4815783996197415,0.17932795308523714,-0.08124893870793647,0.035086806807031204,-0.3960314984036207,0.24938523302975296,1.7021003325254531,1.042226692450385,0.690031403979786,0.3955160033467953,1.5981487818236682,1.023601393287179,0.2507259168177759,0.24949020710352787,-0.43683437142223125,0.19226783526882976,-0.16616131804685705,0.3150768259877049
74,9,26,23,1.4181004175506458,0.6402026179083281,0.1276721713386423,0.09855716523383223,1.7086424274906993,0.4894007747964719,0.5627255041574736,0.20021696140863143,-0.08409402104465097,0.04044686307848604,-0.38419510385346783,0.19501334296982817,1.4039994471149602,0.639867025115644,0.10204399584852207,0.08508789374104916,1.7126688595260928,0.4864949292428199,0.5756789446378442,0.19723608651015961,-0.06583187997560432,0.03589993010981924,-0.41780153085449856,0.2008088712269595,1.689708494179975,0.8000240476914364,0.7878334578401339,0.566014195060311,1.5967838172124273,0.5991301768109529,0.24139315104192471,0.3550742133965296,-0.43665793123763286,0.15387700398645462,-0.07555681110514485,0.3935801476095333
75,0,29,27,2.2365267235226742,1.7017856133324873,0.18091866856798483,0.08293072130935289,2.440484706555784,1.6028244730989734,0.4445169589184896,0.2129210139710034,-0.09793954371638874,0.05073715152580425,-0.2638246056215722,0.23184953356139892,2.256103257816575,1.7283604320248824,0.15398371946070302,0.072902475673761,2.4751298659830314,1.6219440036464259,0.45350368447526834,0.21635629222279215,-0.07979500912038755,0.03365280066461211,-0.272651968092667,0.24034980859732705,1.6889846257922476,0.8583345167145601,0.654290271191647,0.21794852549622096,1.6105562975881271,0.8277417456677235,0.273561082751513,0.20810869422466,-0.4197615339424593,0.13206398074301198,-0.119954513245886,0.18069738826725698
76,2,34,26,2.2374053078835834,1.3425248489505366,0.15760578194308267,0.07067580955690232,2.4296833113547467,1.2583087067186334,0.41910068167412334,0.18003934155980666,-0.07867798262556415,0.030816165826493103,-0.36605956445769,0.22241544885033226,2.252019681854165,1.358143008443417,0.13316920404098806,0.06102332908460932,2.455541908890938,1.2701652016797036,0.4265124336430793,0.1808507033744609,-0.06500069856396727,0.02261945839532855,-0.3748239134458779,0.2256931880234777,1.7946380697753908,0.7525991644992418,0.6794173811663466,0.31279607967619527,1.7071642012863608,0.7157481812497465,0.23250206245007363,0.22956277583921103,-0.40016798195413456,0.15695323574270464,-0.14680364523213527,0.27451886410786
77,2,22,18,1.6498060404242771,0.7346888571464336,0.12258166232926393,0.06287071889747792,1.9088433956610589,0.6040111897875912,0.5100425917858313,0.18470735491802343,-0.07399193034128924,0.027222648661642743,-0.2429868270005104,0.21495709136658891,1.6521453660474934,0.7449576926222162,0.10728595425789167,0.0550197988832438,1.9198160328270149,0.6133132067075832,0.51602850980305,0.1841920455111672,-0.06436957430269191,0.02252759842401609,-0.2485219135464719,0.2195002267598283,1.5716733855336855,0.5153792819485924,0.6356414812173519,0.39027488931074084,1.5247557724251017,0.36552650603468856,0.27760824695717984,0.2980322039897534,-0.39241311042889016,0.1715737627707768,-0.08515787720278917,0.17988558505850308
78,4,31,28,2.0484094544854505,1.0876656857328268,0.16962608434530754,0.1201395470466896,2.248452122124418,0.988727411958292,0.43852763355906355,0.18132295115871408,-0.08283993818501387,0.03829467404905259,-0.45570998873134655,0.22226759702322368,2.052331323084227,1.1003494181618632,0.13551892472366567,0.10550379558213645,2.2699340504050407,0.9960631368433331,0.451792852642454,0.18181859766669364,-0.06382108223385059,0.024384974576392545,-0.47975208194389274,0.2268499229675328,2.000454598071699,0.8677718874474725,0.8914603109971524,0.49906890692231237,1.8296067372276221,0.7875149424031366,0.12346263556383735,0.2209994860060715,-0.44217051963306464,0.11818120414249055,-0.030029233456213673,0.2899072546135401
79,6,17,16,1.9433484790885118,0.8771307702735163,0.15305613142433871,0.0890562636557911,2.161349843043573,0.7455584557945949,0.45058167463278403,0.195972380758291,-0.07702031473948054,0.024547839201659684,-0.5003060101591945,0.22588856026629203,1.9573386719721473,0.8908484506077817,0.12587265900624278,0.08049470846940174,2.187792648934543,0.7574072143156929,0.4583749135745212,0.19502306458375718,-0.06196294441949464,0.02431802412726477,-0.5165850516464117,0.23289552165229332,1.5497374779261348,0.670279525909911,0.6970744099749698,0.44616713773767697,1.471656369091612,0.5302357156491517,0.27980723163840754,0.29189958016118206,-0.4353979190304535,0.15258743131439076,-0.24050540360572167,0.35513855623348334
80,7,23,20,2.376569225639475,0.8208194369014286,0.16262649585275063,0.07503525400225143,2.5307945945723,0.7667594542239253,0.3615546876266688,0.11708576724808249,-0.07322624501919847,0.035180766011761906,-0.36484651476244917,0.32958409307132,2.403651687390933,0.8409478870620123,0.14085615259729828,0.05127913098187423,2.5663129914447254,0.782919626597867,0.36686340332330675,0.11773009249096081,-0.062333102372468176,0.023721122846833902,-0.3706266000667899,0.33083223594727224,1.9186869962511788,0.6661077471398176,0.5769342931424672,0.2479305967407897,1.8672517896954242,0.6974373445843962,0.24070320210593438,0.16155393330471848,-0.33281702340709723,0.17269511051962186,-0.1700603258904938,0.33122286265170714
81,6,35,30,1.6783360053284204,0.7732871411219893,0.1474986419476994,0.08788057487269801,1.9139798891484914,0.6725373969742328,0.49927763237096373,0.1731732366558324,-0.0892930864761418,0.036413901302975386,-0.37697917857822816,0.2373059830214122,1.6885679064406656,0.7877143270789264,0.12608529405461763,0.07379112496405388,1.9358601972702314,0.6838593158271904,0.5065461183358866,0.17335866196717054,-0.07529023774416659,0.028361024508375583,-0.390226728542823,0.2408061301634508,1.4889892204283355,0.7151921256620282,0.6180780733991408,0.4629629368846681,1.4673208584191906,0.5782216944148122,0.3370398417313465,0.26937347577378284,-0.3941701914113309,0.13443403510895127,-0.11283216143475584,0.2776013115477666
82,5,11,11,2.0382892040842724,1.2790215810464565,0.13553673271920205,0.08572680518905627,2.2555138312106973,1.1881597758140552,0.4554564197583209,0.17596486896139302,-0.06670281291373567,0.023369012050387546,-0.4556287886330287,0.2612004169193593,2.0523375870153204,1.294072000717684,0.11331114839919733,0.0690924277523558,2.277309364598649,1.2057713747537149,0.46063286522803376,0.17201370523424425,-0.0566369327017098,0.0232429933561348,-0.4666033643782262,0.26674069812899287,1.809981686045007,0.920091979179314,0.7047793748563996,0.48582917953538085,1.758759796511968,0.7727432137916461,0.2572185047429001,0.30767036867397873,-0.3715934945046475,0.1551886625835894,-0.23373504212627969,0.3487968980546078
83,2,27,26,1.6992030856974116,0.7702798143462685,0.14831808447155156,0.0883223572914724,1.941826919655725,0.6374713093869557,0.49766880185755763,0.20063223488251325,-0.08474857590553349,0.03946811324038408,-0.39929142858478944,0.15363789689832313,1.7028057209721899,0.7809559487590334,0.11893064195043025,0.06959362533838938,1.9616474089272484,0.6452514435934663,0.5091542319495586,0.1993241606878316,-0.06661940695554092,0.022699925772412595,-0.4138285222466383,0.15782220449631187,1.6798133608277253,0.6889748485872241,0.7834462165138596,0.536271316590437,1.5678928191353299,0.5132792437705214,0.21602796484015302,0.3222353563116987,-0.43826609493433416,0.15881601658544225,-0.06851549050191078,0.2196942821396721
84,0,29,27,1.7161740705761726,0.8404831141723009,0.13406773639297107,0.07397715909328384,1.9606051250809762,0.7304781224294592,0.4980444096458195,0.18076349749034518,-0.07945852376670215,0.027522583416647643,-0.3754986344041242,0.2369299968056696,1.7301617008720376,0.8569043191319805,0.11009916461847467,0.0528458710579255,1.986045597783982,0.7463630443648108,0.5052265798274568,0.17879972169549158,-0.06506811374906196,0.017290712244346574,-0.38710125408731355,0.24437140820463735,1.4615425359663017,0.5838857115967118,0.5930352807806325,0.2654303970972505,1.4308389854122987,0.49008634319169136,0.32671116477556167,0.2499112019451569,-0.4063274167478408,0.12842391199858105,-0.12102402567421917,0.26040070626847556
85,9,20,19,1.7509035952089647,0.4563663337888872,0.14188921700318397,0.06453748373014298,1.9601976822834808,0.3802585414982204,0.4588272883734244,0.12385822270397184,-0.08105446282263214,0.03176493646435668,-0.40160318045576854,0.23103072996040963,1.7618331861274155,0.46446589502080254,0.12543153741316243,0.057110566486466674,1.9789887714875731,0.386262362084172,0.46347961394176435,0.12434659584774999,-0.07090397644960518,0.027481284654308175,-0.40774528417783573,0.2342446633882415,1.4366859377473333,0.5159023709568009,0.5640270599564664,0.2655581567839142,1.4133224491204297,0.4488341769032853,0.34902004733759673,0.19516513078145334,-0.3969694676300294,0.11519606218156227,-0.22251227225456102,0.24170253519523394
86,5,24,21,2.087768573738032,1.3580799665166914,0.15406637325051695,0.10043754421439446,2.298144733479035,1.2663021001769061,0.44749138198383864,0.19059717463522055,-0.07691289351344274,0.02775694937473224,-0.5266235634073558,0.13000296533669936,2.1012841208868127,1.3733890981094041,0.12436732145790896,0.0892288860832918,2.3246935946137963,1.2799725752584084,0.45712694895916184,0.18854428761476677,-0.06203318144344153,0.025558742693123315,-0.5430199128626653,0.1343154136935762,1.8770555650060963,0.9873946416605749,0.77812383166202,0.4614824437231533,1.7622672335337544,0.9112797305164719,0.19014459744949927,0.2959313912903741,-0.41605458810241247,0.15928614159375026,-0.14467968358930597,0.230063457899042
87,2,32,29,1.7714631504889027,0.8735853975213586,0.1560886900132442,0.09210624030173484,2.0058762562583015,0.7477572294220156,0.4845401720765261,0.20226909772915586,-0.08855716471972956,0.03582640147652854,-0.2928050467143927,0.30582428026363306,1.7820415808862053,0.8863159256102419,0.13154680310713393,0.07930176547616981,2.029217152026244,0.7574923906746677,0.4930748151963404,0.2015424907848369,-0.07352423197942257,0.025182987161921785,-0.3029924518937899,0.31243021788965186,1.515764530369796,0.6032967685438756,0.6410025725254511,0.33514121834259386,1.464908975565839,0.47889300603966645,0.2930423369124372,0.27944972728614037,-0.40730400043633097,0.15123954586984464,-0.06557225654568866,0.2840656640998806
88,0,21,19,1.9170023443228825,0.9681196896184627,0.15492336101704013,0.06631872315966221,2.1179444651690895,0.9003257005286567,0.44902647961248493,0.13828820062020433,-0.08579589762633527,0.026178886717227397,-0.34735267374717427,0.24998765414958682,1.9299918354770773,0.9983023871415893,0.12750338850536727,0.06298724306239312,2.1452561834452575,0.9261383006518488,0.45872669573374,0.14064930103688442,-0.06870155560596793,0.020503696248904378,-0.36043920446019995,0.2590819830402005,1.5959177166238452,0.4423977672300745,0.6944159822815651,0.26815621085214536,1.4829118719930794,0.39085067048218297,0.23083593742100975,0.20917244927630643,-0.43854226548408287,0.12674110095907587,-0.08889852492484082,0.21124600678429964
89,0,20,18,1.5933447428039305,0.923339334266595,0.12814427428625558,0.09300432619015596,1.8777961460272632,0.7720569274794792,0.5449486474781841,0.2258240524742646,-0.08188635482131865,0.04545574213191731,-0.47006869103252746,0.22135380106313268,1.591816358822745,0.9318382707728148,0.10398681964370474,0.08071159143590632,1.8914302706267432,0.7768381574071023,0.5549512784382157,0.22461145533897833,-0.06449692688481264,0.0373724366401425,-0.4973317390976512,0.22944870205224993,1.5793207575448969,0.714034358493078,0.6409981161971263,0.38944788002323716,1.5345865623105952,0.5996970418265353,0.2975457237988649,0.2996519769816155,-0.4005791264386536,0.18568855476094395,-0.17661410050796397,0.4160165999857327
90,1,19,17,1.561955015796968,0.6701740358084224,0.16415840411676594,0.15329254389120697,1.8051221528606995,0.5421096205928733,0.5122182361336209,0.18210223081815755,-0.09532417440167969,0.04504108830615618,-0.3734811624343466,0.2015242785727066,1.5409529833146685,0.6718796871037636,0.13451720415083368,0.13053597643437984,1.8042554011005942,0.5415369193387383,0.5288552982682192,0.1814818519222055,-0.07739033763750065,0.033045579522901145,-0.4082773283743568,0.2134568638138348,1.9381848744652352,0.8569945696233491,0.935844806243952,0.7346904567922671,1.7816665188195082,0.6548997908974606,0.13484675434235557,0.34599443928152873,-0.43995573487840084,0.1637179819056173,0.07670165643029953,0.41480382211793315
91,0,33,27,1.6540083612535839,1.1654309833704142,0.14090981450653065,0.09145915594093541,1.9152015728342922,1.066520773300078,0.527808969859601,0.19114645069988173,-0.08964045849515827,0.048435344347540925,-0.40441868813560994,0.2347184554816187,1.6496107889777465,1.1778343494302994,0.10964698498300929,0.06925077564477093,1.930731982320422,1.0744455177742087,0.5425790237920332,0.18905065382323905,-0.06847465985310111,0.028948165137053262,-0.42591478994996124,0.24767028311803752,1.675323509944475,0.8316850498007569,0.6513376142798488,0.40575321433200984,1.6184723343596725,0.756752346240835,0.2718780650626638,0.29283373678279095,-0.3966767680131849,0.1801752137834459,-0.08103457848890769,0.21975767882048647
92,0,23,21,10.082048734109092,10.168223413814907,0.15945097476074388,0.0674186632000602,10.133250829715394,10.15001036008194,0.12425810207406851,0.07389674958697938,-0.023184247636453117,0.01776528430571089,-0.6485728561594614,0.17218625667022164,10.068170088843797,10.058548979291484,0.13817946902617675,0.056444413152119385,10.122217716013205,10.039427121382532,0.12676403871981193,0.07405287757351169,-0.020029716347560084,0.016014030398364493,-0.6678931017763367,0.1759275695146275,10.604433701670933,12.662585326374776,0.6723542657852782,0.3873479095775891,10.585799256693702,12.664655811472228,0.06810151414968503,0.10603837239988519,-0.10653195788923452,0.08239202457998102,-0.3286934861269334,0.1451292297860098
93,8,30,28,1.723177835592412,1.154042775636184,0.13468751585331498,0.07848107399681906,1.9681217222987182,1.073449777743869,0.5084574142730832,0.16399079275500758,-0.08066143465779022,0.03063741198925694,-0.396965343442522,0.2522008311327278,1.7271568569715698,1.168662553340071,0.10912337121677697,0.06929944345420527,1.9865330866868185,1.0853682608576005,0.5182162300846251,0.16366392744813493,-0.06361618058066379,0.023305039715178315,-0.41490006109228555,0.2618302458838554,1.663282591433326,0.8849083590280459,0.618888307853733,0.3421042831738952,1.626890690377923,0.8129892196001534,0.30640749707935344,0.2662951427136775,-0.3906969818263312,0.13828625659392224,-0.12711669144428075,0.260847793731612
94,9,25,24,1.3781222257705743,0.8090892549505334,0.12214741687009367,0.1279506676009145,1.695399684290639,0.6527077823916353,0.5926139629240358,0.21473102172280753,-0.07783080175960164,0.031224498128864256,-0.4167285182787483,0.15712579928359618,1.3657359932191446,0.8109984453276051,0.10448327756766985,0.11631126651669892,1.6967003422518507,0.6526276500198959,0.6022316766366902,0.21405259990734557,-0.06479986286487542,0.031890495650552464,-0.4487821870493503,0.17248820776421567,1.6849471570783603,0.8743625036336573,0.71981337955487,0.5529698622201302,1.6371996724273046,0.686876072693192,0.2744305522455779,0.3102525278927791,-0.3916441774178006,0.12269444271552275,-0.05275691570136349,0.3154652499292776
95,2,28,27,6.598280086666149,7.683778151361935,0.09681250741759909,0.23803784795432503,6.6931013243524715,7.653084619951454,0.21417248088079796,0.12191269030577902,-0.030527351369853715,0.024232736490692523,-0.5530842622406302,0.22181302608657652,6.640593605866667,7.736020773041812,0.07194755611215434,0.25820625462171326,6.740355704922395,7.7038611825361025,0.21804732679404917,0.12409675361858838,-0.024790146364510757,0.019683435070299644,-0.562109189053275,0.2240143428634164,5.671204306830663,6.07379891754016,0.70546976176408,0.5856649924773701,5.631493281343768,6.0770337562660215,0.10586204924149491,0.1303011518991406,-0.18308216948841574,0.13115762282321916,-0.31304228023232133,0.20533897525756417
96,9,29,27,1.4441189055821964,0.7896074790295348,0.12471741576835538,0.0842286717409654,1.7423348055786112,0.6454938693054152,0.5693046500321918,0.20444373041873554,-0.08600486793615704,0.03265927146927255,-0.3900620026868663,0.20916191078467142,1.443496287344551,0.7951978219996864,0.0997757822545877,0.07489111924477967,1.7584317216164025,0.6457248336442308,0.5790704389410068,0.20435730329197055,-0.06563805495557057,0.025995523250048745,-0.4128428565383289,0.22211361287412956,1.4448946073355298,0.7031513410724479,0.6326498160584144,0.3791709446547456,1.4010554290583142,0.5906497789990782,0.33972066256777883,0.28805497770094196,-0.4409936092815081,0.15760459853372222,-0.1519947210763487,0.3280667870186229
97,8,31,29,2.205691322175474,1.5173438692788397,0.16397885210896396,0.08245872957156271,2.392533262596106,1.4522385750725746,0.41698862239745477,0.1597440968968814,-0.08044897534510041,0.03556292291885072,-0.3086945974703112,0.23177109155263176,2.2219148329568994,1.5351936246305693,0.1408245716535552,0.06650962867103105,2.419017883532475,1.4676109682949827,0.42384539110697544,0.15872135346061148,-0.06770655915174083,0.021459897042049564,-0.31542803432891736,0.2362922017528657,1.8297965198736192,0.8796886313945184,0.6277257032645964,0.3172593256711504,1.7793654528647405,0.8354439858500406,0.25164073894541034,0.23575654607170904,-0.35668607355402215,0.16106211575335938,-0.15390728783738852,0.25013207718089275
98,9,25,25,1.3850771345225228,0.5927059669126687,0.12221849742572263,0.05804660850605574,1.674250618545664,0.46562557436337354,0.5660264661715915,0.16761257896907775,-0.08825090742433045,0.030608684931179537,-0.39699937814456243,0.2120084063635496,1.376460239377093,0.6022814824673786,0.10069645329262344,0.05462766913109943,1.6825059247898269,0.4684381869194193,0.5774453648813277,0.17041785277739233,-0.07034476491280363,0.021691449073657228,-0.41338226725426663,0.21596705947727335,1.491708428121189,0.5191672928730457,0.724142055581196,0.3121271019074804,1.3746823244605708,0.38986071373476433,0.2442702414051563,0.26607729381566875,-0.47686722953513133,0.13473411503732802,-0.16115729927256287,0.3644422889988564
99,1,16,14,1.766959742987274,1.1274908073550252,0.15964283140830424,0.1773357299907209,2.0105860306928056,1.007803252672987,0.5051033969024995,0.21370835026415896,-0.0894261135164671,0.051407394905643174,-0.3587894758290466,0.20573115255273194,1.7603546773973568,1.131636530487557,0.13437118007339938,0.15608200372257755,2.018465614339412,1.0100647916863017,0.5154978292185739,0.21207675902028128,-0.07361312878360199,0.04687881261225855,-0.3844077703348265,0.21491474220310305,1.8825386276575808,1.1402422842763482,0.8177364156295155,0.8588449182716996,1.8052519139035363,0.9624620184119982,0.23714655368802898,0.33089130838370606,-0.40087562095563367,0.1549073890236823,-0.0748603728005782,0.3602597878498888
