stage,scope,metric,count,mean,std,median,min,q05,q25,q75,q95,max,sem,ci95_low,ci95_high,negative_fraction,zero_fraction,positive_fraction
overall,all,response_change_ratio,2500,2.065962102523278,2.0170659525489003,1.6803934787791903,0.10461699824916866,0.7174165915736332,1.2294417242691953,2.312115030956241,4.450044970969242,53.08591204137776,0.04034131905097801,1.9868931171833613,2.145031087863195,0.0,0.0,1.0
overall,all,cancellation_coefficient,2500,0.14999411942322244,0.09797372425604485,0.13513535971854101,-1.033376400297101,0.04065378781719374,0.08796338151927983,0.19121547834260483,0.3093726812888207,1.4408767024533073,0.001959474485120897,0.14615354943238548,0.1538346894140594,0.0004,0.0,0.9996
overall,all,survival_ratio,2500,2.2857660000391884,1.9524183396080221,1.8751884612033098,1.0026418736865539,1.1895417147812386,1.5099552404444125,2.449780566120445,4.48458091789024,53.09123871270486,0.03904836679216044,2.209231201126554,2.3623007989518228,0.0,0.0,1.0
overall,all,survival_cosine,2500,0.462440014420148,0.18785767739413892,0.45359354977606237,-0.09409519617126552,0.1650722242248847,0.33044917734734613,0.5905178603389394,0.7976841799523301,0.994550288610127,0.0037571535478827783,0.45507599346629773,0.46980403537399823,0.0008,0.0,0.9992
overall,all,response_cosine,2500,-0.0810549255665456,0.03653736065400126,-0.07560055837021878,-0.29513379793622285,-0.14755114184809312,-0.09857738840733454,-0.056334968159677125,-0.03276543766381672,0.025171833827103755,0.0007307472130800252,-0.08248719010418246,-0.07962266102890875,0.9996,0.0,0.0004
overall,all,cos_q_a,2500,-0.4006920146697079,0.23594818206679874,-0.42017520682634246,-0.9888547845679195,-0.7469925878255421,-0.5851194302315339,-0.22870508903368852,0.002255891475493434,0.7915281588656214,0.004718963641335974,-0.4099411834067264,-0.39144284593268935,0.9484,0.0,0.0516
overall,conv,response_change_ratio,2500,2.073362487911094,2.0244254414509015,1.6884593644362411,0.09698667024999791,0.7055908147456832,1.2249771479186031,2.3289886637688184,4.467068190214603,52.60879796885772,0.04048850882901803,1.9940050106062188,2.1527199652159696,0.0,0.0,1.0
overall,conv,cancellation_coefficient,2500,0.1252162466445146,0.08546708270371026,0.11384871386582794,-1.1751782505895803,0.028958218828719774,0.07300655509942787,0.1585686557121402,0.26269678142931097,1.0888633716455949,0.001709341654074205,0.12186593700252916,0.12856655628650004,0.0008,0.0,0.9992
overall,conv,survival_ratio,2500,2.3060985927852,1.9566551155972043,1.8968478849561752,1.003092210348257,1.1932603871578058,1.5257244282735027,2.4714069703264823,4.4926108394529045,52.614328717132445,0.039133102311944085,2.22939771225379,2.3827994733166102,0.0,0.0,1.0
overall,conv,survival_cosine,2500,0.471342506122128,0.18834929290830676,0.46280107576425356,-0.019843959534916467,0.16806794175171338,0.340627352839986,0.599984336593335,0.8028807351407158,0.9953207230823015,0.0037669858581661354,0.4639592138401224,0.47872579840413365,0.0004,0.0,0.9996
overall,conv,response_cosine,2500,-0.06622163770806355,0.028120503853266438,-0.0643883505613832,-0.2363123646628377,-0.11429468281146977,-0.08161963416317947,-0.047401619787245206,-0.0246605316949462,0.028404732580453156,0.0005624100770653288,-0.0673239614591116,-0.0651193139570155,0.9992,0.0,0.0008
overall,conv,cos_q_a,2500,-0.41578207976263604,0.24162454831948482,-0.43989317181837173,-0.9887989527226176,-0.7639175335169329,-0.6071507731497677,-0.23988884604104208,-0.004196921507000648,0.7941865955517278,0.004832490966389697,-0.42525376205675985,-0.4063103974685122,0.9532,0.0,0.0468
overall,classifier,response_change_ratio,2500,1.8872903563470576,1.8946196825069586,1.5623880982357374,0.2144952030761602,0.8273284167978023,1.2060579789971666,2.1043289859891026,3.618778910188989,63.223686680917666,0.03789239365013917,1.8130212647927848,1.9615594479013303,0.0,0.0,1.0
overall,classifier,cancellation_coefficient,2500,0.6999214881004515,0.43194133566377124,0.6194668787413592,-0.6281097534721988,0.18918374044945596,0.42462810219694036,0.8794006920653077,1.4539781791034463,6.173759317030039,0.008638826713275425,0.6829893877424317,0.7168535884584714,0.0008,0.0,0.9992
overall,classifier,survival_ratio,2500,1.8117771709869772,1.862530781227829,1.4505079111994195,0.6564321509070615,0.9841923344548965,1.1929461590220785,1.9198794450010945,3.3992970493786414,63.225413115308335,0.03725061562455658,1.7387659643628464,1.884788377611108,0.0,0.0,1.0
overall,classifier,survival_cosine,2500,0.2450626599581644,0.27056433263414725,0.24403539676892752,-0.7504380895536976,-0.19838962558071338,0.06419615162947477,0.4313654537131503,0.6896828123142092,0.9767908372668258,0.005411286652682945,0.23445653811890582,0.255668781797423,0.1844,0.0,0.8156
overall,classifier,response_cosine,2500,-0.39916753536257954,0.15332644851568575,-0.40681508444599646,-0.8431630870264416,-0.6352267913100185,-0.5137598624713475,-0.28831138222452146,-0.13920853229974858,0.08816378255120261,0.003066528970313715,-0.4051779321443944,-0.3931571385807647,0.9992,0.0,0.0008
overall,classifier,cos_q_a,2500,-0.13793902910339428,0.2979713733838767,-0.11247340839628717,-0.9912959966369155,-0.6863505462914428,-0.3325667456486546,0.07962716155138125,0.29666965636883613,0.6973512282096682,0.005959427467677534,-0.14961950694004225,-0.12625855126674632,0.65,0.0,0.35
rounds_1_150,all,response_change_ratio,750,1.4956430485879022,0.7668789209498598,1.3722213672383943,0.22964742523442058,0.6901064041582285,1.0847529373613998,1.7251537940438122,2.4468026605078905,9.241448846451993,0.028002458925297284,1.4407582290943195,1.550527868081485,0.0,0.0,1.0
rounds_1_150,all,cancellation_coefficient,750,0.12256928356803772,0.06968671387316337,0.10988293954998221,0.009468795219134088,0.03696516743805379,0.07053210342779816,0.16499974071306,0.24694251008211024,0.4454371882743502,0.002544599009782652,0.11758186950886372,0.12755669762721172,0.0,0.0,1.0
rounds_1_150,all,survival_ratio,750,1.7643085101066927,0.683349695831962,1.6346615971230924,1.0167597304426552,1.170108671926584,1.4091022881153759,1.927486532618988,2.585462739944831,9.27642426102926,0.024952402871430638,1.7154018004786886,1.8132152197346967,0.0,0.0,1.0
rounds_1_150,all,survival_cosine,750,0.5439718228578818,0.15665776927243863,0.5438573513508703,0.08880955729158913,0.30960988807501116,0.4317684463628211,0.6488659713535331,0.811903064965999,0.9742038115038542,0.005720332935930287,0.5327599703034585,0.5551836754123052,0.0,0.0,1.0
rounds_1_150,all,response_cosine,750,-0.08314416263563001,0.03593930325900138,-0.07723772951720605,-0.2700612452692717,-0.1498861728718713,-0.10111222489009736,-0.0587871556575741,-0.03744696799594458,-0.011049112946445427,0.0013123178063982658,-0.08571630553617061,-0.08057201973508941,1.0,0.0,0.0
rounds_1_150,all,cos_q_a,750,-0.5460965525890038,0.1401594435305454,-0.5737369769631601,-0.866843346698597,-0.7315317222533592,-0.6484790655077419,-0.46101803750978326,-0.2771900728547902,0.005102418850100164,0.005117899257936749,-0.5561276351345599,-0.5360654700434477,0.9986666666666667,0.0,0.0013333333333333333
rounds_1_150,conv,response_change_ratio,750,1.507073449734625,0.7867268951163982,1.3771811850914157,0.21471098121040852,0.6744825652258021,1.0771694554659152,1.7575692177831983,2.4951949432378373,9.265633407814963,0.02872720447008348,1.4507681289732615,1.5633787704959885,0.0,0.0,1.0
rounds_1_150,conv,cancellation_coefficient,750,0.08650775205885727,0.049336780227911214,0.07773355470104397,0.0023833232656573955,0.02169309561268865,0.04808681384466726,0.11862505287084422,0.1776165786683584,0.2860252239703362,0.0018015244963667893,0.08297676404597837,0.09003874007173618,0.0,0.0,1.0
rounds_1_150,conv,survival_ratio,750,1.7963209358848014,0.7001811198941323,1.6589015455852545,1.0183118734711245,1.172020567835005,1.4274547768564816,1.966141103894103,2.629723707266433,9.30289425327201,0.0255669995803497,1.746209616707316,1.8464322550622867,0.0,0.0,1.0
rounds_1_150,conv,survival_cosine,750,0.5566376113597545,0.15540231245881717,0.55814299575904,0.09093293821884364,0.32100243360195013,0.44779749114351136,0.6577288101789851,0.8221491810652072,0.9775287503353474,0.005674490134810685,0.5455156106955256,0.5677596120239835,0.0,0.0,1.0
rounds_1_150,conv,response_cosine,750,-0.0578355723671916,0.024247076134054763,-0.05637139528833378,-0.1651246663994387,-0.09990139385891289,-0.0729666621725628,-0.0405947035874563,-0.02059037403352658,-0.001500086475534265,0.00088537803681113,-0.05957091331934141,-0.056100231415041786,1.0,0.0,0.0
rounds_1_150,conv,cos_q_a,750,-0.5748771512355083,0.14360765816776716,-0.600695241931411,-0.9037422643133906,-0.7656510263880412,-0.679525652883706,-0.49273252816430885,-0.29860891467613976,-0.00031158278484046386,0.005243810253931806,-0.5851550193332147,-0.5645992831378019,1.0,0.0,0.0
rounds_1_150,classifier,response_change_ratio,750,1.3756199416283683,0.6246213696080668,1.2995503615027413,0.27963840719580957,0.8085159287665562,1.0757906848516123,1.5530787291414914,2.0113383629198593,8.557178502294587,0.022807947602273997,1.3309163643279114,1.4203235189288252,0.0,0.0,1.0
rounds_1_150,classifier,cancellation_coefficient,750,0.6077024835328942,0.26720995696309774,0.5857024320024861,0.03350809510507195,0.2133024850064213,0.4102874434720639,0.7666365317581012,1.1146188806834325,1.638466320026554,0.00975712806791155,0.5885785125197877,0.6268264545460008,0.0,0.0,1.0
rounds_1_150,classifier,survival_ratio,750,1.3185295201229106,0.5731271936967134,1.2186018881239893,0.6838204980025983,0.97051268383609,1.1043534171912786,1.3969611122209749,1.7923926467433446,8.522263574032902,0.020927646153821505,1.2775113336614203,1.3595477065844008,0.0,0.0,1.0
rounds_1_150,classifier,survival_cosine,750,0.3288663995837536,0.2316436459253822,0.32630547513615216,-0.35848013145699326,-0.07985313858466522,0.18061276958621533,0.4887838644227469,0.6978332687976245,0.9611334106935234,0.0084584300117381,0.3122878767607469,0.3454449224067603,0.08933333333333333,0.0,0.9106666666666666
rounds_1_150,classifier,response_cosine,750,-0.44270172889380577,0.1336968116334033,-0.4535243017998514,-0.765103127979496,-0.6479574344890752,-0.5456913273219016,-0.3460795312531993,-0.2119555143481895,-0.03090638100100932,0.004881917306542273,-0.4522702868146286,-0.43313317097298293,1.0,0.0,0.0
rounds_1_150,classifier,cos_q_a,750,-0.17093828597002883,0.24377123086522498,-0.16320613561377995,-0.8321622543731064,-0.5728991473910249,-0.3436944976008013,0.006976889023032174,0.21544029486923807,0.4127271369052171,0.008901266801045554,-0.1883847689000781,-0.15349180303997956,0.7413333333333333,0.0,0.25866666666666666
rounds_151_300,all,response_change_ratio,750,1.9606796862150895,1.3327718916185212,1.7013541946246558,0.10461699824916866,0.6954440639787594,1.2758976132521076,2.276032018731262,3.728296168798457,16.68718002825876,0.04866594860321963,1.865294426952779,2.0560649454774,0.0,0.0,1.0
rounds_151_300,all,cancellation_coefficient,750,0.15364025328188577,0.07377084992227427,0.1482473913177109,0.0022570814016554114,0.04411426437114176,0.10398880590722374,0.1963303658670362,0.2833449494228861,0.4737794458134018,0.0026937305725838563,0.1483605413596214,0.15891996520415014,0.0,0.0,1.0
rounds_151_300,all,survival_ratio,750,2.178101033988777,1.2525432410937123,1.894989018324821,1.003210124238845,1.1654072314719681,1.535815446295041,2.4113724154884757,3.8111469364343677,16.706148809685043,0.0457364124931772,2.08845766550215,2.267744402475404,0.0,0.0,1.0
rounds_151_300,all,survival_cosine,750,0.46203762406239535,0.18096898225252295,0.4420282505289699,0.04888711357618625,0.2000402318012765,0.33327971465909767,0.5672727787713707,0.8048059073187261,0.994550288610127,0.006608052919230592,0.44908584034070337,0.4749894077840873,0.0,0.0,1.0
rounds_151_300,all,response_cosine,750,-0.08636539880220936,0.03474792910096843,-0.08140776086828908,-0.25554149200656456,-0.14560264020670485,-0.10472828263620336,-0.06441485151132625,-0.037901822816383,-0.007118977262224741,0.0012688149730127078,-0.08885227614931428,-0.08387852145510445,1.0,0.0,0.0
rounds_151_300,all,cos_q_a,750,-0.41131780150473213,0.1898157731473924,-0.4161284506759269,-0.9442657152402408,-0.736053154356013,-0.5335254079361604,-0.27621920791839466,-0.12038282165369468,0.11645059843517169,0.006931092048207346,-0.4249027419192185,-0.39773286109024575,0.9893333333333333,0.0,0.010666666666666666
rounds_151_300,conv,response_change_ratio,750,1.964369646776339,1.3451421675184798,1.7084679486128196,0.09698667024999791,0.6803453203031694,1.2613755891569565,2.2829508401058374,3.751604987250984,16.574617968491275,0.049117647213417624,1.8680990582380403,2.0606402353146374,0.0,0.0,1.0
rounds_151_300,conv,cancellation_coefficient,750,0.12938466541701263,0.058616355298141055,0.1260917730765898,-0.0008865412544948521,0.03926140587067314,0.0885373714040861,0.16464232923118263,0.22907120127467703,0.38315085875943206,0.0021403666690352876,0.12518954674570346,0.1335797840883218,0.0013333333333333333,0.0,0.9986666666666667
rounds_151_300,conv,survival_ratio,750,2.1948309105562434,1.2616708673768724,1.9082318839994614,1.003672720928184,1.1649606670034245,1.5430172092701675,2.4346492328787823,3.837702392152629,16.594226240272683,0.04606970628062812,2.104534286246212,2.2851275348662745,0.0,0.0,1.0
rounds_151_300,conv,survival_cosine,750,0.47170663738914814,0.18116581144607274,0.4518583820630081,0.04972764960132429,0.20611380323511966,0.3450720489671978,0.5804914082038077,0.8147730216471833,0.9953207230823015,0.006615240105182777,0.4587407667829899,0.48467250799530637,0.0,0.0,1.0
rounds_151_300,conv,response_cosine,750,-0.07236627524158883,0.0253213412626937,-0.07107943966957847,-0.17362430743640345,-0.11522455435054112,-0.08646638998800962,-0.05616410066959519,-0.03204550575301689,0.0038600272660097054,0.000924604653057579,-0.07417850036158168,-0.07055405012159598,0.9986666666666667,0.0,0.0013333333333333333
rounds_151_300,conv,cos_q_a,750,-0.42499170235731837,0.1921220703846788,-0.43730377747688787,-0.9448478874966532,-0.7568512558259253,-0.5528261937921293,-0.2897199332565015,-0.125385840544429,0.10883235466569241,0.007015306116285587,-0.4387417023452381,-0.4112417023693986,0.992,0.0,0.008
rounds_151_300,classifier,response_change_ratio,750,1.8562327873608924,1.1903684447719503,1.7012004746336387,0.2144952030761602,0.9050397897675976,1.3120461882444363,2.0647375501742786,3.08650017327285,20.86119272766724,0.04346610992959598,1.7710392118988842,1.9414263628229005,0.0,0.0,1.0
rounds_151_300,classifier,cancellation_coefficient,750,0.7454545125572528,0.3589943766246549,0.6983205071069452,0.03480560439150759,0.21284341927697076,0.5048077182050804,0.9664600783417117,1.3729289420883528,2.241720579072725,0.013108621206321919,0.7197616149928618,0.7711474101216438,0.0,0.0,1.0
rounds_151_300,classifier,survival_ratio,750,1.7410197299299421,1.1577635282476941,1.5198972123511991,0.7514287086219401,0.9896387189241505,1.2807836104854502,1.8434024825559463,2.918880391110288,20.859617456230236,0.042275546711868776,1.6581596583746794,1.823879801485205,0.0,0.0,1.0
rounds_151_300,classifier,survival_cosine,750,0.19658478164242016,0.25904949055289167,0.18280297638315368,-0.4743991624938053,-0.20362842772854398,0.020000360043811137,0.35417366752969165,0.6324085478807608,0.9767908372668258,0.009459149965736012,0.17804484770957757,0.21512471557526275,0.22533333333333333,0.0,0.7746666666666666
rounds_151_300,classifier,response_cosine,750,-0.42177843472735155,0.1483512237323449,-0.43256528511272535,-0.7219529415392977,-0.6424410872113934,-0.5433819431801554,-0.3174233687654361,-0.15844498116950964,-0.025543150494044174,0.005417020778113403,-0.4323957954524538,-0.41116107400224927,1.0,0.0,0.0
rounds_151_300,classifier,cos_q_a,750,-0.1399654509736845,0.2871595592326974,-0.11403740399886847,-0.9403862656504142,-0.6560678190422174,-0.33557862098229063,0.07210547531665534,0.27122031265730445,0.5912728510388789,0.010485584546332617,-0.16051719668449643,-0.11941370526287258,0.648,0.0,0.352
rounds_301_500,all,response_change_ratio,1000,2.5726632052059513,2.809854701534968,2.0257170199087935,0.1275275922748759,0.8149776448766483,1.4773429184459925,2.9223024662755663,5.589069581831226,53.08591204137776,0.08885540750983119,2.398506606486682,2.7468198039252205,0.0,0.0,1.0
rounds_301_500,all,cancellation_coefficient,1000,0.1678281459206135,0.12408596510483672,0.14255060426855398,-1.033376400297101,0.045977150211365524,0.09593269308828281,0.2117937789352627,0.3634177693644447,1.4408767024533073,0.003923942753914582,0.1601372181229409,0.17551907371828607,0.001,0.0,0.999
rounds_301_500,all,survival_ratio,1000,2.7576078420263683,2.7519993323638765,2.1764549153394794,1.0026418736865539,1.2360932990234819,1.7117801221384368,3.006335606889631,5.5457683656430765,53.09123871270486,0.08702586009532581,2.58703715623953,2.928178527813207,0.0,0.0,1.0
rounds_301_500,all,survival_cosine,1000,0.4015929508601622,0.19138511238438044,0.380965130170268,-0.09409519617126552,0.11946325210706854,0.2609855322220296,0.5193711341781431,0.752069915444608,0.9918932634226915,0.006052128653819409,0.3897307786986762,0.4134551230216483,0.002,0.0,0.998
rounds_301_500,all,response_cosine,1000,-0.07550514283798447,0.037556726452681446,-0.06965224984448559,-0.29513379793622285,-0.1417029176073878,-0.09270287730003762,-0.050643747675971656,-0.029851840970817573,0.025171833827103755,0.0011876479705036937,-0.0778329328601717,-0.07317735281579724,0.999,0.0,0.001
rounds_301_500,all,cos_q_a,1000,-0.283669271103968,0.26048960396073595,-0.24955406291242133,-0.9888547845679195,-0.7705211311706573,-0.44249916761839925,-0.09766705292344505,0.09186194517321394,0.7915281588656214,0.008237404553111439,-0.29981458402806643,-0.26752395817986957,0.88,0.0,0.12
rounds_301_500,conv,response_change_ratio,1000,2.579823897394511,2.8151048994999908,2.0283332261183413,0.0990072196566697,0.8137441176657366,1.474490774712494,2.93077860601341,5.645569641782798,52.60879796885772,0.08902143334719372,2.405341888034011,2.7543059067550106,0.0,0.0,1.0
rounds_301_500,conv,cancellation_coefficient,1000,0.1511213035043841,0.10982632696111261,0.12973327249755734,-1.1751782505895803,0.041961086434624525,0.09004349991647434,0.19251594808108963,0.32613090236432707,1.0888633716455949,0.003473013402474746,0.1443141972355336,0.1579284097732346,0.001,0.0,0.999
rounds_301_500,conv,survival_ratio,1000,2.7718825971322167,2.755794038417036,2.1916434059005887,1.003092210348257,1.239222213778549,1.7225147253634077,3.0230186339468803,5.673022391853956,52.614328717132445,0.08714585923711395,2.6010767130274735,2.94268848123696,0.0,0.0,1.0
rounds_301_500,conv,survival_cosine,1000,0.4070980787436429,0.19087819601865139,0.38792526571783625,-0.019843959534916467,0.12323645548818803,0.26636271264298256,0.5238901639794077,0.754013453863598,0.9951235650402397,0.006036098550830222,0.39526732558401567,0.4189288319032701,0.001,0.0,0.999
rounds_301_500,conv,response_cosine,1000,-0.06790270856357357,0.031186720217969425,-0.0642263901386708,-0.2363123646628377,-0.12181987295814685,-0.08259294504182903,-0.04712950428345907,-0.026895160087567618,0.028404732580453156,0.0009862106863920625,-0.06983568150890201,-0.06596973561824512,0.999,0.0,0.001
rounds_301_500,conv,cos_q_a,1000,-0.28955355921197007,0.2605607006733948,-0.26228970593429235,-0.9887989527226176,-0.7743952778168716,-0.4501576563003879,-0.10335880917326234,0.08400278106066716,0.7941865955517278,0.008239652828572964,-0.3057032787559731,-0.27340383966796705,0.889,0.0,0.111
rounds_301_500,classifier,response_change_ratio,1000,2.294336344125699,2.694684904101736,1.890350525883173,0.26751908230216315,0.811227523211773,1.3148328141853676,2.652558647908522,4.38504072498199,63.223686680917666,0.08521341873433891,2.1273180434063947,2.461354644845003,0.0,0.0,1.0
rounds_301_500,classifier,cancellation_coefficient,1000,0.7349359731835186,0.5544245461326114,0.5817914922014972,-0.6281097534721988,0.16612059907988638,0.3898064300194066,0.9413236819489246,1.762335971617834,6.173759317030039,0.0175324435648415,0.7005723837964292,0.7692995625706079,0.002,0.0,0.998
rounds_301_500,classifier,survival_ratio,1000,2.2347809899278035,2.657251895017121,1.7976067192801848,0.6564321509070615,0.9914805278270713,1.341290879484427,2.466177854505863,4.229590891220968,63.225413115308335,0.08402968305052733,2.07008281114877,2.399479168706837,0.0,0.0,1.0
rounds_301_500,classifier,survival_cosine,1000,0.21856826397578064,0.2912716089655352,0.21605706725766524,-0.7504380895536976,-0.2655732593354923,0.024124513112001453,0.4128915490710366,0.704689989575924,0.964281497959738,0.009210817020730119,0.2005150626151496,0.23662146533641168,0.225,0.0,0.775
rounds_301_500,classifier,response_cosine,1000,-0.34955871569058095,0.15695675373282245,-0.3522294566122063,-0.8431630870264416,-0.6098262342562978,-0.4659149039163739,-0.23314900648915252,-0.09609550940338098,0.08816378255120261,0.004963408359418543,-0.3592869960750413,-0.3398304353061206,0.998,0.0,0.002
rounds_301_500,classifier,cos_q_a,1000,-0.11166977005070076,0.33795121161245917,-0.05809250899452653,-0.9912959966369155,-0.7727041386910579,-0.30168892776682255,0.12365218802251497,0.35775942063370286,0.6973512282096682,0.010686955667089163,-0.13261620315819553,-0.090723336943206,0.583,0.0,0.417
