donor_client_id,dominant_class,event_count,unique_target_client_id_count,response_change_ratio_all_mean,response_change_ratio_all_std,cancellation_coefficient_all_mean,cancellation_coefficient_all_std,survival_ratio_all_mean,survival_ratio_all_std,survival_cosine_all_mean,survival_cosine_all_std,response_cosine_all_mean,response_cosine_all_std,cos_q_a_all_mean,cos_q_a_all_std,response_change_ratio_conv_mean,response_change_ratio_conv_std,cancellation_coefficient_conv_mean,cancellation_coefficient_conv_std,survival_ratio_conv_mean,survival_ratio_conv_std,survival_cosine_conv_mean,survival_cosine_conv_std,response_cosine_conv_mean,response_cosine_conv_std,cos_q_a_conv_mean,cos_q_a_conv_std,response_change_ratio_classifier_mean,response_change_ratio_classifier_std,cancellation_coefficient_classifier_mean,cancellation_coefficient_classifier_std,survival_ratio_classifier_mean,survival_ratio_classifier_std,survival_cosine_classifier_mean,survival_cosine_classifier_std,response_cosine_classifier_mean,response_cosine_classifier_std,cos_q_a_classifier_mean,cos_q_a_classifier_std
0,4,18,16,2.9421470388063145,4.204117818303143,0.18974092595184525,0.08714870431650881,3.1186740811508527,4.147142605757796,0.4093110350364644,0.17148832880733178,-0.09195543103277039,0.03218791655691956,-0.33499815195618876,0.28344037267604255,2.947665472961562,4.225946381935532,0.15373636079130526,0.09149168736365863,3.1440674719456276,4.162340726324314,0.42366863357872553,0.1766189453029507,-0.06971951258592318,0.025200882766046824,-0.3525046759717786,0.2890304305892596,2.607912120923563,2.9254112724355013,0.9444928095501237,0.5431207592783261,2.3829275149769433,2.9674340806448884,0.07589831798243149,0.26799943093438267,-0.49133226036991445,0.17835690507371674,-0.029858180043019482,0.24777399846396686
1,6,15,15,2.4271556988803127,1.6133716391464439,0.1254594877825838,0.059867301434958935,2.6189885439191873,1.5389589454514563,0.41083072782183705,0.16015780188954803,-0.059851285905626134,0.023354581397218355,-0.4760369423942599,0.3908931889977242,2.4416592243921285,1.6186328537769654,0.11296891961761896,0.06314015250935257,2.6385103386834463,1.5420299520800456,0.41345703888346713,0.16160589009067766,-0.05291243631480135,0.022250059522172485,-0.4875092370113458,0.3952032085461626,2.02220803232275,1.2438601869714758,0.4344269896610252,0.10398405247212085,2.0534350255364955,1.2455283870847935,0.3274756797948342,0.10438071685483812,-0.2697276015482457,0.12443395657575955,-0.3161278415058502,0.3542986458159492
2,6,12,12,1.7730982246828806,1.3611884768524762,0.098804902441263,0.05494901139780021,2.05486209966538,1.2456063105968613,0.5466370551655658,0.20456374614725592,-0.061834641034966976,0.017378766562178714,-0.439964973332384,0.1444821417140221,1.7714662039517945,1.362162043572625,0.09225783469281941,0.051688731300051936,2.0571670031666014,1.2457210004220158,0.5494170079585764,0.2048120254470844,-0.057583103203131876,0.01596226593952911,-0.44891325976606855,0.1450918451980513,1.8400715712243005,1.341003305002108,0.43204723424722963,0.34164653896013025,1.9386760291178948,1.2409980797472009,0.4028290653987419,0.235253668829669,-0.24561169070065877,0.11155708820328307,-0.22579714673200665,0.2882318173537933
3,1,25,21,1.7383139668592884,0.7292828268886804,0.14268588837126459,0.09798557667426663,1.965762397982573,0.6314015237794648,0.48276170403559604,0.16329570053586528,-0.08000183635007117,0.030568017864489365,-0.4412185451040011,0.24520321676311138,1.754814524332873,0.7457667270356146,0.1278296302735524,0.0960610068946072,1.9891862613287532,0.6461214913212667,0.48610834329037184,0.1639232380550079,-0.07002016976527047,0.02943718734322471,-0.4480352680347321,0.24444322381866346,1.294737542634724,0.38993803900741614,0.5155683048931597,0.1776900554850934,1.3020955055681003,0.31577549501265745,0.4006268875798809,0.18694874001469222,-0.4052022873050919,0.10134148191893817,-0.2254256390744428,0.33345532733603434
4,0,22,18,2.418782587641998,1.606692322547623,0.17495324449460398,0.040344359470629775,2.5797257404098666,1.5555470125352653,0.384298793450978,0.14390023436196964,-0.09050694274905756,0.037954357759282804,-0.41666279692530744,0.24520970528811661,2.4332856582604623,1.6076935105977614,0.14736909731000106,0.04078965854638301,2.607525874808531,1.5502863110091367,0.39305917919184435,0.14868946887570492,-0.07448399683373523,0.03043406918323686,-0.42884705059930667,0.25060312491378084,2.1740542173346777,1.669229279493043,0.7111437886643678,0.21167396042995285,2.0412990464933443,1.7117791647816176,0.18078634603655888,0.14547079779748937,-0.4153052927042863,0.16999467954576575,-0.19506720911816233,0.29970707787382433
5,9,23,19,1.5993266352145807,1.1840272664172247,0.09834911921138091,0.06970446019834278,1.9090980950449945,1.0514398447321918,0.5772075493421494,0.2221699455730509,-0.06721676260136049,0.02212028732248606,-0.4654716723311573,0.22672854731774822,1.6078127760014649,1.2133277845121324,0.08795761058097852,0.06764038422759484,1.9246233442261602,1.0787611499550278,0.5809798022322743,0.22362926317900422,-0.05857306203836488,0.020945812258717333,-0.47789810308182684,0.23021503399211626,1.3141527487674436,0.5203377670396295,0.433182866115512,0.24017747541378798,1.4043582745635836,0.3925412715083743,0.4537629899415546,0.23192171191354527,-0.3276825546898337,0.10367306234015515,-0.18148937645631352,0.299671616082383
6,3,14,12,0.7932066483820363,0.3785446287159335,0.0703560808241043,0.0576420889217171,1.2565900616574266,0.2139541753825244,0.7630725797602748,0.15325551746556984,-0.07879831003173245,0.03704080055667296,-0.5561043146788378,0.21660086519697125,0.7812496911339857,0.3776215265966068,0.05245324897414149,0.044959715773240184,1.2624894251960392,0.21762435704169542,0.7733126156116558,0.14719786880386324,-0.05997252946252497,0.030622598796828385,-0.5859618646203927,0.22772130665798396,1.0686556470563855,0.4132912269760151,0.43228012147070544,0.2922163492203438,1.1836410589890358,0.19433202934945018,0.5118394743863547,0.2831651164826899,-0.36850422380044223,0.1354183768019641,-0.10535051507383777,0.16897990648061087
7,7,20,19,2.6125937941650625,1.6321240686058085,0.17761221797142304,0.1010721575103502,2.77872996593159,1.5490979377578242,0.3724420979165449,0.17884802964756333,-0.07144054769760291,0.020991438006972757,-0.28278868837681786,0.22571303135046517,2.6310006560783483,1.6647486442687107,0.159142773664613,0.09455007536731926,2.8041307205421218,1.5806555777199132,0.37771569832130253,0.17878493964644238,-0.06333664785363567,0.01806609485038056,-0.2889067388097033,0.22723472467880904,2.1303615338399196,1.0339411158456362,0.8417483901580451,0.48011496390847364,2.0079065609686313,0.9396736525353165,0.15104059752372362,0.2625724008580481,-0.39458090155093145,0.1246570317578413,-0.07816187552863547,0.21757595541987504
8,2,18,16,1.9973798305828896,2.4626154921744567,0.08066031870262169,0.05915262979634193,2.3466525476283047,2.3121389225549374,0.605673490304362,0.27088860111047536,-0.05225887847912336,0.023831823818384227,-0.5200219218501059,0.17963023027690697,2.000085791002036,2.474409850227572,0.07211160227457536,0.05538738721777722,2.3553623099391676,2.3217255276062514,0.6088449120634238,0.27165327373083803,-0.045051031934466225,0.021571603244073267,-0.5426467436102949,0.19095947799185442,1.8616462869603936,2.0256065809313566,0.34926571422465447,0.2194142997454495,2.0310615597446553,1.9297685601432664,0.4889486562569487,0.26640339811282215,-0.2365266098538131,0.11251654860631843,-0.2183052871968452,0.18308175938798693
9,4,38,28,1.8214592925152338,0.9893403818643722,0.10061279829731806,0.03597372581297889,2.0648196604893343,0.9098515070110085,0.4910514892131232,0.15671201395175235,-0.059146901740078084,0.016447226865476085,-0.37997471372046177,0.23502406596810027,1.827037916912276,0.9877864219583039,0.08860938753758793,0.03654901001357906,2.0762785801146335,0.9064114540586109,0.49421255111196116,0.15684206055417957,-0.05077442150205984,0.015952276421525066,-0.38996626625311,0.23877168877546626,1.7336430313791726,1.116982396151795,0.4867963367269419,0.20318985087454763,1.7532193514666448,1.0975727372370137,0.3474749985557883,0.1962204678563364,-0.32919348410619415,0.12255967992557242,-0.14087748960776378,0.2619076366028139
10,3,22,20,1.6750605938915586,0.8511404042987637,0.11411467319947068,0.06347353572293135,1.9464694826285387,0.709394582350878,0.5254665040629388,0.21255166399018016,-0.06784926496542573,0.01780133129677912,-0.3985798230733392,0.2909548277137879,1.6753143850477779,0.8581974877209779,0.09745751516542968,0.058222555234422255,1.9566361024899985,0.7138095899066749,0.532035882405584,0.2130047441714219,-0.056774645129187354,0.017307242659997533,-0.410420755202764,0.2956066825316089,1.6988269190440746,0.6705895466575413,0.688387981320991,0.4223167949278747,1.630433073590095,0.5417715918278103,0.25023764007508603,0.289997754831528,-0.3908131120671923,0.15487736697445711,-0.13088794699687953,0.3327637672540538
11,7,23,20,2.1075982879977193,1.0660123755176982,0.13303054283060292,0.08374996039740189,2.322805012410675,0.9523081551725888,0.44405809182209927,0.19263163656861768,-0.06197760443827533,0.01563177855758474,-0.43988596209174996,0.2243179377304665,2.121416895087415,1.0794048481905347,0.12056694334649566,0.08205383723436756,2.3417717116864023,0.9645132854836835,0.4467041778221094,0.19307297611126337,-0.05483037675242691,0.01720264024764443,-0.44859971418240246,0.22780152837326204,1.7461668440424016,0.6448812209834371,0.5507759599730379,0.2191915859094856,1.7441471708945824,0.5630928768659699,0.30602068916621245,0.19473023786056773,-0.3209570788162791,0.08783981021099632,-0.22892710848545575,0.29604610274359944
12,3,27,24,2.6495859201014773,3.2660870619250635,0.11489541108886092,0.05934188244612292,2.877410552508483,3.1874035099077695,0.44636371143511416,0.22443350714515858,-0.05445726388794078,0.02095745789539766,-0.4466257975929023,0.19319950357273338,2.657569662163968,3.277203583706074,0.10654935116374749,0.05710696136388679,2.8889281482447506,3.197599998370333,0.44838430211077457,0.22457855904137705,-0.04984143952037853,0.02014227284649017,-0.4548665042624856,0.19523764877003125,2.2215603686311503,2.4266995940563176,0.4525444383131113,0.25996339918409916,2.295672672562841,2.3748207663598815,0.35452089607377185,0.24063158775871676,-0.24315826552707692,0.12610706080215692,-0.28269323883557057,0.2850164837677801
13,3,25,25,2.045904235421722,1.13591087907635,0.13765800494543765,0.056550255162447105,2.2539156948557477,1.0552221109243165,0.44663491470957917,0.1612316923193618,-0.07206410744166064,0.019655922493427787,-0.3893718569039421,0.20436856525601835,2.0501033569479237,1.14296402789956,0.12219774232171396,0.054484058471064335,2.266110473725488,1.0593746724042263,0.4524830464123793,0.16318287685426142,-0.06329082618280005,0.018307819314196574,-0.3981492995614772,0.20571153517316254,1.9662164636953516,1.0352514548203866,0.6551062025478507,0.206253789226865,1.8873108920769233,1.0321539592963151,0.22195031729774378,0.15126972164857327,-0.36743836997145934,0.12047907007117423,-0.15926449227350808,0.284076592115406
14,9,30,27,2.2260283787074253,1.065342809898557,0.22031120105854726,0.21795044320678125,2.3938439941184693,0.9547780015406244,0.39166826229321416,0.18845979137760369,-0.09058514065848916,0.045799448371779565,-0.3920469691124046,0.26071191964738655,2.235639134359814,1.0874712606837875,0.19281316170088564,0.19797778238168515,2.414908488899989,0.9776010169823219,0.40041917758713425,0.18690865059488992,-0.07776266942239844,0.042156561174663834,-0.40441879703302225,0.25866460758909543,1.9989762358735201,1.0174932110616153,0.986366934690462,0.784275569634843,1.8216785016287096,0.8542645015883263,0.12650389568593245,0.30627127201793297,-0.4640394382721577,0.12260692123293732,-0.1293660373086365,0.4062095435541244
15,1,22,20,2.360070346372963,1.7285771733591972,0.13622236783552613,0.0701620572995098,2.5710725751903474,1.6309968977310927,0.43763518716362815,0.2038356170537097,-0.06429071162330226,0.018782203326643442,-0.38454747435951914,0.22938446637603346,2.375267987417623,1.7541050405096317,0.12432178708305407,0.06532458708027734,2.5914783781904265,1.6549988909129858,0.44085804532945594,0.20488081334532843,-0.05790498898290181,0.016349455457670775,-0.395221278009506,0.22918536395910566,1.8216319153556275,0.9172098304226931,0.5513469388262885,0.3260057905507963,1.828659931843454,0.8407222273007032,0.31570717770686474,0.21901624284581936,-0.3142090816537759,0.10646956540898278,-0.17699111543485094,0.37111359224426144
16,8,25,19,1.9568026039733633,0.9188815695484996,0.13563020334404133,0.05942111505342242,2.168170538315246,0.8338053741706598,0.4531733114649832,0.16090732058912344,-0.07485342199997923,0.029310179434797082,-0.542465435846659,0.14129153633416847,1.9670501229696244,0.9293198448264223,0.11174487331129802,0.05248547023910038,2.1909343373377412,0.8383348623560384,0.46094149382435906,0.1637442211210938,-0.05937701823033808,0.021528499355076,-0.5575171216028505,0.14067493755224783,1.7051212636429898,0.6853907826744239,0.6154326193277341,0.23836880033755475,1.645433508513804,0.6615102328188279,0.2754808655725807,0.1988144494746673,-0.386090214025401,0.1499971928606779,-0.2576113467598801,0.2637074081951315
17,6,27,24,1.7186458459627982,0.8670702714293539,0.21807186823827324,0.08518529570118198,1.903416248425455,0.801475918393422,0.46101189963566336,0.14450607916781666,-0.135289131881865,0.03906258105127594,-0.4421636920827566,0.22891657783056935,1.713594695000153,0.919814153669338,0.14280384605903473,0.06994587280672562,1.9446259702002746,0.8427676684468621,0.4970131533275662,0.15173137670469972,-0.08897808284510715,0.030946582375611913,-0.47737705804522645,0.23769532237216337,2.1027034358918106,0.9783587483598051,1.1988401641607314,0.5095424606105694,1.7638218575518319,0.9308268906506824,-0.03781330946202933,0.20524372339846028,-0.5835007801279283,0.08619247132652326,-0.06135686466706942,0.22407084416668518
18,9,18,17,2.289398563036005,2.2017904038590017,0.14330006386971766,0.10246916856820995,2.508422293218952,2.119102407239805,0.4640975141069484,0.18146746623383514,-0.0739322657032004,0.025786506976865155,-0.2973675381023658,0.32431427990318906,2.2967609025012004,2.2216229192819457,0.12476770617320615,0.09032167475600934,2.5235693529736034,2.138367379280308,0.46910690781872116,0.18040555020812776,-0.06401881296060372,0.0223222654198846,-0.3066620819516756,0.3267093904098115,2.0615696719406182,1.718187200332074,0.6638121300459191,0.43420133104777814,2.019592288977817,1.669330680978433,0.29644776634149744,0.2490860529452432,-0.38313835831000476,0.13544091213646367,-0.06001174894006564,0.3989292665910736
19,8,21,20,2.139712678413302,2.119872326916029,0.09731167821925175,0.051996585215229,2.395407584145499,2.0302503914739405,0.5045813204052201,0.18969609863889839,-0.056845808487454595,0.024028035385990108,-0.48895759285563145,0.21628937925791195,2.1450455840616693,2.123584097769243,0.0893213625499328,0.049950163781303,2.4047954384047565,2.0325164177288295,0.5066754801125274,0.1903830257052924,-0.051348448035163446,0.02190588796018669,-0.49941608338316196,0.21994131602649586,1.8801935939107703,2.0386758839633248,0.42040891343223324,0.15081891410058756,1.9496628943769228,2.010965020851757,0.42198275441807903,0.18608578528900413,-0.31214440563053136,0.13461439816115173,-0.3219819808363042,0.23709621375361356
20,7,30,25,2.14835583532242,1.0349228383121287,0.18836993381489128,0.11452246455216124,2.330076696041561,0.9348420240873829,0.40930292368706334,0.18335208755856244,-0.08783789487328164,0.030064211262511433,-0.30279475383707494,0.20611729826861735,2.1570217531023443,1.0604003218105524,0.1671505636158046,0.1013870643849682,2.3484429775976037,0.9596467621674661,0.41650172716076156,0.183515987676929,-0.0772874864452274,0.02603648857233564,-0.31338491654501743,0.2073889925950307,1.926111784386504,0.7940826155380214,0.828274855190125,0.5031237096525032,1.7974184914625806,0.6686517220591114,0.17287313631462453,0.2627687805908614,-0.4187252720169678,0.12048869288291912,-0.02452812253388705,0.2890029851158967
21,5,17,15,2.0517602114393547,1.0593895962746491,0.10861102405560219,0.055612299501746135,2.277535790643028,0.95680091748223,0.45717405427872615,0.18455558825243568,-0.05612111927092283,0.017903557097275667,-0.3845700244132537,0.24954514143525583,2.0616391091952098,1.0679475584185287,0.1001133180088104,0.05375785755323558,2.2908090602869655,0.9646140193373343,0.4587511169564959,0.18467813856107493,-0.05104148749047071,0.017377635146636847,-0.3899822683262033,0.251641805594689,1.6569726857203326,0.8413961968414815,0.46931836770541224,0.1914097840333825,1.714675866857327,0.7526164378391763,0.3811012727579536,0.21678483465275422,-0.2981269484883129,0.08039634938565018,-0.23881615482750604,0.2905412090031901
22,6,22,17,4.1575549239658836,8.615540509420894,0.12114995213153784,0.27238289824860473,4.3438689049909085,8.565159646749779,0.41504184017829365,0.20195163602733274,-0.08556076643166327,0.03962846154939961,-0.4176336863609123,0.23923841067300966,4.180718103815821,8.684523155297775,0.08151098971873448,0.29270820649688406,4.384976690313071,8.629301522361468,0.42761009697112856,0.20572753677032446,-0.06508289423990611,0.032984384187700735,-0.4333385841611925,0.2469809202110786,3.410150996138789,6.40987936084289,0.9673999035819555,0.5985014455645717,3.227885448016531,6.432319820277445,0.1360702571869172,0.26267463338849995,-0.4724739640218225,0.15881295214277896,-0.15440628024339614,0.2462270775614063
23,9,27,22,2.013966294163759,0.6469118039554334,0.2746490013993936,0.0997202705810775,2.1371506546231025,0.5962478291201561,0.3680663223882406,0.12789077602078686,-0.14543956279836104,0.05220202878406656,-0.4243613113442559,0.19579401666762913,2.020943918395341,0.6849596888170483,0.1833069963463467,0.08263160750387283,2.1918910428103056,0.6156669850797808,0.40554252369830296,0.1377674003435186,-0.09506112203587296,0.03997136067888083,-0.4623487651574368,0.21167013067607496,1.966557218670276,0.7584361989607254,1.2291718271468242,0.5659317175238773,1.5904435674632762,0.6708826105951806,-0.07048983282414091,0.27405032383580563,-0.6226239517189144,0.10677775553073436,-0.012579355070016047,0.2582784715003273
24,4,25,23,2.515365481623405,1.3668572673893227,0.17664133753218844,0.09465284619433596,2.6791155688463277,1.286827266435577,0.37771365561135817,0.17384115836726255,-0.08008898059018424,0.03811764735527773,-0.3920772206289366,0.2369456158505731,2.5270112360729304,1.3806309652149085,0.15257986211268004,0.090213664703989,2.702092639045257,1.2947078258357867,0.3855127236944599,0.17711801402591326,-0.06672511322778037,0.034160085226952554,-0.4030083623618129,0.24025765887317613,2.0859962307343562,0.903426498052015,0.7927142171307413,0.3519693606917675,1.9418212821273193,0.9007023915391904,0.1510997706131155,0.19727007198292965,-0.4159192153661011,0.14942749997267052,-0.1275475437332392,0.26655099186789843
25,7,26,24,2.202953173074358,2.5805421564194453,0.12784539751727994,0.1257186053903883,2.4633043946343283,2.483912015551991,0.5100024199784422,0.2255278728431297,-0.06615621945548476,0.028855913046027047,-0.38727015277346005,0.3601230250528518,2.210764852551591,2.6008444327825444,0.1130600526408793,0.11855619899762827,2.4790142046928474,2.5021741448786945,0.5148889008455515,0.22570140647084838,-0.05615693129070828,0.02862940963110865,-0.4017174254983828,0.3651214523717212,1.9594386157866925,1.899107841941566,0.6272505759257664,0.5397134659922058,1.95817592898333,1.8295010216911187,0.3329450359773704,0.3074272293959001,-0.36888405384416656,0.14475672208059212,-0.12287100266366704,0.41977222983399043
26,6,29,25,2.5129466866476675,3.5436175400708034,0.13519046999206616,0.05560300732084079,2.7199558513958606,3.4915548909117073,0.4460092567036122,0.15417999024157095,-0.07183171739994576,0.02411930578575247,-0.4406943657775136,0.18589481826493665,2.5328133176143224,3.5662584116146414,0.11885118041013994,0.05651512218384002,2.746381498757254,3.5128317441790666,0.4491363415909559,0.15426661685909648,-0.06206368796694198,0.024840092292311322,-0.44885017699694807,0.190158536177094,1.9361030481497437,2.3833186201592045,0.5503136841028466,0.2575670278191635,1.9340412128319904,2.36310198991202,0.33345945415816725,0.21420413165090407,-0.3513478071733337,0.10965433688381328,-0.24432253408571325,0.24636757533984968
27,3,24,20,3.7395935958182016,10.549668022054506,0.0773673883937459,0.042787517316685626,4.024969471394517,10.481667440204838,0.5330688231480147,0.20317329343814486,-0.04623116485898363,0.015026570694346795,-0.44219893135730226,0.21618029687319584,3.732300790295158,10.450766385999069,0.06988014172688174,0.04250693450464342,4.020072642572239,10.382111940411104,0.5330988615504301,0.2032390310123776,-0.04103799625542543,0.015410541920613016,-0.45053945395941347,0.2200769804790403,3.8931747125114633,12.65314837782077,0.3129002913562616,0.14758608685776814,4.066060605433827,12.611770911781395,0.4991296720688417,0.22153984798832502,-0.2434944648435543,0.09351109208889131,-0.30599214175639955,0.2271321971430898
28,1,22,20,2.2037066949743926,0.9697091788386674,0.4024188634775274,0.1912846626484373,2.2741187477949136,0.9024881038691506,0.31412545363636923,0.1455325135787475,-0.18850850047480117,0.04148618406786604,-0.411904250921155,0.21081379034460837,2.249409029210974,1.0488600537646768,0.2893449898356678,0.18200826680740897,2.375646233237866,0.9642734031819984,0.3569849983689854,0.1600171138578332,-0.128462471309836,0.0308820344272536,-0.4502750399679602,0.22904591700641247,1.905284350316395,0.740146805933446,1.1116766664347382,0.47210586225121864,1.5798513705615798,0.6740887362012707,-0.013498598486850361,0.2132368233709298,-0.5825036570828257,0.08408983109259194,-0.05294610551586351,0.18444021464405247
29,9,24,22,2.030106540645132,0.6731338857498638,0.19700074768617104,0.058293829302548034,2.188430785907333,0.6233135379097188,0.3931673664028729,0.11141088587779181,-0.1017157508083324,0.032961920406172546,-0.3668058243921453,0.24208863210579637,2.0523106182319997,0.6857029029571364,0.1505711669191119,0.050283711654595296,2.233343639813659,0.6243828348283069,0.4085316630529028,0.11860162808275017,-0.07462118124024765,0.018565778818381038,-0.38673833148929787,0.25095172079753886,1.6654462397774343,0.5635289211092073,0.8322384091918892,0.28535944922838524,1.4591697175023821,0.5447530615454751,0.1458625920150855,0.21916837608760778,-0.5140836308386684,0.1426881237817861,-0.07337210078955435,0.3337263200749647
30,1,14,14,2.7971680609228105,1.5684983809534392,0.37685448492343887,0.34277715722687835,2.8878242078447873,1.473227611045838,0.29783050425188085,0.19308174185424085,-0.1343519048812095,0.05834973706736691,-0.2912858196779166,0.2196202500276382,2.8488078823154126,1.6176518601539631,0.2853995932161744,0.275221548739862,2.9725920512382733,1.5175592569118994,0.32211892654139956,0.19654760138046326,-0.09665651160898123,0.052442109120098376,-0.3196267019170742,0.2296175477310842,2.2861682443373206,1.7608408305247067,1.3316046560987067,1.4648461913337993,2.029821640417301,1.5814259900495191,0.04900495511281657,0.3721396352650037,-0.5352812607355555,0.13515208720813,0.0635182716005347,0.27167848179142556
31,0,22,19,1.8897726167203606,1.5291116607643036,0.09065828691824476,0.03709786848472309,2.1507559091718353,1.4460724744626248,0.5150374554006022,0.179101201347484,-0.05797904099144468,0.019753799499765405,-0.39235005566455344,0.2627016732139622,1.8925406421108846,1.536104150492614,0.08366684572942053,0.03630377893722224,2.157795826373772,1.4513440987074397,0.5175976941751507,0.18043402720237126,-0.052783341968698154,0.01804092439923327,-0.403979089102857,0.26598440382199806,1.7544725313687797,1.1548099551842863,0.38382829238257055,0.15229987630223377,1.835342115673708,1.1282120660743846,0.39745225385661986,0.15677292579777263,-0.26045639472305365,0.11529477843258655,-0.1438203525056186,0.32805832397991047
32,1,25,22,2.0691860970764564,1.2961095405606784,0.15771131133915542,0.09727151889071238,2.2710662140030493,1.2166683830675995,0.441808486402817,0.16203268732779144,-0.08064709203576462,0.027190079128445288,-0.37070759551704596,0.2787970455679685,2.085013235145812,1.3143819087150785,0.13327715169044743,0.0909911974221615,2.298071709316672,1.23241299366852,0.4488154390653968,0.1630351450192977,-0.06636347708984722,0.023538244309760623,-0.3840890030426941,0.2835835961386976,1.6489853592506798,0.8311349921918313,0.6686947067045095,0.3334664589365045,1.57893050827452,0.7582159099144838,0.2791869447550893,0.23314269265633966,-0.4198081825578221,0.12059740249850964,-0.09462334787092658,0.3366028822783341
33,5,15,13,1.6086620356172294,0.6226442762659651,0.14483394674200456,0.08562470269707789,1.850106597370346,0.5039891559182142,0.5050359666477845,0.17363572011989867,-0.08483973964317035,0.0247934227947436,-0.43503773401059664,0.1794354729020639,1.5962741758541412,0.6155053734620838,0.11507695470218368,0.07164129900618646,1.854455774824352,0.4991294435156062,0.5183684508473939,0.16901437750201478,-0.06727019393355112,0.024944179162471727,-0.4538535935332819,0.1902158290265464,2.0259238872267313,0.9796503775842949,1.1068656113916313,0.7616123438494298,1.8064675846818454,0.748602347746896,0.07342663979330454,0.38091376974357294,-0.5008420387224607,0.13534635702065093,-0.0761780710583911,0.21131917682412912
34,2,24,21,1.5897369266422217,0.9721004313416548,0.14625149907166193,0.08556004747540814,1.8524751605473224,0.8599502859752499,0.538230809190995,0.19304857872395753,-0.09427574242016327,0.019024185638696303,-0.4233568539603636,0.21006107063735543,1.5844724357751554,0.988168045773556,0.11988872803890234,0.08445873085662839,1.8666793049468902,0.8680252845736166,0.5510444836395106,0.19795017330875345,-0.07393828175128281,0.02130748524932165,-0.4489862715927593,0.21946842527476162,1.732445564223968,0.6805745316805275,0.7824630814046096,0.31947795871332235,1.575034592497934,0.6457270584998818,0.1889006066549265,0.20240872673180602,-0.472638021218123,0.11530445397933228,-0.09879309456010232,0.2582958423437853
35,2,30,24,1.0848358802845748,0.6666748058277526,0.07523876413527743,0.06739263630945952,1.4783923815120368,0.528877254479756,0.6867448471676009,0.18762424274217407,-0.0641034622377471,0.0222298766047264,-0.4586696252623787,0.20689008882223003,1.0814371464144032,0.6710001681342728,0.06589316011091952,0.061556596802070436,1.4830486971072248,0.5319318029006832,0.691353888525217,0.18743061416666568,-0.055563174042301954,0.021372173102561384,-0.48044664506627954,0.2134337300044986,1.241462343947264,0.5535831951115765,0.3979236386684995,0.2979386331564415,1.3706553001380903,0.4105396756186833,0.4953743614121413,0.2396911889920389,-0.30399152512900113,0.12149271335908324,-0.07416600875424269,0.31086457573627696
36,9,31,26,2.402565198526937,1.3210306861904808,0.17969442604403663,0.09612783009646392,2.569489842906718,1.2447743259646933,0.3834764456080215,0.16320002411810194,-0.07949905937925358,0.030583550280542517,-0.42307348880644824,0.20885781200643072,2.420336482413395,1.332914064785429,0.1478787703715346,0.08435527796362817,2.6000475594266783,1.253827952411745,0.3921965918789191,0.16273452800881763,-0.06358988629502677,0.025908222145246507,-0.43381047848341714,0.2117592929418815,1.9812326025529814,0.9550391730731492,0.8315720718348404,0.4560766424414107,1.8282667324975497,0.9104934736425346,0.15830528596652732,0.26828603171845566,-0.4442426215962494,0.1618877567665526,-0.1973738441561715,0.3303586609515797
37,3,16,16,1.918524213901117,1.3283029852507287,0.1771793543672947,0.04320381840251957,2.109761813378654,1.2772453945728979,0.4513087555565924,0.1278377498021498,-0.10645418660586954,0.02760274159595511,-0.4174624070707237,0.24820368411056218,1.9057320654662986,1.3482620900388165,0.14001037242652217,0.04961180589673625,2.1200953232140174,1.290452025332328,0.4698738003489893,0.13365544460108378,-0.08294697130156406,0.02564783051120316,-0.44103869374288707,0.2585800902626527,2.1704403809424218,0.8028729920994044,1.050957189478111,0.3509255735098848,1.9033043620015169,0.7937400409753261,0.009737599472860022,0.1817298748667505,-0.5050721350684231,0.1195995437978945,-0.014018531072409239,0.25124683947970217
38,7,36,31,2.1084331955495488,1.321782687833309,0.148920003535668,0.05975494922473633,2.307110239262695,1.251798422107149,0.4395864562111781,0.16084707027002199,-0.08342146897357886,0.033870856027599205,-0.36230879508417874,0.27758089471255076,2.1245007931840965,1.325439182994954,0.1224248514715027,0.054789394700410526,2.3354964904342257,1.2512345689827786,0.44726418193843426,0.16167920101863595,-0.06766785974776601,0.030178248570115973,-0.37795824127248545,0.286327110202145,1.8086708385782684,1.1881549384189496,0.6005860223307912,0.3198475418730871,1.7641586706313785,1.1697737245330808,0.28180455506104996,0.2276748765068036,-0.37288466129971076,0.16774590863225466,-0.09040639456852045,0.2744135153093779
39,9,26,25,1.7710000236395236,1.5509998690479019,0.10159933024270974,0.05204869027345983,2.037579352908136,1.4759315394063603,0.5323169603528322,0.16853604806722502,-0.06730944605609694,0.02508758803496692,-0.4375868231600167,0.18255299905176103,1.7757165221136284,1.5619505655640595,0.09398225762356899,0.04851848716852709,2.04680903733967,1.4854285851118005,0.5349944197329719,0.16942023489419922,-0.06178081159894077,0.023128672163856303,-0.44306006197306136,0.18263965017641123,1.5502656168431623,0.9412899134070738,0.4228895110737663,0.18367415432902165,1.6056535380835857,0.9298519897061543,0.40296019439380426,0.15486290974994377,-0.31251863183951384,0.12268003794611318,-0.3060228107489903,0.29447123534025593
40,0,25,23,1.7331877068964456,0.639254177814067,0.1655568794365421,0.06256379892648126,1.9374915630861795,0.569404274759489,0.46521336514532224,0.13048053524682537,-0.09940703079849353,0.028113853239079573,-0.37471695735719585,0.22114427157898514,1.7281364220415225,0.642067014993948,0.1394835440393639,0.06217957046158883,1.9474410234194122,0.5689188530945203,0.4766253801727791,0.1317245130290256,-0.08334713259770571,0.027361418741809262,-0.3867692087387987,0.22320175656749972,1.9272284192444744,0.838437452240799,0.8900643474242139,0.3730380212970663,1.742451248583645,0.7724437665914002,0.13592058084679054,0.24205817492085124,-0.4791002129476996,0.1031130256406552,-0.1350728495139267,0.32473557271408476
41,1,17,15,1.666932708074312,0.5957531588032914,0.10572058761512741,0.04639316746679672,1.906584703968186,0.5318270027503416,0.4969238948671335,0.11993548313845628,-0.0663655623007225,0.02897166727970093,-0.3511983532162577,0.22343920335027934,1.6724178924320885,0.5981612777678457,0.09134064276544963,0.039091648563102516,1.9197038329554383,0.5314125269350877,0.501538286650261,0.12049854471989245,-0.05650794799062758,0.022912083356965023,-0.3640088768585978,0.22572305364870499,1.4530614888163758,0.4878107923617786,0.48761267212205,0.27195756617767913,1.4708940617494446,0.4570360341154578,0.3668801484687563,0.21703525502571896,-0.3493828162808556,0.16869022552737328,-0.17725860044154076,0.3453300546411592
42,9,29,28,1.5476912051269418,0.7802741428956366,0.10351136767075057,0.07009888706031527,1.8318788262444388,0.659842791553977,0.5493301422468161,0.1866012092745658,-0.06761553051152436,0.02584593014654533,-0.33343569615989727,0.2529156199758731,1.5508305687098225,0.7891676334456911,0.0950541595427295,0.06678642322824122,1.8401981504846694,0.6673105565976574,0.5523529567402319,0.1871104451781391,-0.06124924039787736,0.024221721037495925,-0.34179938144393823,0.25595573923920206,1.4766085099302722,0.5795736801434251,0.4273802233744432,0.2089698096108121,1.5536592511510805,0.49447874170861594,0.41641681543716624,0.2001624117799801,-0.29735704034432764,0.1197877550905053,-0.1639339939848024,0.33115583773463764
43,9,25,21,1.6004491785557393,0.4648859636513697,0.1445921783210781,0.050901356283758435,1.8266231155439414,0.3861878467609314,0.49267877736176935,0.12828449599128322,-0.09255706749002515,0.029069121826174858,-0.5154272990614757,0.16546096001054464,1.6113368705346858,0.4854952317615394,0.11791056955644738,0.037333878244638484,1.8516341394256428,0.40609135364330357,0.5019620050799525,0.12855933480958748,-0.07576754333037178,0.021751631209330706,-0.5319306713769446,0.16902751340480546,1.516914823016905,0.3847007182626276,0.6278382615253129,0.19477581654318757,1.436483661885667,0.3593159049086366,0.2771094454485695,0.16629656742506443,-0.4224625819721819,0.1219630534539078,-0.2765287187595566,0.2592844894222289
44,2,32,27,1.9814808204040837,0.8225643896692636,0.15824406130708296,0.08580539557632366,2.185557551685628,0.7101726109243663,0.4405528268940401,0.1821564947541359,-0.07868768631510047,0.02195781609995016,-0.37553735109444697,0.19179161688036875,1.984481081494722,0.8282895810679374,0.13645570914839256,0.07988031813944815,2.1993963484237025,0.7130370038055907,0.44813222840996747,0.18275321512439183,-0.06612093522208873,0.02043522605482758,-0.3888652066981294,0.19781886961024078,1.8882245261774981,0.696425229143919,0.8159801962004349,0.41370661444901147,1.7517012605758082,0.5879001531167798,0.16925649257377157,0.26042937114878006,-0.4298493530340577,0.12046516479245682,-0.08932826395615895,0.22274758448249796
45,1,32,24,2.94863632127542,1.7498777970590442,0.2075040324955129,0.09597271894512817,3.0747066024530794,1.6976674527020499,0.31818349144398184,0.12905370639161579,-0.08077212137149475,0.04017938244662501,-0.41474585973771094,0.26843205813294424,2.9851571648982853,1.773360583409772,0.17534921692966382,0.09238049133182227,3.1229680095469794,1.7164308631070098,0.32594372056366616,0.13234516486917652,-0.06596716543324785,0.036310114912065934,-0.426915425796569,0.2702281716193938,2.141339158356499,1.195340624930657,0.8124545478413805,0.408940897795188,2.0161717878399505,1.1493228748311533,0.16576104322766388,0.27007534417254714,-0.40873157369945506,0.14350182424595861,-0.15575872361890092,0.3481444910853053
46,0,32,27,2.3273525567489624,1.8197558143264343,0.21780666840791818,0.0833176838466388,2.4861628445203054,1.762103550825073,0.39968508740324793,0.15364651954713016,-0.11285087066624414,0.0424120079929616,-0.3735562584544734,0.2810308659318056,2.335155679609887,1.8391936036485252,0.1750935209593521,0.07230533916071027,2.5167923593029884,1.7730446357985519,0.4167165253047654,0.15909219950339393,-0.08798347704360131,0.027870737460869655,-0.3908758922998547,0.28808119726916814,2.120470694582227,1.3293057134698207,0.9226685325318134,0.40973819079643464,1.9149664637436965,1.323064125567189,0.10704304232194159,0.2657251426804709,-0.48807422942041734,0.16148617862268907,-0.14101269397742747,0.315533866278864
47,3,26,24,2.015932964659814,0.843586155444593,0.142201168232625,0.05908074607331047,2.2177281846255803,0.75322857378121,0.4350042051968016,0.16496906517265025,-0.07403520931041332,0.024129723219745425,-0.2655000013966454,0.26139291128960257,2.0268554612709337,0.8599081465445241,0.12681995099856852,0.05518997761940968,2.236109885383129,0.7667661887383728,0.43996053078348435,0.16669609908659197,-0.06519121347106092,0.021432123424926126,-0.27504302598514446,0.2664169882214204,1.639539046905465,0.4826853811362061,0.6404203157017888,0.2523531941753888,1.572691031469219,0.4052547033335801,0.2609482235104274,0.20652717982858365,-0.3907760395205164,0.10568609562763036,-0.04918713453766795,0.27590346782828506
48,3,27,24,1.516649841735055,0.5714810234986047,0.1408555599218022,0.04578545660709125,1.7596806779038014,0.49561236371545503,0.5224424467683627,0.13251657641284117,-0.09617633887205582,0.021833446191071578,-0.41905889545568936,0.21391305376594066,1.5134697797879766,0.5779105468409057,0.11150675459347469,0.04479886972315575,1.7755202941638475,0.49580273899807087,0.5353210376763633,0.13547982355878563,-0.07460896398008482,0.017523478337035492,-0.441456147487047,0.22430219730309248,1.606218144410467,0.6066951137038038,0.7588142283958534,0.27861507689183607,1.4543939380610875,0.5595434143031064,0.21521122664571773,0.19280132434714958,-0.48524759884634533,0.1048726163328001,-0.06126748975437338,0.24029601867339806
49,8,29,26,2.4306712575446805,1.1601720628751324,0.18437467415031256,0.06862190913806876,2.5849848047748796,1.0946088706933714,0.365254472148015,0.14197939692044317,-0.07993296801639105,0.01990035747033405,-0.2881888816748298,0.23252629500129982,2.4449209550616784,1.1774967171261361,0.1659031252822571,0.06407588272487891,2.606603000233469,1.110246051242811,0.37058757130743186,0.14292823687258174,-0.07126564921521249,0.018092547513818415,-0.29574897143330187,0.23544873612571504,1.9419135275310249,0.7467979333404604,0.7503790289805756,0.2763806048105573,1.8222161714423784,0.7111346906139013,0.17183679072804697,0.19702632278171703,-0.3981947136614687,0.11398839321452396,-0.06362470810922222,0.26908748260921017
50,5,21,19,1.5810854974621291,1.1519156012435128,0.07310653131328218,0.03757630089792913,1.8954215500452654,1.0372823911902556,0.5760698999455831,0.20070535708333168,-0.05174395474766765,0.01932146940411036,-0.38024168356740795,0.2934605020932152,1.5810953272281938,1.1425078429750253,0.06748546260339462,0.03395211657207327,1.8985998622026696,1.0264232783438167,0.5777636106610107,0.20065174822142529,-0.04772111467095378,0.017035896836634968,-0.39097273954568396,0.2987462681820866,1.5719715757959272,1.653058661548346,0.2928128595404137,0.17206944722047912,1.7520399096102874,1.5934927868389763,0.5127353443005619,0.21368230963899842,-0.23389868512845524,0.13466233293923202,-0.09816132588923895,0.32230272454658565
51,5,25,24,1.3322414115501695,0.7199027123757494,0.11023504118806877,0.03301355007665621,1.6264988191021226,0.6506632884335491,0.5916961929975112,0.13398513920818614,-0.0908161011582892,0.028873660731121263,-0.4318541654030439,0.230627601318128,1.3221700019284208,0.7214540728180778,0.08739633175184064,0.02743316802161892,1.633233098061263,0.6499732669525492,0.6034744399863684,0.13320403101164885,-0.07264366970596589,0.023534559299225315,-0.45147410055807585,0.23308163029686188,1.6463609691204342,0.9457728718575791,0.738849472084087,0.41220836525340826,1.5596163281163695,0.8285965022677219,0.28386633935822614,0.28851195593459117,-0.45592908273216026,0.09816478998393015,-0.13366364762410415,0.28513979100937675
52,2,30,29,2.5335723801846575,1.4604138499797996,0.162674370443951,0.07740530259951105,2.694596023337911,1.39994120397038,0.3706437315473082,0.1487112714525033,-0.07400731288586819,0.030671934375129085,-0.29449936860752446,0.25242303638983515,2.539079099640118,1.4693330104010864,0.1473491135623437,0.0744347976128488,2.707132346723132,1.4058867922743734,0.375837143415995,0.15127791696400775,-0.0661171267971529,0.028643230867401153,-0.3029954174690831,0.2544310976875782,2.357716783181307,1.1002701532250132,0.7473057403515407,0.275625167977504,2.2550616073318848,1.0903125263187854,0.1542203482313723,0.16336170644893488,-0.3487230172825845,0.11393257449562746,-0.06485934175962756,0.2806774832342766
53,5,26,23,2.146828495696397,1.9914144268469052,0.16744408293098972,0.04346519649781608,2.331713329331146,1.9484128638187146,0.43655154161754833,0.11916791674326876,-0.09991825338022044,0.04076346078262546,-0.4187359073024678,0.213678031832963,2.148951036714637,2.0132590090303633,0.13419539757928886,0.0433863783887456,2.3524310858320705,1.9650715754517576,0.45028223091131775,0.12417357855667638,-0.07935805044994204,0.03486986558763311,-0.4380079643429398,0.21923111175225443,2.1037697382246034,1.3535337847664743,0.8961248360231164,0.2791569840733314,1.8881651800411585,1.3795726082099713,0.09434715025262637,0.14727803082940252,-0.4839249517045763,0.13179259337645455,-0.09166751463252015,0.2790740714982749
54,5,30,26,2.5751716018786692,2.7799261256692103,0.135965970435686,0.055645267057178455,2.76167890532197,2.729739677369028,0.40550576366941266,0.1487202868858652,-0.06292780683432177,0.019433337045307447,-0.37437038645633147,0.21619780501495253,2.5812330501161225,2.761056290238298,0.12253347980809888,0.05225953211706219,2.7731058701828344,2.709542213696251,0.40888626649588744,0.14874161371574196,-0.0558747410671449,0.017857932424831073,-0.38161682410306863,0.22076718591078243,2.389512524931582,3.5340060432908698,0.6426865250393917,0.2577457839640774,2.3357917731099747,3.5293888194087315,0.24351767595364224,0.20712762784570682,-0.3528300929321774,0.10600208931215349,-0.1902546123706329,0.2409379999996886
55,3,19,18,1.7025524362940065,1.9741237351080394,0.10410413232103632,0.08128547650261463,2.010235811822679,1.8780619910671648,0.5831935274451124,0.19924655322542478,-0.06766107324221533,0.02081104887561254,-0.42648452526008845,0.26547022700016926,1.7027321948450669,1.9973720034461155,0.08772290673939027,0.07650185797524732,2.021850646913694,1.8987475256911996,0.5908215814214408,0.20012652643253714,-0.05547768558035546,0.016148430428906298,-0.44243432534315413,0.2646206781598433,1.6853538286656775,1.1937871690470592,0.6383539191796498,0.35931929357810616,1.6469728060371007,1.1260776452082308,0.3022556331562932,0.2918783361241602,-0.39323490883329937,0.15502008309219786,-0.07216418096678807,0.30254028136617667
56,3,16,15,2.467701021475801,1.8480956625574159,0.15106832399968628,0.05882097434097015,2.6443339396995076,1.7879302530922103,0.39810823007373636,0.15928124842315294,-0.07629867596495296,0.02830702026625189,-0.31488254983124553,0.2328839575180121,2.471320417293579,1.8736325506949345,0.13230237913819654,0.05114235582667476,2.656253928502375,1.8120272744250736,0.4049937081856912,0.15913960409162545,-0.06757553511141882,0.024870262482580122,-0.321858453992635,0.23572039112096865,2.3526993658723425,1.2508453322603854,0.8377212534301285,0.5056727124643868,2.230068479765258,1.2014977503512378,0.13727444689650767,0.26917649810869865,-0.376897654695033,0.14823352092176134,-0.10872173230548077,0.2652045886592194
57,4,21,20,1.6668463201390458,0.6882177437704426,0.20464991844272998,0.09748095109769235,1.8587597893365086,0.6192228754288502,0.46619459411057906,0.12717254816514023,-0.12374556696103463,0.03234523349509114,-0.4503525881556366,0.22458559983696988,1.6604989636521306,0.7045903674711442,0.14100830300230557,0.10469523028663831,1.89214731860107,0.6214637954721863,0.4949450355792624,0.13715225039791878,-0.08045383879784367,0.026666272995076595,-0.48734586439024047,0.23751428295882124,1.7931009353947875,0.7621214196259174,1.0134033130598614,0.3804365224361659,1.4927750417546495,0.7340690852405631,0.0363575584298215,0.1886714277896573,-0.5766064968138415,0.10153617894970403,0.02000993682993231,0.2051345192215798
58,7,27,22,2.942783197168893,2.2210528358621335,0.19222572385800019,0.09323553312934027,3.092516435364907,2.1526395713518864,0.35446535260631307,0.16757669835436867,-0.0797178598034327,0.035087842397140766,-0.3530493129879673,0.26152064293761007,2.9704092630818715,2.2666385014502666,0.16049655945476474,0.09220559390153392,3.1341486092743875,2.1919789773493346,0.3639807650412276,0.17236356941724912,-0.06275854780749963,0.03234833738501316,-0.36794656158889855,0.26712103688059285,2.2307398613348846,1.1539717288061968,0.8583016785139944,0.32083838516848834,2.053942377626376,1.1722381111283404,0.1129744684420853,0.20471129275839664,-0.4392176101350073,0.15068664191495443,-0.08954457115394873,0.30489333506811583
59,3,29,22,2.3482755097032886,1.2212794561728828,0.12695336266266363,0.059378091810356366,2.5371621653371643,1.143902120350925,0.405433196481586,0.1587941954720179,-0.05965247680449494,0.023070705776477757,-0.35901152229958067,0.22995599212416498,2.3536618083253873,1.2219128828221397,0.11574823883151836,0.05482829025983384,2.5473114084578743,1.1428273075650779,0.40860221384471096,0.15882904730988226,-0.05364308915262313,0.02024635539797654,-0.36709153758891755,0.23460639237183156,2.209145211523936,1.2674693210354382,0.5720731390977938,0.4786040131917738,2.19750352209135,1.2289496038606735,0.2538671922502482,0.24694247050838225,-0.2865565400586511,0.15700121513092252,-0.12015043179245587,0.24287957713081434
60,8,22,21,2.256056560201031,1.7587719483762654,0.1721714112590216,0.04845016342005571,2.4284943180836014,1.7128624898141622,0.40576186425177846,0.12348581083840855,-0.08827577650426416,0.022341523479615218,-0.38605742882730837,0.19933847289114714,2.2767769430535916,1.7593021999481502,0.14010480923968835,0.03978984660068592,2.4624095165030115,1.7110143873115786,0.4138138768798046,0.12211658959834466,-0.07073628779725455,0.01892944324866722,-0.3928215807764101,0.20126753261185382,1.8945761852886063,1.7046797820825872,0.7895204790926111,0.3619766780881383,1.749142101558604,1.6895188593223882,0.22507471346422162,0.2619122477550683,-0.4883958266575867,0.12350981759101184,-0.2439670665162188,0.28423562492573057
61,8,16,13,2.1804412797209936,1.1092752186254098,0.21784716747915017,0.06065780260033078,2.333677356986607,1.0462201802103026,0.38754605235664097,0.14401475204068515,-0.1090423984448086,0.02698521963245021,-0.34168496889933475,0.16575786478834084,2.1770066591536867,1.129568387097936,0.1611689352088772,0.06597142757625492,2.361023365134407,1.0526250298059234,0.4108635317104562,0.15648723582586638,-0.07624453586450963,0.02228896627741761,-0.3738973337609307,0.18954843484048184,2.1614278708552437,0.8528512970014601,1.1662455716375772,0.48306457172939204,1.8364067080619226,0.8318880216754108,-0.045389342134938115,0.19747722762469458,-0.5543669414978469,0.14240350994627618,-0.03390559856571714,0.24417673602519155
62,6,23,22,1.6088530798413345,0.9154674398516219,0.16284838143572977,0.1334524920286177,1.8737849495968801,0.7605478549898798,0.5280651255519954,0.2310511483782993,-0.09606435907672613,0.036613437121455115,-0.3859254583129886,0.24589015598673453,1.594056791947076,0.9217568480875103,0.1356003741206431,0.1222397064651541,1.8786196530524122,0.7605586693098059,0.5420040752593281,0.23175518964438024,-0.07772080932275757,0.033507856672178114,-0.4104693540972097,0.2524839030293697,1.9689666969868511,1.0123137344301947,0.9162172089402018,0.5737906229629922,1.7997520158206568,0.9062100602545743,0.1496528275736797,0.30497653074335024,-0.4667948580639109,0.14998146004105845,-0.0991512630964506,0.31807314407477155
63,5,27,23,1.7269078025584559,1.114942952617648,0.10919348512510545,0.05671032425673607,1.9948926311978896,1.0094680793651591,0.5244648276823551,0.19433796712719126,-0.06744947343826446,0.0182981603360386,-0.46627921798741023,0.22246925933216696,1.7293031288772853,1.1291874305319145,0.09528391788451442,0.05426602141583759,2.005799295348057,1.0213550288295818,0.5300515599800767,0.1953312554754437,-0.057527217317455345,0.01493651339747377,-0.47653105034925963,0.22464849204898643,1.5326028602955921,0.6142879672425061,0.6008116103105868,0.32217982892626035,1.512404566446621,0.48149894937373955,0.3212045897540042,0.28299286554061254,-0.38833700842403396,0.13101914215369595,-0.2398587786614051,0.30967005204630416
64,5,27,26,1.8616584427558405,1.215299318231681,0.12831122832532335,0.04780401967697212,2.0909950703629705,1.143489510827569,0.48623275544497063,0.15307128592620517,-0.07846295661342692,0.023712636957148685,-0.458042449930516,0.2508519265571653,1.857207577115423,1.2189414956199862,0.10972251039886392,0.04431065227858731,2.0974511990413225,1.1444525102523302,0.4943752860481729,0.15505686223719367,-0.06699507518775981,0.02226829674526233,-0.4712979012254281,0.2515106257323842,2.074406915370688,1.2596609348853913,0.7823622665213462,0.4871846367125669,1.949537543921017,1.233731756777178,0.17801552477624044,0.19256934356997094,-0.40835329472870185,0.1280475695955087,-0.17334414733189363,0.33957067854481654
65,8,22,19,2.2127638345460117,1.4100571965202022,0.17001631255095873,0.0771946593033382,2.4073397570576036,1.3182894632170583,0.4290540017915097,0.19270451450919393,-0.0850105208948413,0.025885750728352544,-0.3814801993318808,0.23903224029974404,2.2132079554411823,1.4154860126184816,0.1393252153886687,0.07497450121813226,2.4236819026088536,1.3179082446818615,0.4406995656788056,0.1942270172428191,-0.06686414315383195,0.02350476122731288,-0.39552542218251074,0.2447290369816296,2.209062359822394,1.3814073543761487,0.9109166820180561,0.39454612156698315,2.0276093261706767,1.3611327608426682,0.11941037512897502,0.27663312345624047,-0.4651901335553114,0.13563737817589092,-0.1252373936862026,0.26487225755131283
66,9,30,22,2.338401842491114,1.4900033904903565,0.14309831188968813,0.06528103881872724,2.522797442285953,1.4252136141920428,0.4021517506293776,0.15741349123089182,-0.06655009482110524,0.021174005849608483,-0.47404059773875507,0.1934110956078714,2.3557114471950595,1.4947189274002493,0.1286991681611101,0.06216223091064011,2.5454698757798444,1.4283845636989745,0.40477947058312347,0.15772544155576262,-0.058712604720972394,0.01994106774170774,-0.4798190344587938,0.19302158197712088,1.8195604245063945,1.3707623382446672,0.5528914647214885,0.26224941566090887,1.8177164548361346,1.3328529835456109,0.32077143863371005,0.2079005712868199,-0.33535447665212625,0.11677057271687379,-0.3597230888110159,0.29446332431584604
67,0,23,23,1.9546808502019348,0.8233065899023363,0.14299804410612177,0.053341836497404156,2.158679200422953,0.7396160852009087,0.4427450996678667,0.15689599572625781,-0.07877192325185732,0.02588199955053474,-0.3217161271116627,0.23550404755413162,1.9675243301834988,0.8325110346095822,0.12601295629081596,0.05231866012696773,2.1790587426700987,0.7470155884168637,0.4470670153061147,0.1572089375241073,-0.06862811755644539,0.026391135301555194,-0.3316719105801146,0.24295475305909184,1.5125873216077752,0.5140796126385406,0.6042929642785984,0.22832641928105482,1.477029904510831,0.3966683313357919,0.31444002123323855,0.23677501410832835,-0.4048937411834699,0.09092607136471562,-0.08122632444007817,0.2360657084160025
68,4,30,27,2.4788182985438216,3.357990654184154,0.12953825623573645,0.07796342678177123,2.7462494534788373,3.255310056108709,0.5155920408718718,0.2422174010675891,-0.07264046309168243,0.027895207388002767,-0.381684530343678,0.24385857844860195,2.4716761858926612,3.3154212696750647,0.11597966531765655,0.0710656894398793,2.7460419006581156,3.2102361024071104,0.5199823220221444,0.24289719438651414,-0.06504923993893412,0.02553454149657717,-0.39268643341107456,0.24900291197366156,2.4772554833701586,4.528030587364585,0.574350089193072,0.38679439552217715,2.48786977972617,4.504965553181122,0.34980701899058114,0.24009116753418766,-0.3461036419438534,0.15933402157695747,-0.11800023417669997,0.28695312139074763
69,0,27,22,1.959902737128893,0.8744291637387477,0.13303165343426115,0.07072334726832714,2.1703031935692048,0.7901716312195713,0.4488508331240459,0.15654038257372757,-0.06996132647161953,0.0290696425838107,-0.45012547936508374,0.23222320523668727,1.9743801169542923,0.8852914700399989,0.11853963080523039,0.06755914212521892,2.1909067385209573,0.799638075332324,0.4521714089231249,0.15706676619006177,-0.06164074331425612,0.027489701508148418,-0.45906812645223516,0.23247600443976763,1.638664805833477,0.5689902740565047,0.5295518139660417,0.23711783210451032,1.6330792734396662,0.5304247184288706,0.31946784262251215,0.1808861994069632,-0.3355620458356769,0.1273599490795083,-0.2617639690689265,0.33887637510471547
70,7,25,21,1.4269795044738347,0.8456712403162039,0.09836057869757048,0.06694690617736038,1.7542300331421004,0.6837243233354862,0.5952348695998138,0.2261749987763791,-0.06679174323264345,0.023211859880894643,-0.39779613360211263,0.264923589073183,1.4196260297858336,0.8528299564956668,0.08484363133984857,0.06181847766840173,1.7579574805968343,0.6872821437890025,0.6026670840131879,0.2269884727133203,-0.05629808821442736,0.02172530394048192,-0.4173233058675607,0.27122736079914866,1.650285391726141,0.9114641188797575,0.553083134172385,0.386851403663237,1.687870317360546,0.7677792402699795,0.3637208643472169,0.31199297784015023,-0.33114461110103494,0.13864132207210156,-0.11177885226560726,0.30969776661279325
71,6,29,26,2.030227271454618,0.9854167177037425,0.1629518960722079,0.04230407384091001,2.2106063881496754,0.9364504406641639,0.41971949859990865,0.1177525968697313,-0.08906158772972554,0.02736896276176618,-0.39395152474548445,0.23384784701679673,2.032225722773898,0.9992374887628174,0.139591645380943,0.039001410869300285,2.224795601901779,0.94656431069651,0.4291111734424453,0.1202451669899413,-0.07579287050138014,0.023034999859678128,-0.4028519143931119,0.23175921584371295,1.9703265563221142,0.7059831913155178,0.8877992585476989,0.32616738709463705,1.7671817952078086,0.6938914198030487,0.09546007177917619,0.19448319402786424,-0.4699231018201971,0.12501309368860059,-0.17545802763033636,0.3693005556730437
72,7,37,32,1.9299847614007226,0.9778512101837574,0.1290903743856008,0.04504712334335291,2.145141949296793,0.9041405707211216,0.4611578441533849,0.14941391206266832,-0.07446365212081286,0.031787119145644006,-0.4237300453607818,0.21002721593498555,1.9340271748387081,0.9842426941322913,0.10878009612049824,0.04899085609743054,2.1597961435573128,0.907180146488714,0.4681760483397676,0.15114970306359243,-0.06150585132171073,0.03172111501133354,-0.439063393183166,0.211807393968642,1.8678393083650071,0.801544315624019,0.7191314243862392,0.24041484241873892,1.7601780396909992,0.7703786978678924,0.21792877628114707,0.20469932263039373,-0.4164737736711375,0.12570796596607456,-0.11097229197595096,0.32333752659246423
73,7,24,21,2.2239740047948593,1.6308378704690387,0.14031955584174863,0.08699624018178118,2.4433214829386833,1.5303590526857993,0.454239803232427,0.2016703642354762,-0.06907356151619369,0.024759672298279085,-0.2922664065386284,0.20462995705791154,2.2418458758053297,1.6700088627958383,0.1230715462927684,0.07511544291403172,2.4687784792587,1.5684676075621775,0.45957481854198917,0.20172113849776024,-0.06034024706063642,0.019056430889196965,-0.30089003817682763,0.20681682351139793,1.9239029338406264,1.1850698575088,0.6339452079886402,0.3162469928640836,1.8818737825297756,1.1365565582298256,0.26318028651705966,0.24853035447745767,-0.35496334650925415,0.1450228373773398,-0.055019929080081464,0.29693265525865986
74,9,22,19,1.8618071380607335,0.620135623630532,0.254866151410741,0.07121931222378866,2.0057201625824486,0.5613290025947466,0.4029154411878872,0.12507118542613374,-0.14371924092637714,0.0363313851067694,-0.3278199986103778,0.18960281908935447,1.8716588320108933,0.6704310550679561,0.18524145796588254,0.058819580008620274,2.0542854549036784,0.5982039311291374,0.43258525414592003,0.1359148029742314,-0.1035713383734104,0.022915029785723212,-0.3553961633411264,0.20951402290644863,1.7058042076519195,0.4312243772190914,1.0066218014561998,0.29235473679824286,1.3974681315727064,0.35619700425753664,0.03675013030421956,0.22665161596780548,-0.5918671741084135,0.0877922051302435,-0.06665183697155021,0.3216516847005945
75,0,39,32,2.4936464388094186,1.7779225429512862,0.12718417472556556,0.06388996116414888,2.6854893815078817,1.7048561780853888,0.4069348383910247,0.169727157369955,-0.057558109923820225,0.02239503533707476,-0.4150766000028705,0.18925030449750233,2.5251291020523667,1.8125472184619271,0.11422468718323382,0.06162550432574201,2.721210088304304,1.738218455329193,0.40852589022525787,0.17028144591977262,-0.050738469386433366,0.021256997477913694,-0.42128964743659025,0.19108012013603162,1.6305103800401928,0.9859826375993944,0.46304189461236317,0.1618341317133758,1.6735357962594355,0.9498021760878351,0.3782122447341049,0.16997459735395776,-0.31206017811160164,0.09983471862290871,-0.2751900036789113,0.23850714291371058
76,2,18,18,1.919163536334546,1.0084181381649615,0.10942850026534615,0.0393268149979434,2.151214909970713,0.9186412925527594,0.4756382054316925,0.1681940576536025,-0.06241022838713101,0.01751087782828397,-0.43193061176181735,0.2566016143267005,1.9255812758168718,1.0175483472132292,0.09714505533430964,0.03816874142246304,2.1640590342863932,0.9251221951321875,0.47962483220054,0.16962998771711887,-0.05444100013266097,0.015633836000267968,-0.43983786028226274,0.2589247552797672,1.6456323982592411,0.619696820076928,0.5335269391553935,0.14216586569169146,1.630508104435803,0.6045576078686092,0.31971404319622826,0.13968190849064363,-0.3498943022715485,0.10387548872145859,-0.2748689949916104,0.27858714873758195
77,2,30,28,1.879003095782615,1.3875713783251211,0.09483177141156092,0.025115589438388746,2.113839201629909,1.3392672105098373,0.48519117321358485,0.11235699839590209,-0.05800081040987991,0.018365752530995608,-0.4255669605490488,0.3159097464606595,1.880839594171092,1.3909807927999474,0.08912685777598003,0.023272989353785564,2.1186589664480495,1.3419959506685526,0.4871231480929488,0.11275663327893158,-0.05429515930740212,0.0165749808050595,-0.4303916368713749,0.3173342065225436,1.7734628271048942,1.2063501383659132,0.3995384682336981,0.1364423829197011,1.8418037701332703,1.186398619087156,0.3789833859191693,0.1318973982314492,-0.26028055677446266,0.09775734628890768,-0.24422674451648785,0.3493502130469712
78,4,33,28,2.0594938768512034,1.1553750773707245,0.19565209482346888,0.09707852064808588,2.2498035457964978,1.056825436183669,0.43530084078643694,0.1876584789472209,-0.10057081331659709,0.024935392682282093,-0.44262639945096327,0.24244823850992975,2.0632138460194738,1.1724343959519206,0.15622919655582157,0.09720287881471042,2.2754570906450025,1.0648940899703787,0.4510538607148764,0.19282584812714085,-0.07650824117060885,0.02671831456944788,-0.4675790464843436,0.25339202478616873,1.9373056889374465,0.7743994718308228,0.8839338443909392,0.364031689087432,1.7365724660314472,0.753887464713152,0.11216934046477729,0.20812833358675262,-0.47840855456358355,0.13431692749884835,-0.06442556821529145,0.25938568305931037
79,6,18,17,1.412484743797731,0.6243037037886116,0.14015579829192923,0.06587210875304937,1.6819952576543888,0.518386642609539,0.5590991636775614,0.16923629638738102,-0.10290853547007466,0.02997893812640748,-0.34379749638460455,0.28023962781754336,1.3953940077121283,0.6364548663387933,0.11232333756363971,0.06401266130960782,1.6887546886164144,0.5177330724945914,0.575283321599313,0.17661803182753802,-0.07919086063117918,0.019632234879205773,-0.3738622449539562,0.29590154162804255,1.687991431552914,0.6354894296119088,0.7954569603435903,0.3379949125741202,1.529626175233089,0.5636542719118824,0.19756753559093534,0.23182986841904224,-0.48215167388270863,0.12465670753983286,-0.023656299302302057,0.34088298811928824
80,7,32,29,2.338994282188802,3.643385976383326,0.11519177384470528,0.09183929436969601,2.6229314092690212,3.551673078636971,0.5350144952547297,0.24237143062748057,-0.06104430078335075,0.023730725016415866,-0.4446575413071234,0.21920609806022323,2.3499600563094782,3.6671698068188485,0.10203798568832198,0.08533429705297989,2.64077659813539,3.573727132927651,0.5390242539266314,0.24281206465167887,-0.05265458348348677,0.02198439892758215,-0.4562342253049039,0.22141043475739844,1.8229251690033323,2.0820756300189047,0.5320032380251256,0.3845627213683238,1.8747310529841397,2.017728427743584,0.3888701416331327,0.26679750154029747,-0.320868649641883,0.13496010052763419,-0.19574064922148682,0.24079443860387686
81,6,33,29,2.077533340705288,1.312279280170736,0.14409258550422416,0.06359799845008274,2.2837472237062038,1.2363957527555185,0.4482143290209257,0.15850523221562238,-0.07697984352492906,0.02692284155674232,-0.3693478726003011,0.2131201162251798,2.0857397536273834,1.329758843549246,0.1193833476733,0.05846839723136813,2.3037527719900863,1.2515625069853067,0.45623206979196423,0.15875739417621818,-0.06247597863239102,0.025917578431336692,-0.3843906767087656,0.21999062393374527,1.8875776617155702,0.8452772921431715,0.7922200314212071,0.4165095927053413,1.7697481895025469,0.745786537927875,0.19589818484582175,0.277938566114478,-0.428932804348638,0.12860479248730255,-0.07706794804638706,0.25397770265955305
82,5,19,17,1.676183775312506,0.970197664143355,0.12810856839074664,0.057590527695670225,1.9383121503300684,0.8522258636249311,0.5179070080590978,0.2029914739335068,-0.07985033894848444,0.022854872550498267,-0.3620468842755485,0.23790421461210523,1.6747701455024173,0.9801574372839839,0.11501202632660978,0.05428155240654159,1.9458014717928358,0.8588693992937465,0.5238476845190214,0.20452511054152372,-0.07060378098741724,0.020749395746343467,-0.373840338528756,0.24232172798977447,1.673192533044397,0.622800859636314,0.6232279301858421,0.2571413877980239,1.6269404954152684,0.537448431710503,0.280189571156111,0.23078558719658449,-0.37850334682407205,0.11903272695674545,-0.12992597207461512,0.2657421813667225
83,2,25,22,1.748754136659944,0.6460971466769798,0.12915525137066003,0.03317389832906811,1.9659369859582723,0.5913140000543408,0.47287516301675886,0.11263414214451344,-0.07991602288657843,0.026296938318360913,-0.33741521424620713,0.21290699843148636,1.751729155622057,0.6500903100539409,0.11283778035175626,0.02838000857843261,1.9781799701212888,0.5910761674727212,0.4789379606953951,0.1151981249940006,-0.06880555047735959,0.019065137928128778,-0.348410820744005,0.21640549736890677,1.6958346207090287,0.5524236198089756,0.6320944386811566,0.200640627614392,1.616774577532242,0.550256691914144,0.2543321976924567,0.14875531610247192,-0.39558157236100533,0.12648659909051288,-0.08098758144276165,0.26104769135189076
84,0,25,22,1.8288745254849197,1.252329184583434,0.11320928018664667,0.05846595317244998,2.079494314232755,1.1635354338022383,0.5093884515116721,0.18015683850416292,-0.07309147430657985,0.0328797511734869,-0.4288102517915766,0.20534030114434815,1.8352333269166112,1.2608525812515639,0.09699122371756493,0.052322381813724,2.0942850498887298,1.1700375299835803,0.5144613809017677,0.18000937355351102,-0.06214770058405633,0.030283646067609166,-0.4367335683859914,0.2085334895194416,1.7001574407083933,1.1503669112352282,0.5602789030730708,0.24718112749141205,1.689276447923271,1.1118363507185574,0.34718754473251523,0.23282935220199089,-0.38582000597817595,0.134042773960487,-0.2738569753702635,0.29668295326149796
85,9,21,19,2.1415534952392488,1.3063299398354928,0.11186824156397679,0.041967376496282176,2.3513993965259,1.2375804892281024,0.4411102200293043,0.14780938005926383,-0.05839189925680181,0.01764963309311943,-0.392445918479765,0.18341612924696205,2.1470917951915287,1.296612735680197,0.10195672394251948,0.04021988008698206,2.3610379512301716,1.2265290798913302,0.4435123649268787,0.147600252109256,-0.052793794093685,0.016461708213807644,-0.40299759528745277,0.184421519948511,1.963942793924808,2.031941979433623,0.46349865781813343,0.26036319879211534,2.0131931218897687,1.9999430014965882,0.36752058013961464,0.200882533166947,-0.29197917633624304,0.10790765246128706,-0.2090204703513853,0.3185504954341085
86,5,24,20,1.5789379807500605,0.9275585757566127,0.1292559675893422,0.07901803483560094,1.8588252607873972,0.7937702449202123,0.5471499409540631,0.21113277532621547,-0.08080937752584559,0.022554110314643282,-0.3235068642851117,0.2826145506293537,1.5696705644507958,0.9349182088499032,0.10853756266946912,0.07309048256477436,1.8641931174263142,0.7973174357567875,0.5574148264877715,0.21181771624724194,-0.06583506112124302,0.025298620891741515,-0.34806992051442864,0.3046838334743116,1.7677239140214651,0.7890011143164378,0.8098442008675836,0.44230214019344816,1.6430996011316132,0.6476451882931603,0.2057388048886227,0.2871374156817003,-0.447397760700442,0.092604476475565,0.03424415976912287,0.1974108216304576
87,2,30,22,2.4509104197948366,2.1476504952747044,0.12416781527452983,0.06185751493135578,2.656709287978614,2.074270434801045,0.4292722002971872,0.1842092268136258,-0.05981246460082185,0.02383736130217779,-0.4424958314414329,0.24058907119991577,2.4589053454247156,2.140640118575859,0.11357901193551911,0.05934829217381362,2.669056289011283,2.0656780082311537,0.43165630064664573,0.18468342998257833,-0.053834125433125296,0.022784045055902667,-0.4501092784086981,0.24335591022139486,2.2686059003346846,2.8576797234558784,0.502956590804234,0.21762208514336898,2.297998853633214,2.8322008851551077,0.3326179706951088,0.20294905868829008,-0.29242543654925335,0.11779843306024977,-0.24113835256072205,0.32663530602176893
88,0,30,24,1.7629245885692746,0.7757162038412266,0.10949057610995912,0.04790775911616668,2.0004224476437256,0.6964761734479323,0.48949467871236485,0.14221541825828962,-0.06338957566881939,0.015381382043777585,-0.45072606344502186,0.1633403018900287,1.768037245479021,0.7805464363574318,0.08904486179746678,0.04959701938773318,2.016650514299745,0.6972341877519587,0.4964422242357234,0.144503322997195,-0.04944391217879122,0.0169190048492998,-0.4753967735304692,0.16948832349568516,1.6752448134037232,0.654160203687783,0.6182589913919916,0.25765065518058217,1.6303858643036302,0.5802174279501994,0.28221661465713116,0.21003813023370235,-0.37441613731026085,0.09220657247191302,-0.04895776332707848,0.23425129438834394
89,0,28,25,2.0495555018731264,1.148427214185081,0.22517895742498784,0.05969830777095289,2.2030136587792484,1.1009644803017895,0.4037407565858565,0.12383611101823369,-0.12451754685395026,0.04183126999496257,-0.4753735944432043,0.18239192160099638,2.0678569769764494,1.204944186314079,0.15256113336149132,0.05571191450623272,2.258611498000864,1.1474513464940423,0.43113021608296753,0.1297752581330838,-0.08243901668613661,0.031359653389656315,-0.5060594468603734,0.1921069081465138,2.0519789163743667,0.9925669426193788,1.1182935805457863,0.49283911455451035,1.7421458612689833,0.9601491728641174,0.004868528357609965,0.228970603624101,-0.569512552265191,0.11094926360143482,-0.0846327751082051,0.21102777174622692
90,1,16,14,2.229718558484302,0.7922300067376884,0.2531692252027742,0.0950953675461394,2.3571455152702976,0.7285221781254549,0.35227602037907424,0.1327675981937542,-0.11791825216497175,0.03832621579140833,-0.25534750229187453,0.1709040217976013,2.2465063057171095,0.8095333835826263,0.19583529490244672,0.08590751069743956,2.400998634210269,0.7337289821047193,0.37252581672501645,0.13961055675633094,-0.08758002937325181,0.02830856775946731,-0.27694429772842266,0.18455183422378868,2.0066342991049293,0.7911267972453709,1.1079633798752235,0.5388948507274711,1.7249292885930867,0.6709495028020198,0.009652396979178857,0.29392861509469587,-0.5410069564474498,0.10742877057922351,0.11871029834194752,0.1719824281703095
91,0,26,21,2.135832494974143,1.3794754439899488,0.14129903499288216,0.05467472656358075,2.3289235174042684,1.3238058890600735,0.4263671662672458,0.12934004709697233,-0.07197918042639168,0.01975074241880252,-0.3377405473958577,0.1784855180231837,2.142939615396917,1.379321822186331,0.12231548076842146,0.04852531094178725,2.3446867432570424,1.321564274208738,0.43200654336576905,0.1305080516047425,-0.061179563004256796,0.013834331009065422,-0.347648775512826,0.18003309578861953,1.9908936971831332,1.3783351004862205,0.6820353691423666,0.27973846855009177,1.9120405026542344,1.3569241918684642,0.23189946364642314,0.16548425995586252,-0.3781721995466337,0.10996711850323326,-0.08534637813900839,0.22710677858220002
92,0,22,21,0.3091073857033514,0.15579904849176562,0.01692798765868351,0.012113697661161603,1.0404163754769582,0.05009223398096833,0.9471882830897069,0.050653083061486956,-0.050251137384351136,0.017494927353471374,-0.6241899938276222,0.17584173947535434,0.3012517453200457,0.1641494882370715,0.01133165532583031,0.011343421819533595,1.04454527163336,0.053525552399638056,0.949071193149079,0.05268956342370345,-0.03224769537720003,0.01672873137143648,-0.6966850678807872,0.1856018879648434,0.3730881823819454,0.07962336090833405,0.07130856244555245,0.02613377899205825,1.0011535953348212,0.018333772964738076,0.9278086944062293,0.02761847238145315,-0.187570909638743,0.04520330244883316,-0.0614858090988969,0.1158600324714912
93,8,29,27,2.272247812714303,1.3378044452350935,0.1808249486605287,0.09444328082057907,2.4529642297072174,1.251578363584289,0.40072178023054633,0.18547209021848352,-0.08485883146603036,0.034482183972925594,-0.3620073121742043,0.2595444711627922,2.275661319137044,1.3505796694642898,0.1561243313033386,0.07860735903898594,2.467451477644325,1.2626196251010025,0.40972282064193777,0.1840953459935053,-0.07294017197002392,0.02789675775586141,-0.37380010950348674,0.2616678091716794,2.078986804884323,0.9456758692087814,0.8720872157076677,0.4889660832400492,1.9359787797925403,0.8474840484647262,0.1358040076548184,0.30617481845688127,-0.42941888399840367,0.1474471858359201,-0.10886732776949007,0.31424966167710655
94,9,26,21,2.080611287131518,0.7241645508512659,0.2428569032310134,0.07683257451047958,2.2208157164958084,0.6573200548997234,0.377863141624445,0.14555601805186355,-0.12704120068461935,0.046944439928326157,-0.35254362613392176,0.26631575808976693,2.079290725976845,0.7406271176585467,0.18015694768067897,0.061207539312257156,2.2522289749141793,0.6593581928360612,0.40340400048987946,0.15118538936157586,-0.09220155852598591,0.03019232751265579,-0.37578936734885293,0.2801340240570733,2.0719497539679828,0.7965090184774473,1.2001870574596105,0.5483771172990353,1.7404082371828005,0.7018195531662949,-0.029680687918939443,0.30735205836154367,-0.5852061233883611,0.1282495932753881,-0.040971641640283434,0.38876768940335543
95,2,23,15,0.8732459612633893,0.5728386788826021,0.060941548958704975,0.04955948838237075,1.3476665404912571,0.3803101840317515,0.7464245026409957,0.19424525907007284,-0.06364200508230608,0.020576106634375615,-0.4465019930651013,0.28002667571604234,0.8661062982871796,0.5811212953581151,0.051211394855452494,0.0465273639804742,1.3520690891197942,0.38617311304138713,0.7518187237960123,0.1935829539876983,-0.05158312039543795,0.02106273693626571,-0.47367334820395174,0.2913656630842417,1.0178994061489721,0.5135849668689121,0.30550522859797663,0.26948773843505686,1.266958593307993,0.27478890482704316,0.5972559116995592,0.2851403489951733,-0.2585608774072485,0.12701680438335253,-0.0941990027727673,0.289243130345692
96,9,40,34,2.2747313357905465,1.401155279117925,0.18502988896147485,0.09537674092412975,2.4387405503198325,1.3477588665170803,0.3927293647904627,0.13844948545549093,-0.09216426527380325,0.04018378241537522,-0.41523555549257674,0.2537879685170706,2.2857582522708895,1.4078300897470089,0.1514360308816265,0.08644367727086659,2.4652310093039653,1.3499822293376804,0.4036927867631298,0.1400125484289915,-0.07397422206276508,0.03312168817420145,-0.4300153427132175,0.2537700719000379,2.0840285013943562,1.2867236467584797,0.8831803510039213,0.535302629054422,1.9018169808526484,1.2706439155041793,0.13051856852278515,0.23336924366582415,-0.4622377390258382,0.16282460689593106,-0.1096952678625448,0.389771012793314
97,8,29,25,2.102094463949737,1.2329915600170396,0.1311941740441004,0.06440171897482581,2.30931125458029,1.1564855074798248,0.44398192750970267,0.15615312771812215,-0.0689066362531499,0.027356864298583142,-0.4185017555006208,0.17386631326745722,2.1093719447430734,1.2412522192032942,0.11908892227174257,0.061343636618958586,2.3222080419082256,1.1631213398371312,0.4475098872127076,0.15679835102455913,-0.0617943348937658,0.024493869245758318,-0.4258401877290722,0.17320019235452452,1.81407224519668,0.9063631057594719,0.5720613325064424,0.22132582115747576,1.7926277082909716,0.8673698590424948,0.2961928581099065,0.18245272577586252,-0.34084329867871727,0.11055710798585687,-0.22670924066379752,0.31159666754540083
98,9,33,27,2.0499243103595637,0.5555442729581536,0.1653340555635875,0.0564145832854436,2.2172367610078814,0.5124625463272049,0.3954417676898226,0.095896202813281,-0.08463300198839485,0.03381417946849428,-0.3742262087633688,0.21176283181177277,2.064771882748256,0.5652909837136061,0.1411102105126656,0.044826728984885864,2.242428307622618,0.5202400829145317,0.4025568803720898,0.09543990086152643,-0.07196032396560946,0.02771748570056064,-0.38385802061272783,0.21415980524195002,1.7257129681881946,0.4563360375464014,0.7159002349918762,0.2720186626021401,1.6016601352622999,0.43430112655916886,0.19488145984731275,0.1934837288175302,-0.425261762779732,0.13430838325536873,-0.12495195858388278,0.2739149866989524
99,1,19,18,2.1841559490663762,1.1546215234474415,0.2404955997925288,0.07002721356818489,2.3208550806561377,1.10948165851649,0.373681001115946,0.1210224787483314,-0.12240785925267729,0.04423453014023516,-0.45732211411626855,0.18936225673067378,2.212342561494165,1.1844316193529385,0.1859641743967461,0.06792424847317445,2.374644486843656,1.1313735581298023,0.3917288164331301,0.12734581982880416,-0.0925583374956456,0.037909616549897926,-0.4740817509601412,0.199219610252739,1.8504658128144582,0.7552635321975621,0.8969278153580099,0.249212579936306,1.6198753951703557,0.759703092661312,0.10077006019954954,0.1680093517663391,-0.5120112042856134,0.13128245642888747,-0.20520931123868053,0.2100826230487739
