round,algorithm,seed,test_accuracy,peak_accuracy_so_far,round_train_seconds,selected_clients,assignments,task_ids,task_seeds,views,flip_fraction,alt_violations
1,SymmetryFedPhoenix,1,10.0,10.0,10.497972999990452,"[80, 84, 33, 81, 93, 17, 36, 82, 69, 65]","[{""client_id"": 80, ""task_id"": 0}, {""client_id"": 84, ""task_id"": 1}, {""client_id"": 33, ""task_id"": 2}, {""client_id"": 81, ""task_id"": 3}, {""client_id"": 93, ""task_id"": 4}, {""client_id"": 17, ""task_id"": 5}, {""client_id"": 36, ""task_id"": 6}, {""client_id"": 82, ""task_id"": 7}, {""client_id"": 69, ""task_id"": 8}, {""client_id"": 65, ""task_id"": 9}]","[0, 1, 2, 3, 4, 5, 6, 7, 8, 9]","[200001, 200998, 201995, 202992, 203989, 204986, 205983, 206980, 207977, 208974]","[""F"", ""I"", ""I"", ""F"", ""F"", ""I"", ""F"", ""I"", ""F"", ""F""]",0.6,0
2,SymmetryFedPhoenix,1,14.329999923706055,14.329999923706055,5.831610699999146,"[44, 96, 1, 35, 26, 11, 38, 82, 87, 3]","[{""client_id"": 44, ""task_id"": 0}, {""client_id"": 96, ""task_id"": 1}, {""client_id"": 1, ""task_id"": 2}, {""client_id"": 35, ""task_id"": 3}, {""client_id"": 26, ""task_id"": 4}, {""client_id"": 11, ""task_id"": 5}, {""client_id"": 38, ""task_id"": 6}, {""client_id"": 82, ""task_id"": 7}, {""client_id"": 87, ""task_id"": 8}, {""client_id"": 3, ""task_id"": 9}]","[0, 1, 2, 3, 4, 5, 6, 7, 8, 9]","[300004, 301001, 301998, 302995, 303992, 304989, 305986, 306983, 307980, 308977]","[""F"", ""F"", ""I"", ""F"", ""F"", ""F"", ""I"", ""F"", ""I"", ""F""]",0.7,0
3,SymmetryFedPhoenix,1,11.520000457763672,14.329999923706055,5.965964200004237,"[95, 67, 96, 71, 1, 80, 99, 45, 52, 27]","[{""client_id"": 95, ""task_id"": 0}, {""client_id"": 67, ""task_id"": 1}, {""client_id"": 96, ""task_id"": 2}, {""client_id"": 71, ""task_id"": 3}, {""client_id"": 1, ""task_id"": 4}, {""client_id"": 80, ""task_id"": 5}, {""client_id"": 99, ""task_id"": 6}, {""client_id"": 45, ""task_id"": 7}, {""client_id"": 52, ""task_id"": 8}, {""client_id"": 27, ""task_id"": 9}]","[0, 1, 2, 3, 4, 5, 6, 7, 8, 9]","[400007, 401004, 402001, 402998, 403995, 404992, 405989, 406986, 407983, 408980]","[""F"", ""I"", ""I"", ""F"", ""F"", ""I"", ""F"", ""I"", ""I"", ""F""]",0.5,0
4,SymmetryFedPhoenix,1,17.360000610351562,17.360000610351562,6.598391999985324,"[40, 10, 96, 66, 89, 32, 95, 55, 25, 5]","[{""client_id"": 40, ""task_id"": 0}, {""client_id"": 10, ""task_id"": 1}, {""client_id"": 96, ""task_id"": 2}, {""client_id"": 66, ""task_id"": 3}, {""client_id"": 89, ""task_id"": 4}, {""client_id"": 32, ""task_id"": 5}, {""client_id"": 95, ""task_id"": 6}, {""client_id"": 55, ""task_id"": 7}, {""client_id"": 25, ""task_id"": 8}, {""client_id"": 5, ""task_id"": 9}]","[0, 1, 2, 3, 4, 5, 6, 7, 8, 9]","[500010, 501007, 502004, 503001, 503998, 504995, 505992, 506989, 507986, 508983]","[""F"", ""F"", ""F"", ""F"", ""I"", ""F"", ""I"", ""I"", ""F"", ""I""]",0.6,0
5,SymmetryFedPhoenix,1,30.610000610351562,30.610000610351562,4.85152910000761,"[89, 99, 45, 96, 72, 9, 74, 88, 1, 38]","[{""client_id"": 89, ""task_id"": 0}, {""client_id"": 99, ""task_id"": 1}, {""client_id"": 45, ""task_id"": 2}, {""client_id"": 96, ""task_id"": 3}, {""client_id"": 72, ""task_id"": 4}, {""client_id"": 9, ""task_id"": 5}, {""client_id"": 74, ""task_id"": 6}, {""client_id"": 88, ""task_id"": 7}, {""client_id"": 1, ""task_id"": 8}, {""client_id"": 38, ""task_id"": 9}]","[0, 1, 2, 3, 4, 5, 6, 7, 8, 9]","[600013, 601010, 602007, 603004, 604001, 604998, 605995, 606992, 607989, 608986]","[""F"", ""I"", ""F"", ""I"", ""F"", ""I"", ""F"", ""I"", ""I"", ""F""]",0.5,0
6,SymmetryFedPhoenix,1,16.600000381469727,30.610000610351562,7.334895699983463,"[0, 86, 4, 23, 24, 1, 62, 83, 66, 93]","[{""client_id"": 0, ""task_id"": 0}, {""client_id"": 86, ""task_id"": 1}, {""client_id"": 4, ""task_id"": 2}, {""client_id"": 23, ""task_id"": 3}, {""client_id"": 24, ""task_id"": 4}, {""client_id"": 1, ""task_id"": 5}, {""client_id"": 62, ""task_id"": 6}, {""client_id"": 83, ""task_id"": 7}, {""client_id"": 66, ""task_id"": 8}, {""client_id"": 93, ""task_id"": 9}]","[0, 1, 2, 3, 4, 5, 6, 7, 8, 9]","[700016, 701013, 702010, 703007, 704004, 705001, 705998, 706995, 707992, 708989]","[""I"", ""F"", ""F"", ""F"", ""I"", ""F"", ""I"", ""I"", ""I"", ""I""]",0.4,0
7,SymmetryFedPhoenix,1,22.110000610351562,30.610000610351562,6.1749077000131365,"[6, 59, 72, 30, 91, 43, 75, 76, 15, 61]","[{""client_id"": 6, ""task_id"": 0}, {""client_id"": 59, ""task_id"": 1}, {""client_id"": 72, ""task_id"": 2}, {""client_id"": 30, ""task_id"": 3}, {""client_id"": 91, ""task_id"": 4}, {""client_id"": 43, ""task_id"": 5}, {""client_id"": 75, ""task_id"": 6}, {""client_id"": 76, ""task_id"": 7}, {""client_id"": 15, ""task_id"": 8}, {""client_id"": 61, ""task_id"": 9}]","[0, 1, 2, 3, 4, 5, 6, 7, 8, 9]","[800019, 801016, 802013, 803010, 804007, 805004, 806001, 806998, 807995, 808992]","[""I"", ""I"", ""I"", ""F"", ""I"", ""F"", ""I"", ""I"", ""I"", ""I""]",0.2,0
8,SymmetryFedPhoenix,1,23.479999542236328,30.610000610351562,6.53303390002111,"[44, 88, 74, 48, 59, 79, 25, 52, 45, 55]","[{""client_id"": 44, ""task_id"": 0}, {""client_id"": 88, ""task_id"": 1}, {""client_id"": 74, ""task_id"": 2}, {""client_id"": 48, ""task_id"": 3}, {""client_id"": 59, ""task_id"": 4}, {""client_id"": 79, ""task_id"": 5}, {""client_id"": 25, ""task_id"": 6}, {""client_id"": 52, ""task_id"": 7}, {""client_id"": 45, ""task_id"": 8}, {""client_id"": 55, ""task_id"": 9}]","[0, 1, 2, 3, 4, 5, 6, 7, 8, 9]","[900022, 901019, 902016, 903013, 904010, 905007, 906004, 907001, 907998, 908995]","[""I"", ""F"", ""I"", ""I"", ""F"", ""F"", ""I"", ""F"", ""I"", ""F""]",0.5,0
9,SymmetryFedPhoenix,1,30.34000015258789,30.610000610351562,7.178726500016637,"[3, 60, 35, 33, 22, 66, 45, 68, 67, 75]","[{""client_id"": 3, ""task_id"": 0}, {""client_id"": 60, ""task_id"": 1}, {""client_id"": 35, ""task_id"": 2}, {""client_id"": 33, ""task_id"": 3}, {""client_id"": 22, ""task_id"": 4}, {""client_id"": 66, ""task_id"": 5}, {""client_id"": 45, ""task_id"": 6}, {""client_id"": 68, ""task_id"": 7}, {""client_id"": 67, ""task_id"": 8}, {""client_id"": 75, ""task_id"": 9}]","[0, 1, 2, 3, 4, 5, 6, 7, 8, 9]","[1000025, 1001022, 1002019, 1003016, 1004013, 1005010, 1006007, 1007004, 1008001, 1008998]","[""I"", ""I"", ""I"", ""F"", ""F"", ""F"", ""F"", ""I"", ""F"", ""F""]",0.6,0
10,SymmetryFedPhoenix,1,28.81999969482422,30.610000610351562,8.328183400008129,"[64, 91, 12, 52, 16, 65, 50, 68, 33, 30]","[{""client_id"": 64, ""task_id"": 0}, {""client_id"": 91, ""task_id"": 1}, {""client_id"": 12, ""task_id"": 2}, {""client_id"": 52, ""task_id"": 3}, {""client_id"": 16, ""task_id"": 4}, {""client_id"": 65, ""task_id"": 5}, {""client_id"": 50, ""task_id"": 6}, {""client_id"": 68, ""task_id"": 7}, {""client_id"": 33, ""task_id"": 8}, {""client_id"": 30, ""task_id"": 9}]","[0, 1, 2, 3, 4, 5, 6, 7, 8, 9]","[1100028, 1101025, 1102022, 1103019, 1104016, 1105013, 1106010, 1107007, 1108004, 1109001]","[""F"", ""F"", ""I"", ""I"", ""I"", ""I"", ""F"", ""F"", ""I"", ""I""]",0.4,0
11,SymmetryFedPhoenix,1,40.209999084472656,40.209999084472656,8.206002299993997,"[54, 27, 23, 37, 75, 33, 41, 46, 52, 24]","[{""client_id"": 54, ""task_id"": 0}, {""client_id"": 27, ""task_id"": 1}, {""client_id"": 23, ""task_id"": 2}, {""client_id"": 37, ""task_id"": 3}, {""client_id"": 75, ""task_id"": 4}, {""client_id"": 33, ""task_id"": 5}, {""client_id"": 41, ""task_id"": 6}, {""client_id"": 46, ""task_id"": 7}, {""client_id"": 52, ""task_id"": 8}, {""client_id"": 24, ""task_id"": 9}]","[0, 1, 2, 3, 4, 5, 6, 7, 8, 9]","[1200031, 1201028, 1202025, 1203022, 1204019, 1205016, 1206013, 1207010, 1208007, 1209004]","[""I"", ""I"", ""I"", ""F"", ""I"", ""F"", ""F"", ""F"", ""F"", ""F""]",0.6,0
12,SymmetryFedPhoenix,1,35.7400016784668,40.209999084472656,6.432374099997105,"[54, 45, 28, 44, 15, 1, 93, 12, 88, 40]","[{""client_id"": 54, ""task_id"": 0}, {""client_id"": 45, ""task_id"": 1}, {""client_id"": 28, ""task_id"": 2}, {""client_id"": 44, ""task_id"": 3}, {""client_id"": 15, ""task_id"": 4}, {""client_id"": 1, ""task_id"": 5}, {""client_id"": 93, ""task_id"": 6}, {""client_id"": 12, ""task_id"": 7}, {""client_id"": 88, ""task_id"": 8}, {""client_id"": 40, ""task_id"": 9}]","[0, 1, 2, 3, 4, 5, 6, 7, 8, 9]","[1300034, 1301031, 1302028, 1303025, 1304022, 1305019, 1306016, 1307013, 1308010, 1309007]","[""F"", ""I"", ""F"", ""F"", ""F"", ""I"", ""F"", ""F"", ""I"", ""I""]",0.6,0
13,SymmetryFedPhoenix,1,34.59000015258789,40.209999084472656,8.119185599993216,"[70, 75, 5, 68, 36, 79, 72, 78, 57, 44]","[{""client_id"": 70, ""task_id"": 0}, {""client_id"": 75, ""task_id"": 1}, {""client_id"": 5, ""task_id"": 2}, {""client_id"": 68, ""task_id"": 3}, {""client_id"": 36, ""task_id"": 4}, {""client_id"": 79, ""task_id"": 5}, {""client_id"": 72, ""task_id"": 6}, {""client_id"": 78, ""task_id"": 7}, {""client_id"": 57, ""task_id"": 8}, {""client_id"": 44, ""task_id"": 9}]","[0, 1, 2, 3, 4, 5, 6, 7, 8, 9]","[1400037, 1401034, 1402031, 1403028, 1404025, 1405022, 1406019, 1407016, 1408013, 1409010]","[""F"", ""F"", ""F"", ""I"", ""I"", ""I"", ""F"", ""I"", ""I"", ""I""]",0.4,0
14,SymmetryFedPhoenix,1,45.439998626708984,45.439998626708984,6.742791700002272,"[41, 9, 30, 89, 40, 49, 3, 22, 8, 16]","[{""client_id"": 41, ""task_id"": 0}, {""client_id"": 9, ""task_id"": 1}, {""client_id"": 30, ""task_id"": 2}, {""client_id"": 89, ""task_id"": 3}, {""client_id"": 40, ""task_id"": 4}, {""client_id"": 49, ""task_id"": 5}, {""client_id"": 3, ""task_id"": 6}, {""client_id"": 22, ""task_id"": 7}, {""client_id"": 8, ""task_id"": 8}, {""client_id"": 16, ""task_id"": 9}]","[0, 1, 2, 3, 4, 5, 6, 7, 8, 9]","[1500040, 1501037, 1502034, 1503031, 1504028, 1505025, 1506022, 1507019, 1508016, 1509013]","[""I"", ""F"", ""F"", ""I"", ""F"", ""I"", ""F"", ""I"", ""I"", ""F""]",0.5,0
15,SymmetryFedPhoenix,1,46.11000061035156,46.11000061035156,6.761060700024245,"[82, 28, 69, 81, 56, 71, 85, 27, 37, 66]","[{""client_id"": 82, ""task_id"": 0}, {""client_id"": 28, ""task_id"": 1}, {""client_id"": 69, ""task_id"": 2}, {""client_id"": 81, ""task_id"": 3}, {""client_id"": 56, ""task_id"": 4}, {""client_id"": 71, ""task_id"": 5}, {""client_id"": 85, ""task_id"": 6}, {""client_id"": 27, ""task_id"": 7}, {""client_id"": 37, ""task_id"": 8}, {""client_id"": 66, ""task_id"": 9}]","[0, 1, 2, 3, 4, 5, 6, 7, 8, 9]","[1600043, 1601040, 1602037, 1603034, 1604031, 1605028, 1606025, 1607022, 1608019, 1609016]","[""I"", ""I"", ""I"", ""I"", ""F"", ""I"", ""F"", ""F"", ""I"", ""I""]",0.3,0
16,SymmetryFedPhoenix,1,47.040000915527344,47.040000915527344,5.902088699978776,"[60, 13, 26, 12, 1, 28, 88, 86, 11, 43]","[{""client_id"": 60, ""task_id"": 0}, {""client_id"": 13, ""task_id"": 1}, {""client_id"": 26, ""task_id"": 2}, {""client_id"": 12, ""task_id"": 3}, {""client_id"": 1, ""task_id"": 4}, {""client_id"": 28, ""task_id"": 5}, {""client_id"": 88, ""task_id"": 6}, {""client_id"": 86, ""task_id"": 7}, {""client_id"": 11, ""task_id"": 8}, {""client_id"": 43, ""task_id"": 9}]","[0, 1, 2, 3, 4, 5, 6, 7, 8, 9]","[1700046, 1701043, 1702040, 1703037, 1704034, 1705031, 1706028, 1707025, 1708022, 1709019]","[""F"", ""F"", ""I"", ""I"", ""F"", ""F"", ""F"", ""I"", ""I"", ""I""]",0.5,0
17,SymmetryFedPhoenix,1,48.40999984741211,48.40999984741211,6.169922200002475,"[93, 16, 72, 75, 10, 4, 38, 71, 42, 62]","[{""client_id"": 93, ""task_id"": 0}, {""client_id"": 16, ""task_id"": 1}, {""client_id"": 72, ""task_id"": 2}, {""client_id"": 75, ""task_id"": 3}, {""client_id"": 10, ""task_id"": 4}, {""client_id"": 4, ""task_id"": 5}, {""client_id"": 38, ""task_id"": 6}, {""client_id"": 71, ""task_id"": 7}, {""client_id"": 42, ""task_id"": 8}, {""client_id"": 62, ""task_id"": 9}]","[0, 1, 2, 3, 4, 5, 6, 7, 8, 9]","[1800049, 1801046, 1802043, 1803040, 1804037, 1805034, 1806031, 1807028, 1808025, 1809022]","[""I"", ""I"", ""I"", ""I"", ""I"", ""I"", ""I"", ""F"", ""F"", ""F""]",0.3,0
18,SymmetryFedPhoenix,1,36.0099983215332,48.40999984741211,6.631007099989802,"[36, 47, 1, 64, 57, 97, 29, 6, 67, 92]","[{""client_id"": 36, ""task_id"": 0}, {""client_id"": 47, ""task_id"": 1}, {""client_id"": 1, ""task_id"": 2}, {""client_id"": 64, ""task_id"": 3}, {""client_id"": 57, ""task_id"": 4}, {""client_id"": 97, ""task_id"": 5}, {""client_id"": 29, ""task_id"": 6}, {""client_id"": 6, ""task_id"": 7}, {""client_id"": 67, ""task_id"": 8}, {""client_id"": 92, ""task_id"": 9}]","[0, 1, 2, 3, 4, 5, 6, 7, 8, 9]","[1900052, 1901049, 1902046, 1903043, 1904040, 1905037, 1906034, 1907031, 1908028, 1909025]","[""F"", ""F"", ""I"", ""I"", ""F"", ""F"", ""I"", ""F"", ""I"", ""F""]",0.6,0
19,SymmetryFedPhoenix,1,44.86000061035156,48.40999984741211,7.2548994999961,"[48, 87, 17, 57, 22, 81, 4, 51, 94, 63]","[{""client_id"": 48, ""task_id"": 0}, {""client_id"": 87, ""task_id"": 1}, {""client_id"": 17, ""task_id"": 2}, {""client_id"": 57, ""task_id"": 3}, {""client_id"": 22, ""task_id"": 4}, {""client_id"": 81, ""task_id"": 5}, {""client_id"": 4, ""task_id"": 6}, {""client_id"": 51, ""task_id"": 7}, {""client_id"": 94, ""task_id"": 8}, {""client_id"": 63, ""task_id"": 9}]","[0, 1, 2, 3, 4, 5, 6, 7, 8, 9]","[2000055, 2001052, 2002049, 2003046, 2004043, 2005040, 2006037, 2007034, 2008031, 2009028]","[""F"", ""F"", ""F"", ""I"", ""F"", ""F"", ""F"", ""F"", ""I"", ""I""]",0.7,0
20,SymmetryFedPhoenix,1,40.88999938964844,48.40999984741211,7.311554400017485,"[9, 17, 59, 11, 2, 95, 68, 28, 60, 14]","[{""client_id"": 9, ""task_id"": 0}, {""client_id"": 17, ""task_id"": 1}, {""client_id"": 59, ""task_id"": 2}, {""client_id"": 11, ""task_id"": 3}, {""client_id"": 2, ""task_id"": 4}, {""client_id"": 95, ""task_id"": 5}, {""client_id"": 68, ""task_id"": 6}, {""client_id"": 28, ""task_id"": 7}, {""client_id"": 60, ""task_id"": 8}, {""client_id"": 14, ""task_id"": 9}]","[0, 1, 2, 3, 4, 5, 6, 7, 8, 9]","[2100058, 2101055, 2102052, 2103049, 2104046, 2105043, 2106040, 2107037, 2108034, 2109031]","[""I"", ""I"", ""I"", ""F"", ""F"", ""F"", ""F"", ""I"", ""I"", ""F""]",0.5,0
21,SymmetryFedPhoenix,1,52.4900016784668,52.4900016784668,6.623845299996901,"[26, 25, 15, 93, 45, 54, 68, 90, 76, 10]","[{""client_id"": 26, ""task_id"": 0}, {""client_id"": 25, ""task_id"": 1}, {""client_id"": 15, ""task_id"": 2}, {""client_id"": 93, ""task_id"": 3}, {""client_id"": 45, ""task_id"": 4}, {""client_id"": 54, ""task_id"": 5}, {""client_id"": 68, ""task_id"": 6}, {""client_id"": 90, ""task_id"": 7}, {""client_id"": 76, ""task_id"": 8}, {""client_id"": 10, ""task_id"": 9}]","[0, 1, 2, 3, 4, 5, 6, 7, 8, 9]","[2200061, 2201058, 2202055, 2203052, 2204049, 2205046, 2206043, 2207040, 2208037, 2209034]","[""F"", ""F"", ""I"", ""F"", ""F"", ""I"", ""I"", ""F"", ""F"", ""F""]",0.7,0
22,SymmetryFedPhoenix,1,55.040000915527344,55.040000915527344,6.311323700007051,"[84, 74, 93, 1, 48, 44, 29, 26, 94, 75]","[{""client_id"": 84, ""task_id"": 0}, {""client_id"": 74, ""task_id"": 1}, {""client_id"": 93, ""task_id"": 2}, {""client_id"": 1, ""task_id"": 3}, {""client_id"": 48, ""task_id"": 4}, {""client_id"": 44, ""task_id"": 5}, {""client_id"": 29, ""task_id"": 6}, {""client_id"": 26, ""task_id"": 7}, {""client_id"": 94, ""task_id"": 8}, {""client_id"": 75, ""task_id"": 9}]","[0, 1, 2, 3, 4, 5, 6, 7, 8, 9]","[2300064, 2301061, 2302058, 2303055, 2304052, 2305049, 2306046, 2307043, 2308040, 2309037]","[""F"", ""F"", ""I"", ""F"", ""I"", ""F"", ""F"", ""I"", ""F"", ""F""]",0.7,0
23,SymmetryFedPhoenix,1,50.70000076293945,55.040000915527344,6.187393300002441,"[71, 58, 50, 22, 59, 84, 10, 70, 43, 67]","[{""client_id"": 71, ""task_id"": 0}, {""client_id"": 58, ""task_id"": 1}, {""client_id"": 50, ""task_id"": 2}, {""client_id"": 22, ""task_id"": 3}, {""client_id"": 59, ""task_id"": 4}, {""client_id"": 84, ""task_id"": 5}, {""client_id"": 10, ""task_id"": 6}, {""client_id"": 70, ""task_id"": 7}, {""client_id"": 43, ""task_id"": 8}, {""client_id"": 67, ""task_id"": 9}]","[0, 1, 2, 3, 4, 5, 6, 7, 8, 9]","[2400067, 2401064, 2402061, 2403058, 2404055, 2405052, 2406049, 2407046, 2408043, 2409040]","[""I"", ""F"", ""I"", ""I"", ""F"", ""I"", ""I"", ""I"", ""F"", ""F""]",0.4,0
24,SymmetryFedPhoenix,1,53.0,55.040000915527344,8.3077709999925,"[70, 54, 33, 75, 31, 58, 17, 6, 3, 51]","[{""client_id"": 70, ""task_id"": 0}, {""client_id"": 54, ""task_id"": 1}, {""client_id"": 33, ""task_id"": 2}, {""client_id"": 75, ""task_id"": 3}, {""client_id"": 31, ""task_id"": 4}, {""client_id"": 58, ""task_id"": 5}, {""client_id"": 17, ""task_id"": 6}, {""client_id"": 6, ""task_id"": 7}, {""client_id"": 3, ""task_id"": 8}, {""client_id"": 51, ""task_id"": 9}]","[0, 1, 2, 3, 4, 5, 6, 7, 8, 9]","[2500070, 2501067, 2502064, 2503061, 2504058, 2505055, 2506052, 2507049, 2508046, 2509043]","[""F"", ""F"", ""I"", ""I"", ""F"", ""I"", ""F"", ""I"", ""I"", ""I""]",0.4,0
25,SymmetryFedPhoenix,1,57.029998779296875,57.029998779296875,6.975494899990736,"[42, 87, 33, 36, 30, 84, 78, 98, 71, 75]","[{""client_id"": 42, ""task_id"": 0}, {""client_id"": 87, ""task_id"": 1}, {""client_id"": 33, ""task_id"": 2}, {""client_id"": 36, ""task_id"": 3}, {""client_id"": 30, ""task_id"": 4}, {""client_id"": 84, ""task_id"": 5}, {""client_id"": 78, ""task_id"": 6}, {""client_id"": 98, ""task_id"": 7}, {""client_id"": 71, ""task_id"": 8}, {""client_id"": 75, ""task_id"": 9}]","[0, 1, 2, 3, 4, 5, 6, 7, 8, 9]","[2600073, 2601070, 2602067, 2603064, 2604061, 2605058, 2606055, 2607052, 2608049, 2609046]","[""I"", ""I"", ""F"", ""I"", ""I"", ""F"", ""F"", ""I"", ""F"", ""F""]",0.5,0
