source_algorithm,seed,round,client_id,client_visit_index,participation_gap,task_id,task_seed,num_reset_kernels,local_update_norm,dispatch_minus_global_norm,input_change_norm,response_change_norm,secant_gain,response_change_ratio,h_norm,input_direction_cosine,response_direction_cosine,response_norm_ratio,response_prediction_nre,predicted_support,realized_support,support_sign_agreement
FedPhoenix,1,1,80,1,,0,200001,66,2.1389951705932617,6.638560771942139,,,,,,,,,,,,
FedPhoenix,1,1,65,1,,9,208974,66,2.060925006866455,6.634742736816406,,,,,,,,,,,,
FedPhoenix,1,2,96,1,,1,301001,66,1.1414204835891724,6.554161548614502,,,,,,,,,,,,
FedPhoenix,1,3,96,2,1,2,402001,66,1.1081209182739258,6.464497089385986,9.203078269958496,1.4930862188339233,0.16223769645724143,0.6637291572391897,0.16242776811122894,,,,,,,
FedPhoenix,1,3,80,2,2,5,404992,66,2.4891273975372314,6.449558734893799,9.385401725769043,3.1906347274780273,0.339957182516473,0.6894015187601609,0.34050899744033813,,,,,,,
FedPhoenix,1,4,96,3,1,2,502004,66,1.1077752113342285,6.39382791519165,9.212176322937012,1.459491491317749,0.15843069435000542,0.6586461665850637,0.15836545825004578,-0.47517699021941506,-0.4825953703092332,0.9750615255036875,0.8585844837706956,0.003962393384426832,-0.0033153980039060116,0
FedPhoenix,1,5,96,4,1,3,603004,66,1.0762351751327515,6.272400379180908,8.99944019317627,1.4248676300048828,0.1583284737071885,0.6524088158340693,0.15814213454723358,-0.46495017225207946,-0.5006980480143062,0.9986632094108872,0.8636777270293683,0.002762714633718133,-0.003580313641577959,0
FedPhoenix,1,5,88,1,,7,606992,66,1.4306814670562744,6.24225378036499,,,,,,,,,,,,
FedPhoenix,1,6,62,1,,6,705998,66,2.026528835296631,6.180276870727539,,,,,,,,,,,,
FedPhoenix,1,8,88,2,3,1,901019,66,1.3285807371139526,6.053503036499023,9.12575626373291,1.862758994102478,0.20412105476728,0.6750931431186609,0.20384833216667175,,,,,,,
FedPhoenix,1,10,64,1,,0,1100028,66,1.3764383792877197,5.891170978546143,,,,,,,,,,,,
FedPhoenix,1,10,16,1,,4,1104016,66,2.0007243156433105,5.893074035644531,,,,,,,,,,,,
FedPhoenix,1,10,65,2,9,5,1105013,66,2.196795701980591,5.925828456878662,11.305974006652832,2.931781530380249,0.25931260134286765,0.6885800480730596,0.2592983841896057,,,,,,,
FedPhoenix,1,12,88,3,4,8,1308010,66,1.459808349609375,5.766198635101318,9.23940658569336,1.8981413841247559,0.20543975054238905,0.6807304594476826,0.20514072477817535,-0.37363272668377223,-0.4514210306603254,1.0063690295780892,0.8517991214563412,0.0004898429033346474,-0.0006974376738071442,0
FedPhoenix,1,14,16,2,4,9,1509013,66,1.5535188913345337,5.648736953735352,8.91423511505127,2.394986867904663,0.2686699236663133,0.6738387691652746,0.26846471428871155,,,,,,,
FedPhoenix,1,16,88,4,4,6,1706028,66,1.359330177307129,5.405157089233398,8.661898612976074,1.8810622692108154,0.21716512201985919,0.6672471931585434,0.21698981523513794,-0.34743461752215077,-0.5391878734103215,1.057793753625077,0.8750164499953008,-0.0005029916646890342,-0.0005809875437989831,1
FedPhoenix,1,17,16,3,3,1,1801046,66,1.9130518436431885,5.41831111907959,8.111492156982422,2.3138880729675293,0.28526047096962737,0.6674861844357352,0.28521987795829773,-0.36401820473656477,-0.3709023231711418,1.0624776855456926,0.8278293252861958,0.00034425489138811827,-0.0012356110382825136,0
FedPhoenix,1,17,42,1,,8,1808025,66,1.3891204595565796,5.364284515380859,,,,,,,,,,,,
FedPhoenix,1,17,62,2,11,9,1809022,66,2.0836069583892822,5.360101222991943,11.340274810791016,2.827444314956665,0.24932767169503836,0.6879199269521857,0.24932275712490082,,,,,,,
FedPhoenix,1,18,64,2,8,3,1903043,66,1.387324571609497,5.261845588684082,10.084855079650879,1.8598889112472534,0.18442396014196916,0.6729552947523207,0.18414796888828278,,,,,,,
FedPhoenix,1,25,42,2,8,0,2600073,66,1.471381664276123,4.822551250457764,9.146735191345215,1.9025464057922363,0.20800278634853753,0.665109244261775,0.20772317051887512,,,,,,,
FedPhoenix,1,25,98,1,,7,2607052,66,0.9467806220054626,4.815984725952148,,,,,,,,,,,,
FedPhoenix,1,26,16,4,9,7,2707055,66,1.3429882526397705,4.636658668518066,9.148941040039062,2.2091338634490967,0.24146334026865945,0.6784725611856957,0.24195875227451324,-0.28214194428984907,-0.6501681106941025,0.8483789990237519,0.9079173202066645,-0.00015960613382048905,-0.0006357280071824789,1
FedPhoenix,1,26,64,3,8,9,2709049,66,1.1547725200653076,4.770975112915039,9.02723217010498,1.67621910572052,0.18568472308393516,0.6593843764698698,0.18559898436069489,-0.17183491015915592,-0.5403048860956522,1.007908733758774,0.8768306828255933,-0.00021916607511229813,-0.0008914372883737087,1
FedPhoenix,1,27,98,2,2,4,2804067,66,0.8999520540237427,4.621249198913574,7.057102203369141,1.074231505393982,0.152219916112449,0.581693018885215,0.15234629809856415,,,,,,,
FedPhoenix,1,27,65,3,17,8,2808055,66,1.8759247064590454,4.685604572296143,12.132817268371582,2.758932590484619,0.22739422587996205,0.6774176260090881,0.22722917795181274,0.014741397890256696,-0.5485438484458848,0.8763606236945006,0.8782645454892715,-0.0007681178394705057,-0.00025971513241529465,1
FedPhoenix,1,27,88,5,11,9,2809052,66,1.3553376197814941,4.640322685241699,9.969169616699219,1.8063814640045166,0.18119678302779507,0.6654152916762507,0.1809956282377243,-0.23168597307302868,-0.46973303449393716,0.8341437562987206,0.8580576946694254,0.00019439143943600357,-0.0014763926155865192,0
FedPhoenix,1,28,88,6,1,1,2901079,66,1.1905031204223633,4.575321674346924,6.520485877990723,1.6125272512435913,0.24730170134809673,0.6333967501493575,0.2478092610836029,-0.28623927075338934,-0.5094464337657477,1.3691919023437862,0.8693865793832304,0.006572043523192406,-0.01231406070291996,0
FedPhoenix,1,28,16,5,2,3,2903073,66,1.7160245180130005,4.595412254333496,6.64417028427124,1.9984259605407715,0.3007788595170941,0.6532911466445656,0.3003058135509491,-0.2722486812987864,-0.330571999356064,1.241178829012067,0.8168671925633719,0.0003688858123496175,-0.0035268787760287523,0
FedPhoenix,1,29,80,3,26,0,3000085,66,2.25874662399292,4.515793800354004,16.158390045166016,3.297795057296753,0.20409180915168748,0.6945835214543541,0.20406998693943024,-0.15753989936231386,-0.5575057102710164,0.5993483053997206,0.8892707301329301,-0.0017651367234066129,-0.0008654998964630067,1
FedPhoenix,1,29,65,4,2,7,3007064,66,1.8669577836990356,4.487692356109619,6.086706638336182,2.387216329574585,0.39220164062757346,0.637801570274017,0.39190998673439026,-0.157872420161628,-0.43385138328401895,1.7247809171091093,0.8565608362001279,-0.0013846730580553412,-0.00036911870120093226,1
FedPhoenix,1,30,62,3,13,0,3100088,66,1.253078579902649,4.473979473114014,10.301199913024902,2.309624671936035,0.22420928546542496,0.692191291456747,0.22441495954990387,-0.02533717210201499,-0.6181054579002816,0.900122118260565,0.8971707738089499,-0.0005957557586953044,-0.0016457403544336557,1
FedPhoenix,1,31,96,5,26,0,3200091,66,0.9600172638893127,4.461832046508789,15.958863258361816,1.3958920240402222,0.08746813613486801,0.6855201237769573,0.08747021853923798,-0.2250834755134359,-0.49491895196037383,0.5531531042501167,0.8746695630813279,0.0004126215062569827,-0.0011429034639149904,0
FedPhoenix,1,33,16,6,5,1,3401094,66,1.59037446975708,4.3750386238098145,7.084432601928711,2.158240795135498,0.3046455399332362,0.6527466295259235,0.30495139956474304,-0.3591835947008994,-0.584567552768438,1.0155360333418246,0.8875363014761191,-0.0006059160805307329,-0.0014567371690645814,1
FedPhoenix,1,33,88,7,5,3,3403088,66,1.2936965227127075,4.2965168952941895,7.119357585906982,1.5970162153244019,0.2243202699195117,0.6428695132200879,0.22458310425281525,-0.38845674465129043,-0.43545176539724345,0.9062980351210871,0.844909423988256,0.00041781816980801523,-0.002727331593632698,0
FedPhoenix,1,33,62,4,3,9,3409070,66,1.5820109844207764,4.4026875495910645,6.50715446472168,1.8185553550720215,0.2794701378199917,0.641445468938956,0.27909451723098755,-0.19151210868953417,-0.289139559605945,1.2436864194632464,0.8041454468427146,-0.0010770235676318407,-0.002162782009691,1
FedPhoenix,1,34,98,3,7,7,3507079,66,0.810240626335144,4.3133978843688965,7.882941722869873,1.0429232120513916,0.1323012713674574,0.6098279006970856,0.1323062777519226,-0.33937474295538655,-0.4878109821813098,0.8685170016120097,0.8628743781383266,-0.0004178216913715005,-0.0014891033060848713,1
FedPhoenix,1,35,96,6,4,6,3606085,66,0.9242191910743713,4.327095985412598,6.916300296783447,1.1433509588241577,0.1653125095444061,0.6067980246383606,0.16554832458496094,-0.05355959504801252,-0.43633258309244033,1.8925950406248917,0.8612748146595972,-0.0001253190857823938,-0.0013178364606574178,1
FedPhoenix,1,36,65,5,7,2,3702100,66,1.8150534629821777,4.183138847351074,7.15352201461792,2.3695216178894043,0.3312384603062737,0.6435400272132609,0.33164292573928833,-0.31319922360582525,-0.501459094078774,0.8462131772281075,0.8661061141744165,0.00024605923681519926,-0.004874564241617918,0
FedPhoenix,1,36,16,7,3,6,3706088,66,1.6842403411865234,4.067148208618164,6.325057029724121,2.09371280670166,0.33101880297080105,0.6393768206580922,0.3315419554710388,-0.35229064089133955,-0.4557901860341354,1.08726458014078,0.8507593556392431,-0.0028658087830990553,-0.004022184759378433,1
FedPhoenix,1,37,62,5,4,2,3802103,66,1.2323657274246216,4.0223541259765625,6.540099620819092,1.8112272024154663,0.2769418368872413,0.6435624608431306,0.27657660841941833,-0.37377994733974323,-0.646665123399921,0.9910446463747794,0.9072186148017297,0.0013316464610397816,-0.0022407127544283867,0
FedPhoenix,1,38,64,4,12,9,3909085,66,1.144539475440979,3.9253549575805664,8.989466667175293,1.4688894748687744,0.16340118154419628,0.6388386951135355,0.16362114250659943,-0.11708511950151453,-0.4355594964807873,0.8816118607281778,0.846208142764307,-0.0008667145157232881,-0.00045708956895396113,1
FedPhoenix,1,40,42,3,15,6,4106100,66,1.193936824798584,3.852830648422241,9.812711715698242,1.7596958875656128,0.1793281957677709,0.6602197428855301,0.1793678253889084,-0.08841616664764486,-0.557899007174429,0.8635174064358824,0.8824934553288248,-0.0005435079801827669,-0.0019087429391220212,1
FedPhoenix,1,41,80,4,12,3,4203112,66,1.9631094932556152,3.8720288276672363,8.452218055725098,2.76788067817688,0.3274738843612456,0.6556075340578175,0.3272891342639923,0.16011595003936102,-0.4897938410188477,1.6038545373213329,0.8697826762917542,-5.3118099458515644e-05,-0.0007847269298508763,1
FedPhoenix,1,41,98,4,7,9,4209094,66,0.6558680534362793,3.8598830699920654,7.1724653244018555,0.8711304068565369,0.12145480911461401,0.5941786027702652,0.12157926708459854,-0.2343962815847371,-0.4906807085855506,0.9189415191989239,0.8620261529769456,-0.0003850558423437178,-0.0009421433787792921,1
FedPhoenix,1,42,98,5,1,0,4300124,66,0.8012550473213196,3.8038296699523926,5.558432102203369,0.8041644096374512,0.1446746843086443,0.5518850186499629,0.14469748735427856,-0.3401847872435373,-0.32463224373864835,1.1901020311394264,0.8141707920934649,0.00178364641033113,-0.0034707540180534124,0
FedPhoenix,1,43,16,8,7,5,4405112,66,1.5947149991989136,3.8515286445617676,6.878034591674805,2.13053822517395,0.3097597426672513,0.6497612818730426,0.31016042828559875,-0.30538574974394217,-0.5226761087194908,0.9355607225195248,0.8699927761107881,0.00015654470189474523,-0.002272870624437928,0
FedPhoenix,1,45,42,4,5,0,4600133,66,1.325805425643921,3.6225926876068115,6.1274590492248535,1.5533301830291748,0.25350315204887797,0.6164639191789438,0.25388863682746887,-0.12132343465580979,-0.3843059618030261,1.4155212720105323,0.8353630192993865,-0.0007668915204703808,-0.00077909353422001,1
FedPhoenix,1,46,80,5,5,2,4702130,66,2.3067445755004883,3.536346197128296,5.813642978668213,2.7463295459747314,0.4723939113652602,0.6431904935744445,0.47226646542549133,-0.14447816986158954,-0.39666523087902045,1.4430468654552862,0.8405440822198996,-0.0005279972101561725,-0.0032468638382852077,1
FedPhoenix,1,47,98,6,5,8,4808115,66,0.7479844689369202,3.551278829574585,6.074471950531006,0.8850802183151245,0.14570488192600983,0.5712997951744867,0.14560566842556,-0.40827076211588004,-0.5559967375195782,1.0063434638431588,0.8801350096893558,-0.0010320470901206136,-0.00018463967717252672,1
FedPhoenix,1,48,18,1,,0,4900142,66,1.309171438217163,3.566025972366333,,,,,,,,,,,,
FedPhoenix,1,48,96,7,13,2,4902136,66,0.7914926409721375,3.5934300422668457,8.237306594848633,1.0822452306747437,0.13138338584500622,0.630784966600834,0.13142305612564087,-0.22067643503259302,-0.4913629659455502,0.7939188100421838,0.863259460165568,-3.626952093327418e-05,-0.0017186235636472702,1
FedPhoenix,1,48,88,8,15,6,4906124,66,1.214971661567688,3.4806900024414062,8.808201789855957,1.6133067607879639,0.18315960502241896,0.6430929251211807,0.1831519454717636,-0.15851685425595838,-0.5192909081991467,0.8155404772783353,0.8726233498595598,-0.00024515160475857556,-0.0021797793451696634,1
FedPhoenix,1,49,65,6,13,9,5009118,66,1.5180479288101196,3.4705629348754883,7.765280246734619,2.142057180404663,0.2758505955152288,0.6426618721167012,0.2759046256542206,-0.0964684670681892,-0.5276942932434733,0.8319801938531218,0.8722979950370428,0.001928967540152371,-0.0029063811525702477,0
FedPhoenix,1,50,80,6,4,9,5109121,66,2.40919828414917,3.4494872093200684,5.345889568328857,3.0460989475250244,0.5698020710286904,0.6459151516841469,0.5701106190681458,-0.30222883823661617,-0.5294920431370754,1.207156967575086,0.8744645895843397,0.0007165782735683024,-0.002745415084064007,0
FedPhoenix,1,51,16,9,8,1,5201148,66,1.3441261053085327,3.383204698562622,6.434078216552734,1.886995792388916,0.29328145056334765,0.6420884033145224,0.2929023206233978,-0.20617323052282746,-0.5320273480899416,0.9444152856516632,0.8727886539559867,0.00037478594458661973,-0.004149233922362328,0
FedPhoenix,1,51,62,6,14,4,5204139,66,1.2772893905639648,3.3937222957611084,8.02778148651123,1.6063194274902344,0.2000950611559458,0.6400558451142926,0.20009036362171173,-0.18883389132975678,-0.41387235464289235,0.7235002167052478,0.8439096224947231,0.0038662715815007687,-0.004197431728243828,0
FedPhoenix,1,51,96,8,3,6,5206133,66,0.7654023170471191,3.4344778060913086,5.363036632537842,0.9377519488334656,0.17485466035117073,0.6023219126009043,0.17493729293346405,-0.21579537675249988,-0.45942476335024157,1.3311315699320194,0.8550847259330134,-5.447836883831769e-05,-0.0034636552445590496,1
FedPhoenix,1,52,64,5,14,9,5309127,66,1.0794346332550049,3.5075671672821045,8.066533088684082,1.3649400472640991,0.16921024587114125,0.6137391806525172,0.16919733583927155,-0.0032287952686792746,-0.4869809138454912,1.034153745401659,0.8595991830651006,-0.00040456533315591514,-0.001594132510945201,1
FedPhoenix,1,53,42,5,8,1,5401154,66,1.489509105682373,3.28682804107666,6.312574863433838,1.7929357290267944,0.2840260539977519,0.6368509482958219,0.2836912274360657,-0.24272947520824864,-0.47186333822394594,1.1174212263665622,0.8574930561495426,0.00010351141827413812,-0.0023437514901161194,0
FedPhoenix,1,53,62,7,2,9,5409130,66,1.4367979764938354,3.2289066314697266,4.732633590698242,1.6926189661026,0.35764842844140765,0.6236420340207602,0.3578948676586151,-0.21864365680534037,-0.46691225198677305,1.7887109447900962,0.8682264177613218,-0.0014940869295969605,-0.002621718682348728,1
FedPhoenix,1,54,42,6,1,8,5508136,66,1.2797539234161377,3.2874209880828857,4.705127239227295,1.725348711013794,0.3666954416511751,0.6230353321023574,0.36639541387557983,-0.33032138936657585,-0.5636962055026981,1.2916116509215183,0.8843086575600817,0.01072622835636139,-0.02077239565551281,0
FedPhoenix,1,55,16,10,4,2,5602157,66,1.3359163999557495,3.2028541564941406,5.103142738342285,1.6478321552276611,0.3229053623851061,0.6148529928127209,0.3232348561286926,-0.25713812439066747,-0.4196013278447133,1.103627146510728,0.8409718479498454,-0.0011004169937223196,-0.006605843547731638,1
FedPhoenix,1,55,62,8,2,8,5608139,66,1.8069316148757935,3.177432060241699,4.606328010559082,2.0749197006225586,0.4504498368040164,0.6396709843331321,0.45088934898376465,-0.41358614994753606,-0.44554191975590796,1.2598725715750385,0.8516026259885203,-0.0007214565994217992,-0.003650565631687641,1
FedPhoenix,1,56,62,9,1,5,5705151,66,1.7929166555404663,3.0761075019836426,4.294443607330322,2.326923131942749,0.5418450781307986,0.6463947803202923,0.541515588760376,-0.45184098560780517,-0.5678108753632577,1.2009714715308346,0.8850683604700325,0.05916555970907211,-0.06710226833820343,0
FedPhoenix,1,56,80,7,6,8,5708142,66,2.162748336791992,3.1770083904266357,5.323647499084473,2.9815454483032227,0.5600568874658606,0.6521391642338995,0.5603407025337219,-0.28470733384660957,-0.538964030127974,0.9828967241697,0.8771121181670614,-0.003769325790926814,-0.0010819195304065943,1
FedPhoenix,1,57,16,11,2,3,5803160,66,1.6044325828552246,3.1722207069396973,4.598453998565674,1.8638445138931274,0.4053198128053652,0.6338854757677974,0.40475592017173767,-0.3848609335180809,-0.4517080732125993,1.2522765554764006,0.8527784385975629,-0.0003967984230257571,-0.003403453389182687,1
FedPhoenix,1,58,42,7,4,9,5909145,66,1.3643982410430908,3.1111817359924316,5.075804233551025,1.671223759651184,0.3292529977031185,0.632045228755715,0.3296319544315338,-0.41567183200091495,-0.4370752090039614,0.8996731341638292,0.8463873229847695,0.001947185955941677,-0.01036358717828989,0
FedPhoenix,1,59,88,9,11,0,6000175,66,1.0479410886764526,2.9727745056152344,6.415701866149902,1.4360889196395874,0.2238397216080691,0.6346196597655019,0.2236996293067932,-0.00260887307981102,-0.4945381591251627,1.2214274765195305,0.8655670639549128,0.0008746697567403316,-0.004344226326793432,0
FedPhoenix,1,61,65,7,12,8,6208157,66,1.38401198387146,3.0564372539520264,6.39711856842041,1.8385400772094727,0.2874012819279605,0.6335293317600669,0.28702032566070557,0.012773835485309415,-0.4589062152674422,1.0403566342924655,0.8540355584144056,0.0027582868933677673,-0.0028412530664354563,0
FedPhoenix,1,63,18,2,15,1,6401184,66,1.4941487312316895,2.9185805320739746,7.119314193725586,1.7854140996932983,0.25078456310673486,0.6368926814533936,0.25106874108314514,,,,,,,
FedPhoenix,1,63,42,8,5,6,6406169,66,1.2115132808685303,2.9279067516326904,4.951349258422852,1.5876270532608032,0.32064533734107614,0.6163360192131079,0.32110223174095154,-0.3292802688475743,-0.5406451336191549,0.9741765175430036,0.8749159011077945,0.0015849049668759108,-0.004493749234825373,0
FedPhoenix,1,65,16,12,8,0,6600193,66,1.8178316354751587,2.827209949493408,5.266566753387451,2.2258148193359375,0.4226310846442557,0.6503924528717988,0.4229247272014618,-0.32959149150755984,-0.5006103831735753,1.0448719175845484,0.8650257644520571,-0.0034736923407763243,-0.0018927661003544927,1
FedPhoenix,1,66,65,8,5,1,6701193,66,1.4686408042907715,2.8373894691467285,4.456405162811279,1.7859126329421997,0.4007518543971827,0.6260532793730269,0.40029177069664,-0.1494224111017429,-0.4510529308975649,1.3947367327948872,0.8547352951354071,-0.00013966497499495745,-0.0015845015877857804,1
FedPhoenix,1,66,16,13,1,2,6702190,66,1.630125880241394,2.8291821479797363,3.937986135482788,2.257972478866577,0.5733825364494792,0.6548724769877774,0.5734664797782898,-0.32768629316885,-0.5612942737380718,1.3559284030068988,0.8850987639405097,0.05291932448744774,-0.0790020227432251,0
FedPhoenix,1,67,96,9,16,2,6802193,66,0.7552340030670166,2.7475662231445312,7.099318027496338,0.9122838973999023,0.12850303280771633,0.5999356225628152,0.1284087896347046,-0.22974950535428826,-0.4558147383580816,0.734071428220407,0.8546198171770341,-0.0013595850905403495,-0.0018288431456312537,1
FedPhoenix,1,71,88,10,12,1,7201208,66,1.063162088394165,2.739884853363037,5.864467620849609,1.3088274002075195,0.22317923549515328,0.6199732037839278,0.22309234738349915,-0.04516822655813264,-0.4365059490612035,0.9973124509383621,0.8449419481690453,-0.0030921620782464743,-0.001735414145514369,1
FedPhoenix,1,71,80,8,15,8,7208187,66,2.4091458320617676,2.668356418609619,6.4549431800842285,2.998638868331909,0.4645492275723357,0.6558854508837101,0.46556299924850464,-0.11367740687701665,-0.4480829854463273,0.8308845829180934,0.8509851206417921,0.00046789058251306415,-0.004849265795201063,0
FedPhoenix,1,74,62,10,18,3,7503211,66,1.5657272338867188,2.5447003841400146,6.914625644683838,2.2146809101104736,0.3202893437640928,0.6593973588809163,0.3207518458366394,-0.25488699965640643,-0.5297220582876803,0.5923379776025877,0.8811602265655928,0.0002035787038039416,-0.001396907726302743,0
FedPhoenix,1,74,96,10,7,4,7504208,66,0.7710416913032532,2.5606935024261475,4.733118534088135,0.8974000811576843,0.18960017052063635,0.5879672227417322,0.18945066630840302,-0.080517697777174,-0.47019912921978224,1.4753769610354046,0.8616847985935209,0.0021370709873735905,-0.0053411549888551235,0
FedPhoenix,1,75,80,9,4,9,7609196,66,1.955625057220459,2.553178310394287,3.910923957824707,2.835886001586914,0.7251191872223298,0.6497216173590769,0.7236106395721436,-0.14388382722880633,-0.5757544928283447,1.554239733726137,0.890274560513242,-0.0030040910933166742,-0.0009952452965080738,1
FedPhoenix,1,77,16,14,11,1,7801226,66,1.2494584321975708,2.4581055641174316,5.20860481262207,1.9139705896377563,0.3674631995499529,0.6646690570473303,0.3666585683822632,-0.3303465073440714,-0.5407537495057743,0.6393944061826291,0.8825520461497042,-0.0009713892359286547,-0.0043858252465724945,1
FedPhoenix,1,78,96,11,4,2,7902226,65,0.9057009816169739,2.3821194171905518,3.981387138366699,0.9907240867614746,0.24883892280007078,0.590862332522039,0.2488488107919693,-0.2891718373794824,-0.4456246127545903,1.313567659661521,0.8508914593632276,-0.0005403078976087272,-0.0028175748884677887,1
FedPhoenix,1,78,42,9,15,4,7904220,65,1.2892128229141235,2.383476734161377,6.014896392822266,1.565107822418213,0.2602052837162145,0.6258613528487467,0.2602727711200714,-0.1822027095144572,-0.4345950269084367,0.8106078529752577,0.8484301441749262,0.0011234759585931897,-0.0020475650671869516,0
FedPhoenix,1,79,96,12,1,5,8005220,65,0.896721363067627,2.412337064743042,3.4868412017822266,1.0519931316375732,0.30170376875768445,0.5836551764570328,0.3018273711204529,-0.38935920966054977,-0.5529445789447959,1.2129250738040405,0.8813818208822877,0.013272520154714584,-0.019575996324419975,0
FedPhoenix,1,80,88,11,9,8,8108214,65,1.0868988037109375,2.3355047702789307,4.734517574310303,1.3235700130462646,0.27955752455703897,0.6155965246871474,0.27906444668769836,-0.10293801686171701,-0.47895880275732056,1.2509227273518286,0.8604947860893659,-0.0004505984834395349,-0.001879922696389258,1
FedPhoenix,1,80,98,7,33,9,8109211,65,0.7388103008270264,2.3444247245788574,10.15975284576416,0.8987106680870056,0.08845792626359122,0.6044618170328151,0.08854585886001587,-0.055319433757698246,-0.4060345041079024,0.6081607927095346,0.8470259313221767,-0.0006131711415946484,-0.0015929006040096283,1
FedPhoenix,1,81,65,9,15,2,8202235,65,1.6121474504470825,2.2800819873809814,5.635495185852051,1.9556621313095093,0.34702578332758854,0.634792776913934,0.3470373749732971,-0.14277013535827354,-0.48627977488879337,0.8669473692025745,0.8615793875166093,0.0006973892450332642,-0.006494020577520132,0
FedPhoenix,1,81,80,10,6,7,8207220,65,2.227145195007324,2.2788894176483154,4.05856466293335,2.708066463470459,0.6672473370209955,0.6474337102372452,0.6671523451805115,-0.3063413207295677,-0.4153939488989629,0.9219904886266445,0.8395594848189988,0.0038575243670493364,-0.009752815589308739,0
FedPhoenix,1,83,96,13,4,4,8404235,65,0.8178700804710388,2.343489646911621,3.802915334701538,0.9830405712127686,0.25849657031338075,0.5733380829099107,0.25803056359291077,-0.4105543663357569,-0.5308201006926812,0.8549455857808134,0.8752935170446503,0.003614559303969145,-0.00342563190497458,0
FedPhoenix,1,86,96,14,3,9,8709229,65,0.7984530329704285,2.2430548667907715,3.545788288116455,0.8865456581115723,0.25002780371364497,0.5484953167707879,0.2503160834312439,-0.3702030183110174,-0.42743441821968003,0.9701496295492087,0.8431637073672583,-0.002068295842036605,-0.0016939572524279356,1
FedPhoenix,1,88,16,15,11,7,8907241,65,1.3150711059570312,2.1831300258636475,4.597846984863281,1.6244550943374634,0.35330777637555805,0.633432007769255,0.3540284335613251,-0.06872597837069651,-0.41311880661990835,0.9655569486215815,0.8390540016243291,0.001427903538569808,-0.010934296995401382,0
FedPhoenix,1,89,80,11,8,0,9000265,65,1.6887787580490112,2.147021770477295,3.999746084213257,2.5573747158050537,0.6393842663908615,0.6530705770750216,0.6393846273422241,-0.21173207076473843,-0.6070672170754017,0.9584102554970445,0.8936361996071114,0.005697406828403473,-0.006960221100598574,0
FedPhoenix,1,90,62,11,16,6,9106250,65,1.3859105110168457,2.128678560256958,5.352451801300049,1.8997811079025269,0.3549366119356249,0.6436362697902661,0.35510972142219543,0.09232709087608884,-0.4879386247983273,1.1071763544251494,0.8603358798863923,0.0009739801753312349,-0.004364652093499899,0
FedPhoenix,1,92,80,12,3,7,9307253,65,2.015659809112549,2.053316593170166,3.1309738159179688,2.374088764190674,0.7582589008314199,0.6408768079555772,0.7575064897537231,-0.28493657798607025,-0.3871120580130397,1.1847850143091465,0.832628137303887,0.0035309740342199802,-0.01154704112559557,0
FedPhoenix,1,92,88,12,12,9,9309247,65,0.993097186088562,2.039415121078491,4.537214279174805,1.2854235172271729,0.28330676889712003,0.617993267068973,0.28292879462242126,-0.10629336277091192,-0.5159877091967265,1.013914752472756,0.8705249363567605,0.0009842745494097471,-0.00484008202329278,0
FedPhoenix,1,95,88,13,3,6,9606265,65,1.1977484226226807,1.94219172000885,3.092282772064209,1.3297288417816162,0.43001527990712984,0.6069477632260987,0.4296135902404785,-0.22070575836593054,-0.41028621017657174,1.5185494929262453,0.8458336778771735,-0.00021256899344734848,-0.0072325291112065315,1
FedPhoenix,1,96,18,3,33,0,9700286,65,1.2884621620178223,1.9789129495620728,8.286789894104004,1.7933051586151123,0.21640528860165992,0.6444685324006116,0.2163204699754715,0.185065083701572,-0.5520487831233906,0.8616173954194438,0.8789339885207652,0.00016551872249692678,-0.0026056449860334396,0
FedPhoenix,1,97,88,14,2,9,9809262,65,1.049638032913208,1.8991461992263794,2.848405599594116,1.3052889108657837,0.4582524732612949,0.5808030513176502,0.4582153260707855,-0.39063439833059277,-0.5752105894828029,1.0665561806508204,0.8847022724009782,-0.004568637348711491,-0.007666875142604113,1
FedPhoenix,1,98,65,10,17,5,9905277,65,1.437305212020874,1.9481295347213745,4.916250705718994,1.9222652912139893,0.3910022914367362,0.6303640370851495,0.39014706015586853,0.09050990699659708,-0.5404018522027993,1.1242750294043748,0.8768342644187948,0.0024325824342668056,-0.010359109379351139,0
FedPhoenix,1,98,96,15,12,6,9906274,65,0.7142357230186462,1.929644227027893,4.340847015380859,0.8733869791030884,0.20120197187512665,0.5773738818673542,0.20106124877929688,-0.27231647632834827,-0.4964028477905508,0.8032474241624027,0.8642758565846064,0.001196997007355094,-0.005373440217226744,0
FedPhoenix,1,99,18,4,3,3,10003286,65,1.3288092613220215,1.8771510124206543,2.950939416885376,1.5823723077774048,0.536226633024887,0.6045885396775429,0.5360571146011353,-0.06542770199356206,-0.43226673249651726,2.4781240915520537,0.8762387285582324,-0.0013802298344671726,-0.0082100173458457,1
FedPhoenix,1,100,65,11,2,4,10104286,65,1.6731321811676025,1.8704469203948975,2.5569417476654053,1.9327220916748047,0.755872554953082,0.6213666592057557,0.7540422081947327,-0.16322463975825052,-0.4263752839823366,1.9326897465362467,0.8621413866460107,-0.005583727732300758,-0.010406862944364548,1
FedPhoenix,1,102,96,16,4,0,10300304,65,0.7888890504837036,1.8638046979904175,3.117047071456909,0.8151437044143677,0.2615115157799358,0.5422994276878979,0.2614864408969879,-0.21451929543031031,-0.41857793398238624,1.3005640403319318,0.8436991293028858,-0.001104786992073059,-0.0024158002343028784,1
FedPhoenix,1,103,16,16,15,3,10403298,65,1.3529112339019775,1.805892825126648,4.480165004730225,1.6939167976379395,0.3780925023629931,0.6349055510340524,0.3777472972869873,-0.04310838015542063,-0.48924711859877856,1.0670452045722054,0.8617488392713695,-0.003242251928895712,0.0005652217660099268,0
FedPhoenix,1,103,98,8,23,5,10405292,65,0.7638446092605591,1.887723445892334,5.868796348571777,0.8634295463562012,0.14712208348585432,0.5746026852601172,0.14707140624523163,0.2595732765427886,-0.43830321298352176,1.6609368484033868,0.8562241665381811,6.498606671812013e-05,-0.0018429757328704,0
FedPhoenix,1,104,80,13,12,3,10503301,65,2.2201056480407715,1.8187311887741089,4.006965160369873,2.7424793243408203,0.6844280433142035,0.647457785866944,0.6844169497489929,-0.2560982137477373,-0.5135231102334218,0.9035080796395698,0.8689056872378647,-0.00041069701546803117,-0.008256104774773121,1
FedPhoenix,1,106,16,17,3,5,10705301,65,0.8432931303977966,1.854235053062439,2.75823712348938,1.4300665855407715,0.5184712269158026,0.6511536944313809,0.518021821975708,-0.18402684633272973,-0.627832670051761,1.371343365063813,0.902719023743115,-0.0007208907045423985,-0.005007891915738583,1
FedPhoenix,1,107,96,17,5,5,10805304,65,0.8806843161582947,1.726940631866455,3.0399160385131836,0.9501373767852783,0.31255382212782296,0.5690899218737024,0.3123246431350708,-0.33701373532092604,-0.43966220324530714,1.1944817027811603,0.8493816069955403,-0.003423298941925168,-0.00422440841794014,1
FedPhoenix,1,108,42,10,30,5,10905307,65,1.0454342365264893,1.8459687232971191,6.691250801086426,1.494177222251892,0.22330312622702267,0.6400013296267834,0.22351302206516266,0.14510070720701454,-0.5487037184257401,0.8588076926831563,0.8789323858459388,-0.0019662450067698956,-0.008130388334393501,1
FedPhoenix,1,109,80,14,5,6,11006307,65,2.144577741622925,1.704092264175415,2.8859264850616455,2.8109066486358643,0.9740049385127866,0.6440115806090126,0.9738216400146484,-0.18929225306452638,-0.5281647122332598,1.4228897784896106,0.875125618729454,-0.004186342004686594,-0.023136263713240623,1
FedPhoenix,1,110,62,12,20,2,11102322,65,1.1559821367263794,1.6853134632110596,4.87623405456543,1.5966136455535889,0.32742760656831343,0.6281200140259606,0.3279256224632263,0.0825115915405779,-0.5003089348804219,0.9234910501974043,0.8637228466632615,-0.0008847356075420976,-0.001408835407346487,1
FedPhoenix,1,110,42,11,2,4,11104316,65,1.1855281591415405,1.6372041702270508,2.6527576446533203,1.3393535614013672,0.5048910382372671,0.6003478875311641,0.5050507187843323,-0.1485360751688854,-0.38799261676145946,2.2596555305569668,0.8584337587798039,0.0011397404596209526,-0.0051906900480389595,0
FedPhoenix,1,111,96,18,4,0,11200331,65,0.7918584942817688,1.6635483503341675,2.8111042976379395,0.9850152730941772,0.3504015393244201,0.5889327716726249,0.35042163729667664,-0.32439500467146976,-0.5808428466485451,1.1220446747115422,0.8868228655597467,0.0018538064323365688,-0.0012662587687373161,0
FedPhoenix,1,112,80,15,3,6,11306316,65,1.9889695644378662,1.6326292753219604,2.518240451812744,2.6919915676116943,1.0689970315077764,0.6512545686035637,1.0665236711502075,-0.3209985928744132,-0.5145857774659419,1.095183531229693,0.8691285279556177,5.8032950619235635e-05,-0.0063674552366137505,0
FedPhoenix,1,113,18,5,14,2,11402331,65,1.2630598545074463,1.698704719543457,3.944833517074585,1.5864015817642212,0.4021466495093727,0.612068553953936,0.402200311422348,-0.2387617453030937,-0.5175647501067877,0.750312036912192,0.8723136336753343,-0.003510786686092615,-0.0046264673583209515,1
FedPhoenix,1,113,98,9,10,8,11408313,65,0.9168791174888611,1.6436876058578491,3.4970686435699463,0.9468653798103333,0.270759735171645,0.5633676521251005,0.2704448103904724,-0.017265123754379587,-0.39349847829272067,1.8389804713292104,0.8505976351547052,0.0003122921334579587,-0.006666780915111303,0
FedPhoenix,1,115,64,6,63,1,11601340,65,1.11293363571167,1.6212738752365112,12.81281852722168,1.4014239311218262,0.10937670959315463,0.6392283408579515,0.109245166182518,0.24490441950026295,-0.4314191971494091,0.6457102825488572,0.8527888539788209,-0.0013715986860916018,-0.0004190603212919086,1
FedPhoenix,1,115,42,12,5,2,11602337,65,1.297470211982727,1.582199215888977,2.773552894592285,1.4984639883041382,0.5402687618560357,0.6034897186118776,0.5403081774711609,-0.3493028995893192,-0.5001528515506618,1.0697962294448653,0.8649927624184214,0.00818213727325201,-0.02031830884516239,0
FedPhoenix,1,115,88,15,18,3,11603334,65,1.1680086851119995,1.695927619934082,4.401442050933838,1.3712722063064575,0.3115506669036363,0.618345652244801,0.3112425208091736,-0.22576852147171758,-0.3879318166074316,0.6792358266376357,0.8385964925859671,0.0011183756869286299,-0.015090757049620152,0
FedPhoenix,1,117,98,10,4,8,11808325,65,0.7126270532608032,1.5740234851837158,2.6596271991729736,0.8972893953323364,0.3373741235655194,0.5506511183808419,0.33755362033843994,-0.2431778677151095,-0.610764018452006,1.2481990167692965,0.8966020167009507,-0.0050574359484016895,-0.002738569164648652,1
FedPhoenix,1,118,80,16,6,5,11905337,65,1.6636706590652466,1.57253897190094,2.7580318450927734,2.3743951320648193,0.8609020002030069,0.6500490020303654,0.8611512184143066,-0.31033508380643476,-0.5234629343306777,0.8074478898748081,0.8727993269670905,-0.005344158038496971,-0.01558652427047491,1
FedPhoenix,1,118,98,11,1,9,11909325,65,0.6251196265220642,1.59907865524292,2.306865930557251,0.748152494430542,0.3243155506005035,0.5592632041153089,0.3245939016342163,-0.38672795980263747,-0.3544748242164544,0.9616536301377053,0.8213237406251523,0.006003900431096554,-0.03601564094424248,0
FedPhoenix,1,119,64,7,4,2,12002349,65,0.969023585319519,1.598787784576416,2.583073616027832,1.222224235534668,0.4731666290694774,0.5870554030542068,0.47361135482788086,0.029160734698609355,-0.49390594757305994,4.335115312100087,0.9172852875826134,0.00014765978266950697,-0.014399005100131035,0
FedPhoenix,1,120,64,8,1,2,12102352,65,1.607865810394287,1.5320743322372437,2.244554042816162,1.7108911275863647,0.7622410042036717,0.6639365781206836,0.7615101337432861,-0.4070328178077066,-0.3091029802602603,1.6078486449935938,0.8197853359510715,0.03139019384980202,-0.043329961597919464,0
FedPhoenix,1,120,96,19,9,4,12104346,65,0.7756609320640564,1.5598245859146118,3.1191630363464355,0.927679717540741,0.2974130261004443,0.5918138569438596,0.2971315383911133,-0.2693987915359944,-0.43648876952338345,0.8479668817557985,0.8463597335536664,-0.0006828781915828586,-0.0054644327610731125,1
FedPhoenix,1,120,18,6,7,5,12105343,65,1.1212176084518433,1.5877022743225098,2.867727518081665,1.4363479614257812,0.5008662616544928,0.6024248367647737,0.5017075538635254,-0.1350128595690859,-0.5028784182461641,1.2473895200206928,0.8657217635710946,0.001173619064502418,-0.01088580209761858,0
FedPhoenix,1,122,64,9,2,1,12301361,65,0.8865530490875244,1.5309728384017944,2.331876516342163,1.6858330965042114,0.7229512732294788,0.6758420263282282,0.7228881120681763,-0.4262533014733108,-0.8069472445967633,0.9492819558496539,0.94991145023391,-0.006711045280098915,0.0017976470990106463,0
FedPhoenix,1,123,16,18,17,6,12406349,65,1.6125197410583496,1.4778481721878052,3.9251086711883545,1.6840300559997559,0.42904036475746155,0.6857322378152304,0.42912766337394714,-0.23269992131715936,-0.2406708637641862,0.8284004111398131,0.7883427416300213,0.0028889747336506844,-0.010419928468763828,0
FedPhoenix,1,123,96,20,3,8,12408343,65,0.8980831503868103,1.5096123218536377,2.4276819229125977,0.9646788239479065,0.39736623436654384,0.5763598115518048,0.3966657221317291,-0.278194620677668,-0.4515796544813143,1.3350636472341495,0.8538665664336499,0.0017155618406832218,-0.02025686949491501,0
FedPhoenix,1,124,96,21,1,1,12501367,65,0.7481675744056702,1.5125938653945923,2.194742202758789,0.9363523721694946,0.42663433135430384,0.5687787152148155,0.426266074180603,-0.4071545334979509,-0.5698562062637934,1.0746200073617178,0.8839843631866873,0.01944376900792122,-0.029965657740831375,0
FedPhoenix,1,125,62,13,15,1,12601370,65,1.4579967260360718,1.4547799825668335,3.5908851623535156,1.6248221397399902,0.4524851300659826,0.6215896244938482,0.4529323875904083,0.035622360496041595,-0.3715297546580383,1.3812779395408514,0.8318844450604966,-0.0023248682264238596,-0.021587703377008438,1
FedPhoenix,1,125,64,10,3,6,12606355,65,1.038649082183838,1.4943729639053345,2.4021241664886475,1.1562954187393188,0.48136371752550794,0.6006098788053623,0.48210421204566956,-0.3987711492394153,-0.27736626693274813,0.6669242415637915,0.8080488100878372,0.0017942640697583556,-0.023894937708973885,0
FedPhoenix,1,126,64,11,1,2,12702370,65,1.084272027015686,1.462014079093933,2.144653081893921,1.314624309539795,0.6129776049272504,0.6192525496318949,0.6125465631484985,-0.4189284649537903,-0.5420320795513557,1.2705446731885048,0.8789134710549561,0.0622979961335659,-0.09574636071920395,0
FedPhoenix,1,129,16,19,6,7,13007364,65,1.3185374736785889,1.4232468605041504,2.5206527709960938,1.913403034210205,0.7590902865424503,0.6528030311347162,0.757536768913269,-0.12766821086196256,-0.7077930758925027,1.7652602022151989,0.9278085672117633,-0.0018049392383545637,-0.012985123321413994,1
FedPhoenix,1,130,65,12,30,2,13102382,65,1.5242284536361694,1.4504857063293457,5.14992094039917,2.0260746479034424,0.39341859250872463,0.6336709803231667,0.39298582077026367,-0.15723268529705858,-0.5621430060219665,0.5211727970445982,0.8946851894320185,-0.003340307157486677,-0.0074249026365578175,1
FedPhoenix,1,131,98,12,13,1,13201388,65,0.7506701946258545,1.4272936582565308,3.3018534183502197,0.8479006886482239,0.25679537557170634,0.6163010334966311,0.2566964328289032,-0.3134961043613452,-0.4256711119663681,0.7908656713268954,0.8461741020573535,0.002311370335519314,-0.0114558394998312,0
FedPhoenix,1,134,65,13,4,4,13504388,65,1.6278516054153442,1.3324923515319824,2.137547492980957,1.9723353385925293,0.9227094813416515,0.6257250138454272,0.9220950603485107,-0.07732770310537904,-0.4444287339654128,2.3463522703997284,0.8737246856008506,0.0006431080400943756,-0.016937796026468277,0
FedPhoenix,1,135,88,16,20,1,13601400,65,1.0739970207214355,1.4068851470947266,3.8422000408172607,1.376232385635376,0.3581886343799747,0.6138398230004354,0.3579455316066742,0.038805753642061944,-0.5291719561869817,1.150125132681958,0.8726865486969121,-0.002472426276654005,-0.0034124101512134075,1
FedPhoenix,1,135,42,13,20,9,13609376,65,1.2827680110931396,1.3537421226501465,3.8266401290893555,1.5989570617675781,0.41784881980727884,0.6196935800217949,0.4180319607257843,-0.1583421344399984,-0.5140391457707064,0.7737104077275829,0.8708543546023719,-0.0044887475669384,-0.0026997809763997793,1
FedPhoenix,1,137,18,7,17,9,13809382,65,1.6040480136871338,1.3342947959899902,3.4757072925567627,1.7177432775497437,0.49421402119442037,0.6303030660919244,0.4949285387992859,-0.15541464306878106,-0.3564735908927341,0.9864731132598263,0.8209263408968321,-0.004817493259906769,-0.0032385126687586308,1
FedPhoenix,1,140,88,17,5,7,14107397,65,1.1492836475372314,1.3368990421295166,2.309800863265991,1.3540170192718506,0.5862050884147318,0.6090175831608988,0.5853226184844971,-0.15443515164611224,-0.4662163182083927,1.63528127471126,0.8633351255140974,0.004922566935420036,-0.021637247875332832,0
FedPhoenix,1,142,65,14,8,0,14300424,65,1.4230235815048218,1.2652080059051514,2.435621976852417,1.9118589162826538,0.7849571626679879,0.6266591712694852,0.7833709716796875,-0.2661741265332305,-0.563394291158013,0.8495448367364756,0.8820266557695344,-0.005309130065143108,-0.010423559695482254,1
FedPhoenix,1,142,98,13,11,1,14301421,65,0.7608614563941956,1.2954046726226807,2.83670973777771,0.8797737956047058,0.3101388146584268,0.5820412658976823,0.31013262271881104,-0.14756253285467832,-0.5360102650058647,1.20822112799703,0.8770975980430447,0.002392066642642021,-0.009284595027565956,0
FedPhoenix,1,143,42,14,8,8,14408403,65,1.1808407306671143,1.315818190574646,2.5702412128448486,1.4773391485214233,0.5747861878246318,0.5996646803036028,0.574743926525116,-0.10409151361752184,-0.507447977636153,1.3748576055514616,0.870345013785788,-0.0033535694237798452,-0.00682857446372509,1
FedPhoenix,1,144,80,17,26,4,14504418,65,2.0947742462158203,1.247353434562683,4.095554828643799,2.4466538429260254,0.5973925256265248,0.6509750454203895,0.5972334146499634,-0.09846973174946427,-0.3924778456774586,0.6935203464135046,0.8390323844182056,-0.006286014337092638,-0.009847593493759632,1
FedPhoenix,1,145,62,14,20,1,14601430,65,1.406095027923584,1.307589054107666,3.536709785461426,1.776458978652954,0.5022914195433996,0.6202521187375889,0.5028725266456604,-0.013363999779150901,-0.5511147552720217,1.1102362857491321,0.878475895185539,-0.009853720664978027,-0.0032020939979702234,1
FedPhoenix,1,145,65,15,3,2,14602427,65,1.4943491220474243,1.272900938987732,1.933083176612854,1.8112715482711792,0.9369858318481411,0.6208570972317391,0.93731689453125,-0.2727792983514425,-0.4482872243849429,1.1965098933892973,0.8502984557556599,-0.01139507070183754,-0.014634625986218452,1
FedPhoenix,1,145,64,12,19,6,14606415,65,1.0719671249389648,1.2559493780136108,3.4619548320770264,1.343539834022522,0.3880870488469276,0.6230940722896936,0.3873634338378906,-0.27368823430397,-0.5357084970523635,0.6324050978289479,0.8816807251067182,0.013421032577753067,-0.007788239046931267,0
FedPhoenix,1,146,64,13,1,2,14702430,65,1.119452714920044,1.2881373167037964,1.888659954071045,1.3105037212371826,0.693880186537376,0.5980158148613365,0.6942683458328247,-0.22639531726286846,-0.44524555165997176,1.79228473222569,0.861976075555461,0.030284497886896133,-0.06206011027097702,0
FedPhoenix,1,147,88,18,7,6,14806421,65,1.0434163808822632,1.264847993850708,2.4034905433654785,1.3198822736740112,0.5491522641172126,0.6019438393608197,0.5481477379798889,-0.2971437929278378,-0.5442849547447901,0.9365207419363509,0.8787296746292336,-0.005958433263003826,-0.017311129719018936,1
FedPhoenix,1,147,98,14,5,8,14808415,65,0.7780980467796326,1.2310831546783447,2.2375235557556152,0.8412894010543823,0.3759913047127236,0.5466611690033604,0.37589550018310547,-0.25159317261568465,-0.4382609919007135,1.2121151548567146,0.8478476459826562,-0.009816886857151985,-0.013712510466575623,1
FedPhoenix,1,149,62,15,4,5,15005430,65,1.4629204273223877,1.2786685228347778,2.1415164470672607,1.7916356325149536,0.8366200665737148,0.6244775116977281,0.8360186219215393,-0.17475139587860875,-0.46317989975398033,1.662461146992378,0.862996841070356,0.005389909725636244,-0.019431598484516144,0
FedPhoenix,1,151,88,19,4,9,15209424,65,1.0430567264556885,1.312673568725586,2.1642255783081055,1.2524968385696411,0.5787274908506572,0.6002937848391691,0.5782643556594849,-0.28048965154212563,-0.47118840950036156,1.0549687891584252,0.857593120479209,-0.0035255495458841324,-0.009106079116463661,1
FedPhoenix,1,153,62,16,4,3,15403448,65,1.1231353282928467,1.194212555885315,2.048086166381836,1.5949115753173828,0.7787326536823334,0.6167351851767516,0.778641402721405,-0.3438537482365087,-0.586584585651405,0.9313569375214821,0.8892428162843554,0.015317855402827263,-0.020582841709256172,0
FedPhoenix,1,153,18,8,16,6,15406439,65,1.3353700637817383,1.219539761543274,3.0386717319488525,1.8255555629730225,0.6007741947833244,0.6210601945213537,0.6003056764602661,-0.05868915156984415,-0.6347685076874553,1.2128952930313357,0.9040142784458645,0.00024057214614003897,-0.008561678230762482,0
FedPhoenix,1,155,98,15,8,6,15606445,64,0.7822320461273193,1.1624246835708618,2.432877540588379,0.9036327004432678,0.37142547677280846,0.5791291884649792,0.37108421325683594,-0.28626211496882487,-0.4871594195308333,0.9872169035275317,0.8614904802721601,0.00045717458124272525,-0.006094224750995636,0
FedPhoenix,1,157,88,20,6,8,15808445,64,1.259068250656128,1.1831157207489014,2.2278850078582764,1.4033621549606323,0.629907804940566,0.6095942526633124,0.6292151808738708,-0.3332137585500065,-0.43114371697263076,1.0881469315135301,0.8443132687304052,-0.0006422577425837517,-0.03310561180114746,1
FedPhoenix,1,157,65,16,12,9,15809442,64,1.5706661939620972,1.1433908939361572,2.5810813903808594,1.932543396949768,0.7487340012411839,0.6305167177647911,0.7470133304595947,-0.24297886129248172,-0.5034546569138727,0.7969600455600581,0.8668059094005498,-0.005231126211583614,-0.01723446696996689,1
FedPhoenix,1,158,18,9,5,6,15906454,64,1.492946982383728,1.2049202919006348,2.1104488372802734,1.7294409275054932,0.8194659339543132,0.6114735014766458,0.8190034627914429,-0.1982350795904475,-0.40547365535492175,1.3643620509755816,0.8411547830077607,-0.0020143489819020033,-0.013649262487888336,1
FedPhoenix,1,159,98,16,4,4,16004463,64,0.5626049637794495,1.1684370040893555,2.012817144393921,0.8031264543533325,0.3990061673459974,0.597192409516163,0.3990197777748108,-0.2902001641437679,-0.5899289737323673,1.0753032102259128,0.8911030836349093,0.003103018971160054,-0.01903868466615677,0
FedPhoenix,1,159,64,14,13,5,16005460,64,1.5182567834854126,1.1397629976272583,2.727477550506592,1.7194675207138062,0.6304240782454132,0.6518790343487801,0.6306627988815308,-0.30857081574534995,-0.43123608735311436,0.9084123106872087,0.8436843784244727,0.013293859548866749,-0.026654353365302086,0
FedPhoenix,1,160,80,18,16,4,16104466,64,2.128915786743164,1.1323662996292114,2.895650863647461,2.7073256969451904,0.934962750838689,0.6409858857582601,0.9347302913665771,0.0015020799165276733,-0.5412793662232485,1.565157942283387,0.8830767655292608,-0.004438771400600672,-0.021104253828525543,1
FedPhoenix,1,161,96,22,37,5,16205466,64,0.8843245506286621,1.1282931566238403,4.544340133666992,0.9959285259246826,0.21915800680192765,0.6100663584537215,0.21892285346984863,-0.2016973148596623,-0.39163436572197646,0.5135757047535481,0.851469534055482,0.007154854945838451,-0.008314771577715874,0
FedPhoenix,1,161,62,17,8,9,16209454,64,1.5412914752960205,1.1332712173461914,2.2891571521759033,1.6951472759246826,0.7405115346985508,0.6362146160820619,0.7404404282569885,-0.28185085244038344,-0.33181278533305936,0.9509388647813674,0.8154193886708359,0.013526705093681812,-0.020273268222808838,0
FedPhoenix,1,164,16,20,35,6,16506472,64,1.1546274423599243,1.131116509437561,4.255268573760986,1.5829564332962036,0.37199918309662594,0.6400529228884279,0.3721078038215637,-0.0922079008543707,-0.4765242632089028,0.4912090497360802,0.8771943895000389,0.0037321445997804403,-0.0077848052605986595,0
FedPhoenix,1,164,98,17,5,7,16507469,64,0.780849039554596,1.1066622734069824,2.0360093116760254,0.7670102119445801,0.37672234971892493,0.5709240584646161,0.37669306993484497,-0.34421741379825965,-0.3671065449583489,0.944047522483115,0.8262710718328847,-0.007780297193676233,-0.004694382660090923,1
FedPhoenix,1,166,18,10,8,7,16707475,64,1.1941521167755127,1.0903210639953613,2.2066752910614014,1.673139214515686,0.758217224478983,0.6226563117968248,0.7576578855514526,-0.2879510860622776,-0.5926486581570525,0.92508732786302,0.8923363315531505,0.0006517838919535279,-0.005199286621063948,0
FedPhoenix,1,167,62,18,6,2,16802493,64,0.9941608309745789,1.1093968152999878,2.016251564025879,1.6645008325576782,0.8255422399937632,0.6564906894286402,0.8254938125610352,-0.2539576513060338,-0.7108384714905988,1.1148857807589276,0.9231468722419413,-0.003973623737692833,-0.006884400732815266,1
FedPhoenix,1,168,42,15,25,2,16902496,64,1.0405261516571045,1.064745545387268,3.408318042755127,1.3594834804534912,0.3988722482465717,0.6120031280156882,0.3981544077396393,-0.13724792013019982,-0.4749868967620881,0.6927738082817898,0.8623407097346074,-0.0011491688201203942,-0.009263749234378338,1
FedPhoenix,1,169,96,23,8,0,17000505,64,0.8249732255935669,1.0800822973251343,2.201077938079834,0.992169976234436,0.4507654904303524,0.580454728272496,0.4503934383392334,-0.06614842729450295,-0.5348280465867189,2.057358338497044,0.8899466283746491,0.0005730033735744655,-0.010622270405292511,0
FedPhoenix,1,170,65,17,13,2,17102502,64,1.636927604675293,1.1099413633346558,2.474518299102783,2.012920379638672,0.8134594843641721,0.6275484073117824,0.8119234442710876,-0.1376449861117471,-0.5008777157118621,1.0868960541580135,0.8662364399471368,-0.004383392166346312,-0.006462861783802509,1
FedPhoenix,1,170,16,21,6,5,17105493,64,1.5218127965927124,1.0641701221466064,2.012848377227783,1.6950476169586182,0.8421139098873897,0.6333216756677155,0.8420507311820984,-0.09439871666510265,-0.38352397684273704,2.2629513553082896,0.8578593618807356,0.002653843490406871,-0.021270889788866043,0
FedPhoenix,1,170,88,21,13,9,17109481,64,1.0696251392364502,1.093475580215454,2.5616331100463867,1.423839807510376,0.5558328403570786,0.611432923582716,0.5546101331710815,-0.2292821190797701,-0.6012832937827177,0.8814643153268074,0.8930726758058466,-0.000816929794382304,-0.00492607057094574,1
FedPhoenix,1,173,62,19,6,5,17405502,64,1.4634355306625366,1.0707199573516846,2.0376715660095215,1.59844970703125,0.7844491397408038,0.6504118137470712,0.7843710780143738,-0.2748818018078193,-0.2958787294178397,0.9501748170317748,0.8047793073062808,0.0003121146291960031,-0.035070814192295074,0
FedPhoenix,1,174,62,20,1,9,17509493,64,1.0959993600845337,1.1516317129135132,1.5770541429519653,1.6325522661209106,1.0351910068629777,0.6378565331051453,1.0354028940200806,-0.313279107451897,-0.6829167633436117,1.3200428646663955,0.9170072360521897,0.21954867243766785,-0.2967160642147064,0
FedPhoenix,1,176,42,16,8,0,17700526,64,1.2083832025527954,1.0513767004013062,2.172107696533203,1.376237154006958,0.6335952661108243,0.6119575924347799,0.6330469250679016,-0.13079092141663226,-0.41546871608702074,1.5899444008606827,0.8489690460940658,0.004326921887695789,-0.015760278329253197,0
FedPhoenix,1,176,98,18,12,1,17701523,64,0.790373682975769,1.0439472198486328,2.455265998840332,0.8630449771881104,0.35150772975123307,0.5492823931400865,0.35195308923721313,-0.25202660544933,-0.529096704628725,0.9343404626538818,0.8729131061183587,-0.001639729831367731,-0.012741949409246445,1
FedPhoenix,1,177,42,17,1,4,17804517,64,1.2147557735443115,1.0724711418151855,1.5790261030197144,1.4669380187988281,0.9290144197062612,0.6053874884060448,0.930216372013092,-0.31873687926782024,-0.5358110444445979,1.4694817158435751,0.8800853111687853,0.05984896048903465,-0.10422436147928238,0
FedPhoenix,1,177,64,15,18,5,17805514,64,1.0378016233444214,1.0481868982315063,2.8140838146209717,1.6562141180038452,0.5885447012623296,0.6479562883139772,0.5885676741600037,-0.13306160906955997,-0.6848087034901907,0.9332852884967284,0.9152118986317642,-0.008452868089079857,-0.01600075699388981,1
FedPhoenix,1,178,96,24,9,0,17900532,64,0.9234520196914673,1.0718246698379517,2.2509765625,1.0390897989273071,0.4616173336664164,0.5943003864356333,0.462099552154541,-0.2342088496275625,-0.45896177766381174,1.0259783707649088,0.852224716874897,-0.0027649961411952972,-0.015156806446611881,1
FedPhoenix,1,178,16,22,8,2,17902526,64,1.2114918231964111,1.0466941595077515,2.1525096893310547,1.7602227926254272,0.8177537138853215,0.643990713614857,0.8171173930168152,-0.25885544422711515,-0.6421012939292204,0.97037538764771,0.9034742277120527,0.002900803927332163,-0.022506967186927795,0
FedPhoenix,1,179,16,23,1,1,18001532,64,1.4997769594192505,1.0810439586639404,1.5097955465316772,1.758339285850525,1.1646207924567276,0.6485300524699514,1.1638144254684448,-0.30491053464203105,-0.3788427774566697,1.4242776386267857,0.8347537226711492,0.11662761867046356,-0.1916569471359253,0
FedPhoenix,1,180,80,19,20,0,18100538,64,1.8025054931640625,1.0343986749649048,2.843263626098633,2.509880304336548,0.8827462502235792,0.6384155056501951,0.8826937675476074,-0.09693394283815192,-0.5487760733358734,0.944317380396608,0.8771137185529094,-0.0027534388937056065,-0.005200504325330257,1
FedPhoenix,1,181,64,16,4,6,18206523,64,1.4211825132369995,1.0477205514907837,1.8436763286590576,1.5510021448135376,0.8412551165858765,0.6307491462588989,0.8417405486106873,-0.21334314375799904,-0.2994724397984597,1.4302005107435718,0.8116011641314737,-0.003552193520590663,-0.020345894619822502,1
FedPhoenix,1,183,96,25,5,0,18400547,64,0.8049638271331787,1.0413188934326172,1.8827123641967773,0.9957190155982971,0.5288747418528652,0.5760876454743245,0.5280702114105225,-0.28643175631059686,-0.5925863592030455,1.142742383701757,0.8912156805939508,0.008731192909181118,-0.0186531450599432,0
FedPhoenix,1,185,96,26,2,4,18604541,64,0.8244256973266602,1.0289634466171265,1.6420037746429443,0.9469467997550964,0.5767019627956911,0.5811666182574967,0.5761817693710327,-0.34868692663918993,-0.4565718472474665,1.0911096144168364,0.8530606523283021,-0.006602871231734753,-0.003902705851942301,1
FedPhoenix,1,185,88,22,15,8,18608529,64,1.0579092502593994,1.047263264656067,2.552726984024048,1.2976067066192627,0.5083217730449353,0.6099110374080203,0.5077831745147705,-0.17114833193149934,-0.42824984780865905,0.915589734141419,0.8445830146337557,-0.011293275281786919,-0.013215148821473122,1
FedPhoenix,1,186,18,11,20,8,18708532,64,1.3151006698608398,1.0367181301116943,2.8171873092651367,1.5460338592529297,0.548786321082663,0.6161331642176906,0.5487992167472839,-0.17262974540705028,-0.41178529831310534,0.7243379801196652,0.843080374434209,0.005895975977182388,-0.01916741207242012,0
FedPhoenix,1,187,64,17,6,3,18803550,64,0.8853670954704285,1.0530873537063599,1.9246841669082642,1.5042486190795898,0.78155608330024,0.6521640000285563,0.7812211513519287,-0.3217144425557888,-0.7183709378035817,0.9280930075973589,0.9248513997080561,-0.01327004749327898,3.9093662053346634e-05,0
FedPhoenix,1,189,65,18,19,5,19005550,64,1.5996949672698975,1.0366168022155762,2.683117628097534,2.025930166244507,0.7550657284005243,0.6259395778193282,0.7545708417892456,-0.1222419280983242,-0.5221944676400363,0.9293505945488559,0.8722719535017838,0.016544394195079803,-0.02033481001853943,0
FedPhoenix,1,189,80,20,9,9,19009538,64,1.9784482717514038,1.0326882600784302,2.1382672786712646,2.3821916580200195,1.1140757199910094,0.6300504597872675,1.113323450088501,-0.15193428224595412,-0.42092675021016046,1.2612605604614944,0.8437081611099124,0.0015765533316880465,-0.010291192680597305,0
FedPhoenix,1,191,98,19,15,4,19204559,64,0.7731428742408752,1.0029274225234985,2.5002264976501465,0.8633450269699097,0.345306726322989,0.5521815697981959,0.3456464409828186,-0.18845454504694673,-0.45610674847641547,0.9821239930063111,0.8509640198391367,0.0031971598509699106,-0.01549229770898819,0
FedPhoenix,1,191,65,19,2,7,19207550,64,1.2624610662460327,1.0167512893676758,1.5052781105041504,1.8033778667449951,1.1980363323956171,0.6300767133680896,1.1971943378448486,-0.21774547942173225,-0.5378269939320288,1.586595732073682,0.8821368839546561,-0.02479596994817257,0.011974622495472431,0
FedPhoenix,1,192,16,24,13,5,19305559,64,2.0435242652893066,0.9988875389099121,2.3766562938690186,2.4220292568206787,1.0190910915758784,0.683551609987438,1.0189138650894165,-0.29210123180123,-0.4656851647527852,0.8755148622336834,0.856135982022818,-0.010912297293543816,-0.0157279334962368,1
FedPhoenix,1,194,62,21,20,0,19500580,64,1.0344887971878052,1.0078030824661255,2.746159076690674,1.3308390378952026,0.48461833445514674,0.6246638984365205,0.48475179076194763,-0.26711725018099625,-0.42614398740076714,0.4681777257114321,0.8658694263081661,-0.012425269931554794,-0.0023800143972039223,1
FedPhoenix,1,195,88,23,10,2,19602577,64,1.1047072410583496,1.006993055343628,2.172703266143799,1.317600965499878,0.6064339231365923,0.6092624239152147,0.6058921217918396,-0.20858282681718388,-0.4915933736529854,1.1932077942451422,0.8641802522943351,-0.0053044939413666725,-0.005647596903145313,1
FedPhoenix,1,196,88,24,1,8,19708562,64,0.9692697525024414,0.9953112006187439,1.4626047611236572,1.2109748125076294,0.8279576579365575,0.5838901859889654,0.8276987671852112,-0.3001231071793622,-0.5243013949670091,1.3661313858824549,0.8749832337553002,0.06438800692558289,-0.1169862151145935,0
FedPhoenix,1,197,18,12,11,2,19802583,64,1.2808631658554077,1.0067867040634155,2.201622486114502,1.5886609554290771,0.7215864506508008,0.6119734541641412,0.7218403816223145,-0.175074948806377,-0.5233219008601077,1.3153385523387604,0.8731444545355815,-0.005326081067323685,-0.008560843765735626,1
FedPhoenix,1,197,64,18,10,8,19808565,64,1.0768262147903442,1.016166090965271,2.1909573078155518,1.2213716506958008,0.5574602692340849,0.6224522549885055,0.5571038126945496,-0.26839848660282306,-0.3043735193486561,0.7131208997536781,0.8127050697493844,0.007287923246622086,-0.015082620084285736,0
FedPhoenix,1,197,96,27,12,9,19809562,64,0.9163810014724731,1.0026614665985107,2.2958130836486816,1.0306670665740967,0.4489333534660552,0.5920629023799674,0.4492637813091278,-0.29254137780423495,-0.4501941821082288,0.7797350591626081,0.8525500150203789,-0.008317052386701107,-0.007260270416736603,1
FedPhoenix,1,198,65,20,7,7,19907571,64,1.672249674797058,0.9731460213661194,1.86011803150177,1.911415696144104,1.0275776395758558,0.6513131496782794,1.0262011289596558,-0.3046840937662271,-0.3963864975369761,0.8571922042931319,0.8360678942246537,0.026017842814326286,-0.04071065038442612,0
FedPhoenix,1,198,88,25,2,9,19909565,64,1.0234472751617432,0.9887245893478394,1.5525718927383423,1.1898263692855835,0.7663583083333202,0.5970874704070113,0.765921413898468,-0.42040042287617574,-0.43820458903742393,0.925352387435059,0.8479515505707397,-0.00563646387308836,-0.03296993672847748,1
FedPhoenix,1,202,98,20,11,3,20303595,64,0.8387128710746765,0.9673846960067749,2.1903674602508545,0.9129653573036194,0.4168092221378435,0.5664063672920819,0.41673699021339417,-0.21982456713237072,-0.48120558290761795,1.2057305292138518,0.8605664068131066,-0.005318880081176758,0.0012541005853563547,0
FedPhoenix,1,203,42,18,26,6,20406589,64,1.2710212469100952,0.9994307160377502,2.9442896842956543,1.5818679332733154,0.5372664047665539,0.6363675905988982,0.5371245741844177,-0.24192948828964259,-0.509768363072173,0.5774120457020128,0.8776336484033007,-0.01990165188908577,-0.014604222029447556,1
FedPhoenix,1,206,64,19,9,9,20709589,64,0.9284219145774841,0.9459726810455322,2.025665521621704,1.2510735988616943,0.6176111433537627,0.6238996464021049,0.6175282597541809,-0.2728090981655776,-0.6131449884182554,1.1084845073392398,0.8964472480240874,0.003370641265064478,-0.014027555473148823,0
FedPhoenix,1,209,98,21,7,1,21001622,64,0.7785621881484985,0.9734503626823425,1.8930259943008423,0.9425474405288696,0.49790517582220833,0.5827997131057101,0.49810585379600525,-0.26462648063450983,-0.49662213125259336,1.195262319445478,0.8643256822378079,-0.004455789923667908,-0.003574034199118614,1
FedPhoenix,1,209,96,28,12,5,21005610,64,0.8610825538635254,0.9764012694358826,2.2020511627197266,1.098946452140808,0.4990558215654779,0.6182666580370212,0.4995969235897064,-0.23333650820144325,-0.5479401258087727,1.1120129596582526,0.8776889891207363,7.294162060134113e-05,-0.008071019314229488,0
FedPhoenix,1,209,65,21,11,9,21009598,64,1.6936622858047485,0.9614899158477783,2.05973482131958,2.1366970539093018,1.037365117000536,0.6348047955260948,1.038277268409729,-0.23613069291670474,-0.5620594998546571,1.0117662816314452,0.882516415038555,-0.003168712370097637,-0.013045969419181347,1
FedPhoenix,1,210,88,26,12,9,21109601,64,1.110518217086792,0.9648559093475342,2.221224784851074,1.325493574142456,0.5967399531924137,0.621141053572135,0.5961500406265259,-0.29434393433236306,-0.48755536087414203,0.778347610805334,0.8631696170007439,0.007592661306262016,-0.02029479295015335,0
FedPhoenix,1,211,62,22,17,5,21205616,64,1.4800465106964111,0.960004985332489,2.4403107166290283,1.6277399063110352,0.6670215785303271,0.6473322928521544,0.6679314970970154,-0.16917984429637445,-0.3742468500058553,1.3778596179341942,0.8326592578729246,-0.0003183853696100414,-0.009478996507823467,1
FedPhoenix,1,212,88,27,2,7,21307613,64,1.0845551490783691,0.9541653990745544,1.5112441778182983,1.3279632329940796,0.878721819071164,0.6049744183783041,0.8781108260154724,-0.2899717526762516,-0.5217587230151778,1.4730113241509972,0.8761020840014452,-0.001584374811500311,-0.026817841455340385,1
FedPhoenix,1,213,18,13,16,4,21404625,64,1.3525577783584595,0.9515393376350403,2.367288827896118,1.6488187313079834,0.6965008713248744,0.6261128646865703,0.6977738738059998,-0.20812416652563262,-0.4919992531233397,0.9666738038446949,0.8618706574072372,0.002317060949280858,-0.00567823788151145,0
FedPhoenix,1,214,42,19,11,6,21506622,64,1.2529478073120117,0.9556101560592651,2.1302480697631836,1.5412862300872803,0.7235242937025166,0.6106597176809275,0.7239043712615967,-0.1848449384966145,-0.5073926379089367,1.3477678507,0.8692044051028327,-0.0019123514648526907,-0.012273616157472134,1
FedPhoenix,1,215,80,21,26,3,21603634,64,1.9270339012145996,0.9738976359367371,2.820436716079712,2.51123309135437,0.8903703022431178,0.6430020622643325,0.8903995156288147,-0.19000530573426463,-0.5358787577392453,0.7997825582755267,0.8766095539949135,0.006465586367994547,-0.015273218974471092,0
FedPhoenix,1,215,62,23,4,4,21604631,64,1.344419002532959,0.9561907052993774,1.6633882522583008,1.7919507026672363,1.077289502455795,0.6344388679108933,1.07626211643219,-0.24823717532335435,-0.616256683227123,1.611387841029151,0.9025896857981603,-0.0057305083610117435,-0.018343999981880188,1
FedPhoenix,1,215,42,20,1,6,21606625,64,1.544468641281128,0.9583274126052856,1.4235146045684814,1.7085375785827637,1.2002248330283078,0.6107555346081562,1.200134038925171,-0.3028339936379945,-0.4034537947523016,1.657890251525553,0.8469000092499251,0.05849042534828186,-0.1210506483912468,0
FedPhoenix,1,217,96,29,8,6,21806631,64,0.6197642087936401,0.9418702721595764,1.9689487218856812,0.8784300088882446,0.44614163849148775,0.5931944013649567,0.446190744638443,-0.2614088375242094,-0.5643741696220057,0.8930880402045052,0.8828336109384464,-0.002633430529385805,-0.007640887517482042,1
FedPhoenix,1,217,88,28,5,8,21808625,64,0.9690172672271729,0.9184610843658447,1.7273998260498047,1.2414250373840332,0.7186668764591629,0.6045197274400488,0.718234658241272,-0.33946491165421067,-0.5286993247467824,0.8179222916735411,0.8750740878277206,0.005991579964756966,-0.014930038712918758,0
FedPhoenix,1,219,64,20,13,5,22005640,64,1.12765634059906,0.9311325550079346,2.1980857849121094,1.2618716955184937,0.5740775470091016,0.6137274650616495,0.5736942887306213,-0.2452080677545421,-0.3896560978876955,0.929046832004409,0.8336640469431531,-0.003823711536824703,-0.012539805844426155,1
FedPhoenix,1,220,88,29,3,1,22101655,64,1.1472184658050537,0.9549867510795593,1.5211224555969238,1.2979403734207153,0.8532780307358753,0.6133250436898925,0.8526778817176819,-0.3118262264110296,-0.42476639593793525,1.1872075251963676,0.8446514985946034,0.003313882276415825,-0.01979648694396019,0
FedPhoenix,1,220,65,22,11,3,22103649,64,1.4514966011047363,0.9312018752098083,2.013463258743286,2.035778284072876,1.0110829066443987,0.64727359007056,1.0110859870910645,-0.21916470761056495,-0.5408585032618018,0.9738082490980292,0.8764197489998097,-0.001880377996712923,-0.01150036882609129,1
FedPhoenix,1,221,96,30,4,0,22200661,64,0.9092186689376831,0.9175986051559448,1.6511739492416382,0.9081135988235474,0.5499805754809065,0.5939331381986407,0.5496683716773987,-0.29138086818160486,-0.27341409285145674,1.2319011722390218,0.7993892440046084,0.0006516209105029702,-0.018452158197760582,0
FedPhoenix,1,223,80,22,8,3,22403658,64,1.834307074546814,0.9413842558860779,1.914121150970459,2.391213893890381,1.2492489791864985,0.6357344120884144,1.2498542070388794,-0.18810200433539925,-0.5016319186244462,1.4036815701776355,0.8693652336402892,-0.005278243217617273,-0.020455781370401382,1
FedPhoenix,1,224,80,23,1,4,22504658,64,1.9891990423202515,0.9243758916854858,1.331566333770752,2.5052294731140137,1.8814154500420426,0.6552178541213145,1.8825632333755493,-0.29146378376122944,-0.4618998522340193,1.506260744042959,0.8602930190310364,0.4643002152442932,-0.7297734022140503,0
FedPhoenix,1,225,62,24,10,1,22601670,64,1.4155516624450684,0.8975430130958557,2.0625057220458984,1.7594014406204224,0.8530407561121016,0.6374710655244561,0.8527645468711853,-0.27468940826998384,-0.4570256661086573,0.7923446198702956,0.8540668766121535,0.0004518670029938221,-0.018048591911792755,0
FedPhoenix,1,226,98,22,17,0,22700676,64,0.6435406804084778,0.9415128827095032,2.467308759689331,0.8560575842857361,0.34696005553564313,0.6019660062663296,0.34720879793167114,-0.23113925969635332,-0.48572147465005827,0.6970479551564195,0.8641543066450081,-0.0012724760454148054,-0.007437707856297493,1
FedPhoenix,1,226,18,14,13,1,22701673,64,1.0884217023849487,0.946582555770874,2.2517459392547607,1.5486187934875488,0.687741350606984,0.6344251583037795,0.689241349697113,-0.20405789319302847,-0.5685459370622308,0.9877998901438643,0.8830453700287674,-0.002148952567949891,-0.01887991651892662,1
FedPhoenix,1,226,80,24,2,5,22705661,64,1.7498754262924194,0.9381713271141052,1.4995037317276,2.466733455657959,1.645033222301057,0.6597176591063041,1.6440002918243408,-0.36912171094951185,-0.5745063357598812,0.8732706268927558,0.8849308988563085,-0.009040383622050285,-0.05112103372812271,1
FedPhoenix,1,226,88,30,6,8,22708652,64,1.212199330329895,0.9630438089370728,1.9186819791793823,1.4854055643081665,0.7741801822429677,0.6295644487978499,0.7738985419273376,-0.3147803771760944,-0.5420444220280046,0.9076001056630449,0.8770449752742654,0.0025772233493626118,-0.030971327796578407,0
FedPhoenix,1,227,80,25,1,5,22805664,64,1.8117830753326416,0.9491304755210876,1.3851449489593506,2.3308286666870117,1.6827326760542018,0.6544222770439336,1.6831071376800537,-0.38426200283125866,-0.45342136085835605,1.0237765537764247,0.8523154950943425,0.47219130396842957,-0.539104700088501,0
FedPhoenix,1,229,64,21,10,0,23000685,64,0.9065659642219543,0.943062961101532,2.1211602687835693,1.2721704244613647,0.5997521465883018,0.6253841684095948,0.5994000434875488,-0.22509720675359712,-0.6136615325983554,1.0448280344005452,0.8963371752143804,0.007191566750407219,-0.023229774087667465,0
FedPhoenix,1,229,96,31,8,2,23002679,64,0.8323769569396973,0.9464252591133118,1.9962124824523926,1.0451661348342896,0.5235745913930743,0.6001198666924511,0.5235759615898132,-0.28206841956646855,-0.615830459765058,0.9525326980312615,0.8980476098223602,-0.015290100127458572,-0.013836818747222424,1
FedPhoenix,1,229,98,23,3,3,23003676,64,0.7365546226501465,0.9604493379592896,1.646854281425476,0.7740796208381653,0.470035284583692,0.5608885264097755,0.47046467661857605,-0.2635971732685517,-0.4082619556729067,1.3550481119970585,0.8421321198448299,0.005551988258957863,-0.03725674748420715,0
FedPhoenix,1,229,18,15,3,6,23006667,64,1.2468465566635132,0.9295347929000854,1.5855149030685425,1.4324653148651123,0.9034701043124049,0.6134050378641198,0.9040985703468323,-0.2671171319437285,-0.41318442728371185,1.311769271579808,0.8427190402075974,0.011859009973704815,-0.048129692673683167,0
FedPhoenix,1,230,88,31,4,0,23100688,64,1.0436218976974487,0.9732431769371033,1.7292606830596924,1.3862953186035156,0.8016693678305645,0.6145413037961256,0.8001950979232788,-0.31333908966659646,-0.5434020769517898,1.0339829959081104,0.8781357985758518,-0.01750081777572632,-0.016918262466788292,1
FedPhoenix,1,230,96,32,1,2,23102682,64,0.6239002346992493,0.9101651310920715,1.402315616607666,0.8589287400245667,0.6125074340267164,0.5898112975712457,0.6125125288963318,-0.3093525793324526,-0.5314973020060353,1.169865730612925,0.875193667368103,0.02824822999536991,-0.07691869139671326,0
FedPhoenix,1,230,42,21,15,9,23109661,64,1.1124272346496582,0.9628324508666992,2.371396541595459,1.7174789905548096,0.7242479106419618,0.6464231459399896,0.724056601524353,-0.2641080684587777,-0.6447484289329612,0.6033277342972818,0.9112124580342859,0.001974690705537796,-0.01829889789223671,0
FedPhoenix,1,231,98,24,2,0,23200691,64,0.596309244632721,0.9066902995109558,1.4908840656280518,0.7213115096092224,0.483814621296444,0.5411741793849684,0.48441529273986816,-0.37560788523484195,-0.5435374767984358,1.0296488662633354,0.8769476746245465,-0.000474142434541136,-0.014793144538998604,1
FedPhoenix,1,231,88,32,1,1,23201688,64,0.9154072403907776,0.9322322010993958,1.3878599405288696,1.1841808557510376,0.853242334596768,0.6044733244274505,0.8533700704574585,-0.3781002884659499,-0.4909631624771137,1.0664491733672143,0.8622304843053364,0.07988519966602325,-0.12275973707437515,0
FedPhoenix,1,232,96,33,2,0,23300694,62,0.7052377462387085,0.9034850001335144,1.48496413230896,0.7696972489356995,0.518327165073263,0.579095067610628,0.5181832909584045,-0.3943642372003053,-0.372144634997092,0.8460043814034943,0.828831825526002,0.0007794400444254279,-0.015382382087409496,0
FedPhoenix,1,232,80,26,5,5,23305679,62,1.6108540296554565,0.8791914582252502,1.6887778043746948,2.2621541023254395,1.3395214553768424,0.6609389289410642,1.3418151140213013,-0.35635933523235336,-0.553497297441653,0.7972167152895457,0.881862227258202,-0.0007458882173523307,-0.03151262551546097,1
FedPhoenix,1,233,64,22,4,4,23404685,62,0.9766178131103516,0.9161938428878784,1.6618307828903198,1.1478517055511475,0.6907151542553983,0.6095271844241192,0.6916741132736206,-0.2897771182001577,-0.42175461469833814,1.1539843274281152,0.841931352776475,0.010959664359688759,-0.022768603637814522,0
FedPhoenix,1,235,65,23,15,3,23603694,62,1.5358662605285645,0.8952388167381287,2.3663861751556396,1.953271746635437,0.8254239173393341,0.6538448247183665,0.8239842057228088,-0.18911324768165952,-0.4646465171225918,0.8149445916043484,0.8552230411875495,0.004035769961774349,-0.05154643952846527,0
FedPhoenix,1,237,64,23,4,4,23804697,62,0.7151786088943481,0.8789874315261841,1.7127577066421509,1.040894865989685,0.6077303648685628,0.6152601178548764,0.6080042719841003,-0.30861676182203446,-0.6123481844628188,0.8790609613314425,0.8961192342127664,0.0026554870419204235,0.0035363659262657166,1
FedPhoenix,1,239,62,25,14,5,24005700,62,1.3466112613677979,0.8938307762145996,2.2667689323425293,1.7565548419952393,0.7749157035513106,0.6359345521769114,0.7742612361907959,-0.21806221674027024,-0.5236182505330285,0.9079284205648056,0.8727868139956022,0.0005700969486497343,-0.025972537696361542,0
FedPhoenix,1,239,18,16,10,8,24008691,62,1.3480223417282104,0.9118086695671082,2.0730392932891846,1.6213725805282593,0.7821234193563832,0.6248379567586426,0.7819437980651855,-0.2641256236930144,-0.5085064032104056,0.8648769953089124,0.8673860051468156,0.016728589311242104,-0.030838236212730408,0
FedPhoenix,1,240,64,24,3,3,24103709,62,1.1043305397033691,0.9076895713806152,1.530226469039917,1.1272828578948975,0.7366771394311535,0.6195532782910527,0.7369725108146667,-0.3172179651332918,-0.2741534779357135,1.212147862985614,0.7991274339051566,-0.004974588751792908,-0.017827071249485016,1
FedPhoenix,1,241,98,25,10,5,24205706,62,0.7217041254043579,0.8742986917495728,2.0612595081329346,0.7456031441688538,0.3617221127308957,0.5657022615387524,0.3617153763771057,-0.29622905611144773,-0.3769743450561231,0.7466950534725768,0.83315740721303,0.017884772270917892,-0.030552580952644348,0
FedPhoenix,1,243,88,33,12,9,24409700,62,1.117904543876648,0.877062201499939,2.1246447563171387,1.2653369903564453,0.5955522618986837,0.6223034756136558,0.5951696634292603,-0.2807700629337259,-0.4053295136968449,0.6974267759813823,0.842573811276811,-0.005039042327553034,-0.008565830066800117,1
FedPhoenix,1,244,80,27,12,0,24500730,62,1.865148901939392,0.8951762914657593,2.0924887657165527,2.2907960414886475,1.0947710109703224,0.6590316770639006,1.0943450927734375,-0.24203792655986867,-0.4415723665261434,0.8155846851137264,0.848093345990511,0.008726896718144417,-0.020608332008123398,0
FedPhoenix,1,245,16,25,53,3,24603724,62,1.5268155336380005,0.8641143441200256,3.594431161880493,2.409116268157959,0.6702357507096937,0.6747582593906307,0.6709513664245605,-0.122755206660501,-0.6566754119283622,0.6584958792142477,0.9113765479292277,0.000904587097465992,-0.005417417734861374,0
FedPhoenix,1,246,98,26,5,7,24707715,62,0.6716745495796204,0.866677463054657,1.6479413509368896,0.8158159255981445,0.49505155334189577,0.5854947691136005,0.4953920841217041,-0.28665813948058105,-0.5496785736434849,1.3695942754273192,0.8813322383194225,0.011868847534060478,-0.028707850724458694,0
FedPhoenix,1,246,80,28,2,8,24708712,62,1.9885616302490234,0.8658936023712158,1.357047438621521,2.513990640640259,1.8525444056635925,0.6523558579818866,1.8533377647399902,-0.27103956304860904,-0.5100399962771051,1.6935909030385647,0.8769620729455472,-0.017097843810915947,-0.025336148217320442,1
FedPhoenix,1,247,64,25,7,1,24801736,62,0.9732490181922913,0.8730440139770508,1.7873437404632568,1.2821446657180786,0.7173464380080832,0.6171338473392184,0.7168455719947815,-0.3027033543677975,-0.6421274539275965,0.9727038627012787,0.9049812962564969,-0.00036821322282776237,-0.008080570958554745,1
FedPhoenix,1,247,42,22,17,2,24802733,62,1.3549230098724365,0.8954126238822937,2.3555257320404053,1.5521215200424194,0.6589278558622582,0.6290641239474387,0.6600260734558105,-0.23547393627695215,-0.368673467884294,0.9115813657194158,0.825710346152789,0.008166151121258736,-0.016297388821840286,0
FedPhoenix,1,247,98,27,1,9,24809712,62,0.7853577733039856,0.8771633505821228,1.3489561080932617,0.7813524007797241,0.579227445645789,0.536262915041457,0.5790523290634155,-0.34094583964076763,-0.40853550988600873,1.1688589697028429,0.8390546641449043,0.02084655873477459,-0.02984458953142166,0
FedPhoenix,1,248,16,26,3,2,24902736,62,1.6141375303268433,0.8801156282424927,1.4907503128051758,2.03727650642395,1.3666114901488755,0.6486173033899575,1.3684802055358887,-0.15423921313209046,-0.39383544387184666,2.039678847222853,0.853981660360306,0.004951775074005127,-0.05963059142231941,0
FedPhoenix,1,249,42,23,2,8,25008721,62,0.9869978427886963,0.8723303079605103,1.4356915950775146,1.465058445930481,1.0204548462585101,0.6255798287397732,1.0204743146896362,-0.2521247969233911,-0.6427556222195131,1.5461661609151962,0.9081919665043539,-0.0020712981931865215,-0.018494782969355583,1
FedPhoenix,1,251,42,24,2,1,25201748,62,1.1038548946380615,0.8859393000602722,1.3758357763290405,1.2360602617263794,0.8984068324080771,0.5911751887639036,0.8986716270446777,-0.3664144371050491,-0.40723433869975645,0.8806383263549812,0.8376680773137304,0.0038028559647500515,-0.02595633454620838,0
FedPhoenix,1,252,96,34,20,3,25303745,62,0.7793328762054443,0.8806634545326233,2.4461617469787598,0.9114230871200562,0.3725931403536078,0.6139304343897782,0.3723164200782776,-0.25300076681070977,-0.5089191491638296,0.7185015117263656,0.8710568610915105,0.0005613173707388341,-0.006899112369865179,0
FedPhoenix,1,253,42,25,2,9,25409730,62,1.1979643106460571,0.8777890205383301,1.390288233757019,1.4245171546936035,1.0246200177088904,0.6188657872967713,1.0238332748413086,-0.3749690534200547,-0.5039239269242243,1.1392598562763017,0.8657730147645119,-0.007874974049627781,-0.03331988677382469,1
FedPhoenix,1,254,64,26,7,7,25507739,62,1.0981676578521729,0.8755199313163757,1.7600058317184448,1.2490293979644775,0.7096734428113987,0.6029831720525665,0.7101881504058838,-0.28051908523565333,-0.4292505329796428,0.9907304393797824,0.8436861776061024,0.0024502938613295555,-0.02904081530869007,0
FedPhoenix,1,254,62,26,15,8,25508736,62,1.730628252029419,0.8681351542472839,2.1725921630859375,2.009902000427246,0.9251170259085661,0.6531509788809703,0.924618124961853,-0.24822008171179472,-0.4263675425147501,1.1941959335090926,0.8441960680912054,0.01249661110341549,-0.018918020650744438,0
FedPhoenix,1,255,62,27,1,9,25609736,62,1.7349532842636108,0.8784818053245544,1.322117567062378,2.289213180541992,1.7314747474588656,0.6605567223185277,1.732709527015686,-0.27394918361778925,-0.5516897678761288,1.873948492080794,0.8905233421594286,0.24070727825164795,-0.4211980700492859,0
FedPhoenix,1,257,88,34,14,2,25802763,62,1.0128406286239624,0.8657445907592773,2.12420392036438,1.301627516746521,0.6127601518231972,0.6108790171366855,0.6123616099357605,-0.2312186079385152,-0.5858041137175176,1.02892031060558,0.8877657268645617,0.006028474774211645,-0.02131154201924801,0
FedPhoenix,1,257,96,35,5,3,25803760,62,0.9566558003425598,0.8710896968841553,1.6537457704544067,1.0297648906707764,0.6226863336963824,0.5931864099009333,0.623140811920166,-0.23043118235711274,-0.42660727548948213,1.673722661095566,0.8539251965061853,-0.006532312836498022,-0.02378096990287304,1
FedPhoenix,1,258,18,17,19,0,25900772,62,1.4862878322601318,0.8568664789199829,2.3446755409240723,1.7957731485366821,0.7658940937423584,0.6335838487320882,0.7647693157196045,-0.2524134771507891,-0.48255144476112394,0.9780311728700868,0.8606810885415551,-0.014517164789140224,-0.010959296487271786,1
FedPhoenix,1,260,96,36,3,4,26104766,62,0.7184903025627136,0.8535111546516418,1.4424519538879395,0.9827736020088196,0.6813215506826423,0.5866793351957593,0.6812120676040649,-0.33994210627307175,-0.6239516883228037,1.093213079824565,0.8994886077217363,0.004698080942034721,-0.017413202673196793,0
FedPhoenix,1,262,98,28,15,7,26307763,62,0.6870057582855225,0.8826873898506165,2.1821212768554688,0.8416910767555237,0.38572149297221975,0.5716598236077568,0.3857588469982147,-0.28219863103012427,-0.5223055622469918,0.6662007246922507,0.876392722327689,0.0015335970092564821,-0.004118287470191717,0
FedPhoenix,1,262,96,37,2,9,26309757,62,0.8009509444236755,0.8691114783287048,1.4587935209274292,0.8954281210899353,0.6138141609787602,0.5893140803340104,0.6136354207992554,-0.3462110980016047,-0.3170949092476346,0.9008254092908059,0.8103912398331291,0.011616840958595276,-0.01435113325715065,0
FedPhoenix,1,266,42,26,13,1,26701793,62,1.1791155338287354,0.8437691926956177,2.1059951782226562,1.4897968769073486,0.7074075440970133,0.6267340494975621,0.708329439163208,-0.27594222530387386,-0.5219502068056775,0.6918377923398661,0.8751693424343466,-0.008577002212405205,-0.01584671624004841,1
FedPhoenix,1,266,62,28,11,3,26703787,62,0.9992332458496094,0.879427433013916,2.019838333129883,1.8731544017791748,0.9273783802665343,0.6850865444432294,0.92729252576828,-0.29867591469031796,-0.6352313481799523,0.5351639035849352,0.9114792784900678,0.022754820063710213,-0.019570279866456985,0
FedPhoenix,1,267,42,27,1,8,26808775,62,1.2859026193618774,0.863259494304657,1.2754982709884644,1.465173602104187,1.1487068508274672,0.5943865363454364,1.1484264135360718,-0.2885188777972927,-0.43201978098114047,1.6213578581025867,0.8535452258137729,0.06167922541499138,-0.12087274342775345,0
FedPhoenix,1,268,98,29,6,6,26906784,62,0.5470649600028992,0.8629493713378906,1.747237205505371,0.7436555624008179,0.4256179756573448,0.6026036850073054,0.425719290971756,-0.25376080213772373,-0.4706010446057937,1.1036067471492121,0.8573181567731625,-0.006385869346559048,-0.022254064679145813,1
FedPhoenix,1,269,16,27,21,4,27004793,62,1.180269718170166,0.8685368895530701,2.4168481826782227,1.826779842376709,0.7558521281844078,0.6537271342101625,0.755346953868866,-0.25404274590353043,-0.5882265406270096,0.5519730023813448,0.8994119650410701,-0.007111449725925922,-0.025313066318631172,1
FedPhoenix,1,269,98,30,1,5,27005790,62,0.6962513327598572,0.8534054756164551,1.3018478155136108,0.7730417251586914,0.5938034507152541,0.6217578983384059,0.5941362977027893,-0.33104244468581323,-0.3635447296542035,1.3955974628759364,0.8297580766754495,0.014069180935621262,-0.0687003806233406,0
FedPhoenix,1,271,42,28,4,0,27200811,62,1.0455665588378906,0.8534635901451111,1.6044790744781494,1.4786666631698608,0.9215867546604618,0.634220978340778,0.9228442907333374,-0.35987128045123945,-0.577324848462432,0.8035912052118719,0.888311317421561,0.012393753975629807,-0.03057529777288437,0
FedPhoenix,1,272,98,31,3,7,27307793,62,0.8909110426902771,0.8543673157691956,1.5485607385635376,0.9916396737098694,0.6403621433855318,0.6247877904918242,0.6401329636573792,-0.38379962538323653,-0.5332757304826369,1.0774191056509093,0.8738758529534915,0.022053897380828857,-0.04843769967556,0
FedPhoenix,1,273,65,24,38,6,27406799,62,1.432002067565918,0.8629438281059265,2.9782357215881348,1.9166187047958374,0.6435416414162016,0.6457896688515676,0.6432048678398132,-0.23247137099397278,-0.5392800899503396,0.7805933433769893,0.8780807690229844,-0.006807265803217888,-0.02015199512243271,1
FedPhoenix,1,274,80,29,28,7,27507799,62,2.051135778427124,0.8540651798248291,2.639461040496826,2.6655797958374023,1.0098954881086821,0.6598464008991906,1.008984088897705,-0.202483996293724,-0.5217299753923346,0.5444104415486517,0.8825457350527802,-0.0007842713966965675,-0.028174836188554764,1
FedPhoenix,1,275,64,27,21,0,27600823,62,1.2214949131011963,0.8659830093383789,2.4662182331085205,1.4796278476715088,0.5999581982677691,0.6378633971158795,0.6000525951385498,-0.2238777206998638,-0.4889885911325285,0.8449410190364824,0.8619046830513653,0.018512645736336708,-0.033146489411592484,0
FedPhoenix,1,275,42,29,4,1,27601820,62,1.0261955261230469,0.8620188236236572,1.653140664100647,1.2665448188781738,0.7661446157495873,0.6113370005520894,0.7652072310447693,-0.30553317882596814,-0.42720126117611995,0.8291740976975156,0.8447267008410665,-0.012123414315283298,-0.028405021876096725,1
FedPhoenix,1,276,42,30,1,4,27704814,62,1.7705165147781372,0.8638296723365784,1.340609073638916,1.865715742111206,1.3916926110648808,0.6671104192440741,1.39236581325531,-0.34956001963807093,-0.335742792780967,1.8195976558657607,0.8330013033575833,0.06979802995920181,-0.1377992480993271,0
FedPhoenix,1,276,62,29,10,6,27706808,62,1.5917421579360962,0.8493653535842896,1.9960821866989136,1.7027156352996826,0.8530288214809187,0.6571716708738983,0.8530349135398865,-0.26549066765214596,-0.23405574202339777,0.9199092094648313,0.7858227493808594,-0.0032093501649796963,-0.018548160791397095,1
FedPhoenix,1,278,18,18,20,2,27902826,62,1.3672415018081665,0.8463136553764343,2.3668110370635986,1.817781686782837,0.7680299180273018,0.6370292623523077,0.7667922973632812,-0.20268217542302214,-0.5518906224439576,1.0026402169023745,0.8805594961645757,-0.00015270055155269802,-0.011599618010222912,1
FedPhoenix,1,278,65,25,5,4,27904820,62,1.6576182842254639,0.8530492782592773,1.56706964969635,1.9628807306289673,1.252580401265547,0.6353145393705868,1.2512524127960205,-0.18728195908378123,-0.4277394288513027,1.9454024120235427,0.8601806447548621,-0.012649825774133205,-0.012647601775825024,1
FedPhoenix,1,279,64,28,4,3,28003826,62,0.8484053015708923,0.8472896218299866,1.569820761680603,1.3138340711593628,0.8369325360125665,0.6347330474415475,0.8361597061157227,-0.26693533369432276,-0.625882616015608,1.3935148720923884,0.9031824491774768,-0.008318763226270676,-0.0063522132113575935,1
FedPhoenix,1,279,98,32,7,9,28009808,62,0.7045664191246033,0.8453226089477539,1.811686396598816,0.9898953437805176,0.5463944232502707,0.6204383123368448,0.5459114909172058,-0.2992558966904421,-0.6196633349321907,0.8528223927256202,0.8985399903763397,-0.0016728976042941213,-0.008209910243749619,1
FedPhoenix,1,280,42,31,4,7,28107817,62,1.2945626974105835,0.8485686779022217,1.5501618385314941,1.9885585308074951,1.282807047224193,0.6487788383735932,1.2817237377166748,-0.36343749995373137,-0.7187022262937003,0.9205549180333187,0.9246540280101574,0.0034546437673270702,-0.0137774758040905,0
FedPhoenix,1,281,88,35,24,9,28209814,62,1.0857186317443848,0.8702465891838074,2.523958921432495,1.2704250812530518,0.503346179870276,0.6053796551017847,0.5034433603286743,-0.21453964533869874,-0.43353575440616177,0.8221638684384683,0.8473656322688102,-0.0024400504771620035,-0.010295292362570763,1
FedPhoenix,1,282,64,29,3,3,28303835,62,1.405653476715088,0.8546408414840698,1.4732171297073364,1.517307996749878,1.0299282883374228,0.6731448227374923,1.0307358503341675,-0.3289048941011449,-0.2961108162398673,1.2326914092485455,0.8061020326269398,-0.00041998105007223785,-0.024924173951148987,1
FedPhoenix,1,282,62,30,6,5,28305829,62,1.7257848978042603,0.8575409650802612,1.681957721710205,2.1821441650390625,1.297383481684054,0.6577622814748759,1.2985285520553589,-0.275728264604075,-0.5822748670051583,1.5222313460788026,0.8934263314079214,0.0063117556273937225,-0.03258977830410004,0
FedPhoenix,1,283,62,31,1,9,28409820,62,1.332370638847351,0.8493892550468445,1.2235950231552124,2.0049636363983154,1.6385843342404214,0.6556120551647624,1.635725736618042,-0.3326328761274082,-0.595815501441498,1.259704012114402,0.8936855221421123,0.3768841028213501,-0.5407912731170654,0
FedPhoenix,1,284,98,33,5,4,28504838,62,0.7918213605880737,0.8555410504341125,1.6246997117996216,0.9102858901023865,0.5602794679476708,0.6083221892366449,0.5601347088813782,-0.29000827875388363,-0.4701457386886029,1.02605362511971,0.8565366197494139,0.025870071724057198,-0.03743506968021393,0
FedPhoenix,1,287,64,30,5,9,28809832,62,1.2077842950820923,0.855055034160614,1.6687592267990112,1.703224778175354,1.0206533997366614,0.6517181302554785,1.0208179950714111,-0.31596873299296124,-0.6801940823434685,0.9903755976859072,0.9153186333680243,0.0006465294281952083,-0.019504135474562645,0
FedPhoenix,1,288,62,32,5,6,28906844,62,1.232767939567566,0.8543108701705933,1.6525801420211792,1.6293367147445679,0.985935068026916,0.6351846751884855,0.9876430630683899,-0.34704412602395196,-0.45224159350286897,0.6037909773189636,0.8599744680029845,0.00541005888953805,-0.0005790463765151799,0
FedPhoenix,1,288,16,28,19,8,28908838,62,1.5437133312225342,0.8586438894271851,2.3370680809020996,1.7931913137435913,0.7672824460683485,0.6582975302077291,0.7669928073883057,-0.2239725896854787,-0.35294918588557145,1.0154311876306004,0.8215564036299826,0.007938183844089508,-0.022685309872031212,0
FedPhoenix,1,293,18,19,15,4,29404865,62,1.4718852043151855,0.8565723299980164,2.176328420639038,1.7880312204360962,0.8215815239458448,0.6297821145421544,0.8208067417144775,-0.24404105533349124,-0.46523418875444233,1.0704356730102995,0.8559306542310261,0.00035233062226325274,-0.026418620720505714,0
FedPhoenix,1,293,98,34,9,8,29408853,62,0.7438326478004456,0.8512017726898193,1.9074970483779907,0.891872227191925,0.46756152411865937,0.5807768040974639,0.4677736461162567,-0.28151167804359023,-0.5347188817979553,0.8351098175732796,0.875522439026268,-0.022471891716122627,-0.0031969291158020496,1
FedPhoenix,1,296,42,32,16,0,29700886,62,1.263677954673767,0.8485319018363953,2.3937056064605713,1.6809122562408447,0.7022217985801548,0.6570579100408902,0.703376293182373,-0.235596950366627,-0.3878753286701334,0.5487847877639925,0.8465797730467776,0.006404335144907236,-0.05731986463069916,0
FedPhoenix,1,296,18,20,3,3,29703877,62,1.1571470499038696,0.8726223111152649,1.7081913948059082,1.7069371938705444,0.9992657725942322,0.6492644550596945,1.0008313655853271,-0.21252015720069342,-0.5699857653442097,1.2193115687857212,0.8843205053665393,-0.011719027534127235,-0.06273951381444931,1
FedPhoenix,1,296,98,35,3,6,29706868,62,0.8148397207260132,0.8701698184013367,1.7495943307876587,0.9783512353897095,0.5591874745894388,0.6276824143062198,0.5585839748382568,-0.24245961683443013,-0.3857932142851699,1.1941108439733443,0.8322762656747044,-0.0028279966209083796,-0.033283088356256485,1
FedPhoenix,1,297,98,36,1,7,29807868,62,0.7866243720054626,0.8695962429046631,1.4043298959732056,0.9600784778594971,0.6836559419633202,0.5995004709855071,0.6836933493614197,-0.375719075379772,-0.5806884313134227,1.2239835218225557,0.8883942762016861,0.06305746734142303,-0.08186931908130646,0
FedPhoenix,1,298,16,29,10,0,29900892,62,1.1088894605636597,0.8735024333000183,2.059593915939331,1.7381784915924072,0.8439423316119197,0.6552728124142958,0.843681275844574,-0.22709229293194874,-0.662791863471294,1.099999494863479,0.9098869133635289,-0.012091093696653843,-0.0018084566108882427,1
FedPhoenix,1,299,65,26,21,8,30008871,62,1.5769743919372559,0.8576972484588623,2.4917521476745605,2.0632810592651367,0.828044258410643,0.6378797165002618,0.8278011083602905,-0.218522027448671,-0.5567040768302683,0.6615935373593467,0.8862190103171065,0.0027920003049075603,-0.029459862038493156,0
FedPhoenix,1,300,18,21,4,7,30107877,62,1.2548820972442627,0.8815726041793823,1.6617227792739868,1.5128034353256226,0.910382558506938,0.6271911917456146,0.9109020233154297,-0.37248820693628637,-0.4208275408007256,0.910135820011073,0.8406348620393473,0.002961799269542098,-0.029592694714665413,0
