round,test_accuracy,test_loss,selected_clients,probe_pairs,round_seconds
1,11.319999694824219,2.3900667278289793,"[80, 84, 33, 81, 93, 17, 36, 82, 69, 65]","[[81, 36], [93, 36]]",16.975686500023585
2,14.949999809265137,2.282492802429199,"[44, 96, 1, 35, 26, 11, 38, 82, 87, 3]","[[1, 38], [35, 87]]",10.383684999949764
3,20.15999984741211,2.2637702327728273,"[95, 67, 96, 71, 1, 80, 99, 45, 52, 27]","[[45, 80], [95, 99]]",10.877949599991553
4,18.1200008392334,2.2668213073730468,"[40, 10, 96, 66, 89, 32, 95, 55, 25, 5]","[[66, 25], [89, 32]]",12.078564199968241
5,39.68000030517578,1.62521386013031,"[89, 99, 45, 96, 72, 9, 74, 88, 1, 38]","[[38, 96], [9, 88]]",8.395554499991704
6,25.229999542236328,2.055425944137573,"[0, 86, 4, 23, 24, 1, 62, 83, 66, 93]","[[23, 0], [83, 4]]",11.766821600031108
7,37.66999816894531,1.7496323163986207,"[6, 59, 72, 30, 91, 43, 75, 76, 15, 61]","[[59, 75], [15, 76]]",9.891064699972048
8,26.979999542236328,2.3523326999664307,"[44, 88, 74, 48, 59, 79, 25, 52, 45, 55]","[[74, 55], [59, 25]]",10.059075299999677
9,35.15999984741211,1.8951700435638428,"[3, 60, 35, 33, 22, 66, 45, 68, 67, 75]","[[60, 22], [68, 66]]",11.459059199958574
10,31.809999465942383,2.1555553998947143,"[64, 91, 12, 52, 16, 65, 50, 68, 33, 30]","[[12, 16], [50, 64]]",12.313789700041525
11,42.099998474121094,1.5773532890319824,"[54, 27, 23, 37, 75, 33, 41, 46, 52, 24]","[[33, 46], [41, 75]]",12.754096199991181
12,39.66999816894531,1.7172756288528443,"[54, 45, 28, 44, 15, 1, 93, 12, 88, 40]","[[54, 40], [28, 12]]",10.493942299974151
13,37.689998626708984,1.787998941040039,"[70, 75, 5, 68, 36, 79, 72, 78, 57, 44]","[[72, 36], [70, 5]]",12.121512799989432
14,47.439998626708984,1.5305292818069458,"[41, 9, 30, 89, 40, 49, 3, 22, 8, 16]","[[30, 41], [9, 22]]",10.65391480003018
15,46.93000030517578,1.4594834770202636,"[82, 28, 69, 81, 56, 71, 85, 27, 37, 66]","[[66, 81], [82, 66]]",11.070435900008306
16,52.43000030517578,1.3245163291931152,"[60, 13, 26, 12, 1, 28, 88, 86, 11, 43]","[[26, 13], [60, 12]]",10.015458899957594
17,52.220001220703125,1.3933008922576904,"[93, 16, 72, 75, 10, 4, 38, 71, 42, 62]","[[75, 38], [16, 71]]",10.435254500014707
18,33.91999816894531,2.1165942333221435,"[36, 47, 1, 64, 57, 97, 29, 6, 67, 92]","[[64, 47], [57, 97]]",10.662206799956039
19,46.029998779296875,1.481990567779541,"[48, 87, 17, 57, 22, 81, 4, 51, 94, 63]","[[81, 87], [87, 81]]",11.403363600024022
20,42.95000076293945,1.6790464611053466,"[9, 17, 59, 11, 2, 95, 68, 28, 60, 14]","[[95, 11], [14, 68]]",11.72022780001862
21,52.09000015258789,1.4077905534744262,"[26, 25, 15, 93, 45, 54, 68, 90, 76, 10]","[[10, 54], [15, 45]]",10.644068499968853
22,58.4900016784668,1.1687351175308227,"[84, 74, 93, 1, 48, 44, 29, 26, 94, 75]","[[44, 94], [74, 84]]",10.202152000041679
23,51.25,1.4702178966522217,"[71, 58, 50, 22, 59, 84, 10, 70, 43, 67]","[[70, 22], [22, 84]]",10.485319900035392
24,50.290000915527344,1.4679995738983154,"[70, 54, 33, 75, 31, 58, 17, 6, 3, 51]","[[6, 33], [33, 75]]",13.412422799970955
25,54.380001068115234,1.336470846939087,"[42, 87, 33, 36, 30, 84, 78, 98, 71, 75]","[[87, 98], [78, 42]]",10.952992099977564
26,52.540000915527344,1.4144111406326294,"[41, 47, 34, 10, 51, 11, 50, 16, 86, 64]","[[64, 86], [10, 47]]",10.414083700045012
27,58.459999084472656,1.2296650560379028,"[58, 82, 63, 50, 98, 84, 4, 46, 65, 88]","[[58, 84], [82, 98]]",12.249142699991353
28,54.560001373291016,1.266402057647705,"[99, 88, 69, 16, 46, 29, 90, 91, 4, 45]","[[69, 99], [16, 46]]",9.795742199989036
29,51.29999923706055,1.4695305074691773,"[80, 73, 28, 34, 1, 10, 13, 65, 5, 49]","[[49, 73], [5, 65]]",12.130829500034451
30,59.25,1.2045566915512085,"[62, 41, 74, 11, 99, 8, 75, 26, 81, 85]","[[99, 62], [8, 11]]",10.353434499993455
31,58.79999923706055,1.2031896738052368,"[96, 81, 77, 83, 14, 50, 13, 67, 53, 91]","[[91, 13], [83, 14]]",9.315694499993697
32,57.90999984741211,1.213387642288208,"[40, 73, 70, 3, 6, 94, 1, 25, 20, 10]","[[10, 20], [20, 10]]",12.215087899996433
33,59.369998931884766,1.192026676750183,"[45, 16, 51, 88, 17, 78, 36, 44, 21, 62]","[[51, 16], [62, 44]]",11.002233700011857
34,66.4000015258789,0.981227166557312,"[92, 43, 97, 61, 58, 67, 1, 98, 30, 75]","[[97, 1], [1, 92]]",8.980186900007538
35,55.040000915527344,1.324952211380005,"[31, 89, 17, 66, 92, 23, 96, 9, 35, 20]","[[20, 96], [96, 9]]",10.929102300025988
36,56.47999954223633,1.2707215436935424,"[72, 68, 65, 28, 23, 85, 16, 60, 73, 78]","[[16, 60], [28, 68]]",13.143866800004616
37,62.599998474121094,1.07743991355896,"[66, 49, 62, 9, 84, 68, 74, 3, 44, 71]","[[68, 71], [44, 74]]",11.417305599956308
38,61.83000183105469,1.1005612789154053,"[50, 73, 27, 38, 8, 53, 21, 14, 28, 64]","[[28, 64], [50, 27]]",9.643995300051756
39,57.9900016784668,1.2780184825897216,"[48, 87, 40, 59, 3, 10, 75, 35, 49, 89]","[[89, 40], [48, 59]]",10.928986299957614
40,65.41999816894531,1.0073896218299865,"[83, 93, 34, 60, 90, 45, 42, 41, 91, 36]","[[36, 91], [60, 34]]",11.063884800008964
41,65.5999984741211,1.039768159866333,"[75, 52, 20, 80, 90, 93, 4, 51, 13, 98]","[[93, 75], [20, 75]]",11.1603340000147
42,62.93000030517578,1.1036175804138184,"[98, 79, 17, 10, 3, 12, 29, 26, 54, 58]","[[17, 26], [26, 98]]",11.69658539997181
43,59.93000030517578,1.1890096839904785,"[32, 15, 47, 9, 7, 16, 24, 57, 71, 28]","[[47, 71], [15, 28]]",11.888462200004142
44,65.04000091552734,1.036290760231018,"[76, 67, 81, 35, 44, 49, 32, 99, 69, 51]","[[99, 76], [44, 32]]",10.57990960002644
45,56.880001068115234,1.3161689359664916,"[42, 4, 95, 71, 84, 22, 61, 5, 10, 28]","[[95, 5], [42, 95]]",9.941510799981188
46,66.87999725341797,0.9959267372131347,"[61, 52, 80, 26, 37, 44, 85, 1, 99, 55]","[[80, 61], [99, 61]]",11.758210800006054
47,63.02000045776367,1.0917034862518311,"[23, 10, 75, 28, 19, 22, 43, 13, 98, 85]","[[23, 22], [28, 85]]",11.307869500014931
48,63.189998626708984,1.11086556930542,"[18, 1, 96, 63, 59, 71, 88, 39, 97, 68]","[[71, 96], [68, 59]]",9.986875300004613
49,62.68000030517578,1.10939604511261,"[44, 11, 93, 47, 54, 9, 81, 94, 45, 65]","[[45, 65], [65, 44]]",13.19160489999922
50,63.0099983215332,1.0910943069458008,"[48, 43, 51, 76, 99, 39, 38, 73, 89, 80]","[[51, 76], [89, 76]]",9.572355100011919
51,60.20000076293945,1.1435008674621583,"[34, 16, 99, 17, 62, 58, 96, 29, 90, 30]","[[34, 90], [17, 34]]",11.699509600002784
52,64.29000091552734,1.0542263078689575,"[8, 59, 78, 95, 25, 35, 99, 86, 54, 64]","[[59, 8], [99, 78]]",9.860481299983803
53,59.650001525878906,1.1662830322265625,"[87, 42, 55, 74, 37, 10, 26, 23, 57, 62]","[[62, 57], [74, 57]]",11.349910199991427
54,51.130001068115234,1.4606856689453125,"[84, 2, 76, 48, 68, 40, 92, 8, 42, 46]","[[84, 92], [48, 76]]",9.509361399977934
55,67.79000091552734,0.9449885524749756,"[91, 70, 16, 58, 10, 35, 31, 86, 62, 54]","[[62, 58], [31, 86]]",11.17653659998905
56,66.66999816894531,1.0062938425064087,"[32, 41, 20, 75, 69, 62, 74, 38, 80, 58]","[[20, 41], [41, 74]]",11.8111655000248
57,62.599998474121094,1.1474414026260376,"[89, 0, 84, 16, 97, 67, 41, 38, 59, 60]","[[97, 89], [16, 38]]",10.198924500029534
58,52.59000015258789,1.496378854560852,"[59, 21, 34, 35, 95, 41, 9, 12, 47, 42]","[[41, 34], [59, 41]]",9.792012499994598
59,62.90999984741211,1.163303980064392,"[88, 78, 75, 43, 57, 63, 34, 79, 17, 93]","[[34, 43], [17, 93]]",11.805040800012648
60,66.70999908447266,1.001432338619232,"[76, 35, 9, 75, 32, 97, 53, 72, 27, 91]","[[32, 75], [35, 27]]",9.135854699998163
61,67.83999633789062,0.9726240626335144,"[60, 14, 9, 43, 15, 68, 7, 44, 65, 89]","[[65, 68], [15, 7]]",13.845967100001872
62,65.02999877929688,1.044056822013855,"[56, 67, 28, 93, 30, 71, 78, 48, 25, 19]","[[93, 30], [30, 67]]",11.313125099986792
63,64.5999984741211,1.0504536853790283,"[61, 18, 63, 89, 0, 99, 42, 76, 81, 9]","[[0, 9], [63, 89]]",11.076718700001948
64,64.80000305175781,1.0698655040740968,"[14, 22, 8, 93, 29, 90, 73, 28, 57, 58]","[[22, 29], [57, 73]]",12.111387100012507
65,66.02999877929688,1.0147626710891724,"[16, 90, 78, 23, 55, 61, 31, 0, 11, 82]","[[61, 16], [31, 0]]",11.474325499963015
66,66.43000030517578,0.9884817358016967,"[28, 65, 16, 72, 11, 36, 19, 51, 81, 53]","[[53, 51], [28, 53]]",12.488381000002846
67,62.04999923706055,1.1181264709472656,"[53, 63, 96, 28, 78, 90, 58, 73, 34, 4]","[[96, 28], [4, 73]]",10.11559820000548
68,58.290000915527344,1.3222295753479003,"[38, 57, 22, 41, 70, 39, 10, 5, 17, 32]","[[70, 38], [22, 57]]",10.890592300042044
69,69.3499984741211,0.9310235709190369,"[60, 67, 48, 59, 46, 94, 22, 29, 53, 97]","[[67, 60], [46, 94]]",10.050997100013774
70,62.59000015258789,1.1396082935333252,"[61, 33, 76, 48, 37, 54, 38, 13, 8, 39]","[[37, 13], [39, 33]]",10.108910400012974
71,61.400001525878906,1.218937352371216,"[31, 88, 91, 25, 50, 95, 67, 45, 80, 70]","[[45, 91], [95, 80]]",10.163208200014196
72,65.08000183105469,1.026044990158081,"[3, 23, 17, 94, 61, 43, 63, 91, 37, 84]","[[94, 37], [23, 61]]",12.180974099959712
73,66.41000366210938,1.0564693326950074,"[11, 73, 78, 47, 45, 83, 36, 75, 91, 57]","[[91, 47], [83, 73]]",11.023930599971209
74,66.69000244140625,1.0139246646881104,"[46, 54, 66, 62, 96, 49, 24, 75, 60, 52]","[[24, 46], [96, 60]]",10.741592000005767
75,71.66000366210938,0.8801429231643677,"[75, 51, 39, 89, 14, 54, 41, 30, 24, 80]","[[54, 24], [39, 51]]",11.116125400003511
76,62.0,1.1929359809875488,"[67, 90, 45, 78, 32, 86, 50, 55, 33, 60]","[[33, 90], [60, 90]]",11.321439999970607
77,67.20999908447266,1.0159402435302733,"[4, 16, 51, 33, 89, 30, 13, 77, 43, 85]","[[77, 33], [51, 43]]",9.11444220005069
78,65.87999725341797,1.0651943552017211,"[97, 76, 96, 72, 42, 17, 33, 51, 24, 36]","[[42, 72], [97, 72]]",10.729408599960152
79,66.58999633789062,1.0363479297637939,"[22, 47, 61, 27, 50, 96, 89, 97, 85, 30]","[[30, 61], [61, 97]]",10.240983100025915
80,64.58000183105469,1.0668142147064208,"[44, 70, 23, 38, 74, 21, 82, 4, 88, 98]","[[88, 70], [4, 44]]",9.97016500000609
81,66.12000274658203,1.108415566253662,"[90, 72, 65, 50, 85, 56, 4, 80, 31, 17]","[[65, 31], [80, 4]]",13.003037500020582
82,66.1500015258789,1.030324388217926,"[61, 40, 41, 34, 97, 51, 50, 13, 22, 8]","[[51, 41], [40, 22]]",9.650409099995159
83,68.51000213623047,0.9931323350906373,"[87, 54, 63, 83, 96, 26, 0, 59, 69, 14]","[[59, 87], [87, 63]]",9.915723500016611
84,64.93000030517578,1.1612492725372314,"[58, 47, 83, 36, 8, 2, 56, 49, 10, 38]","[[8, 56], [10, 8]]",10.19181580003351
85,67.08999633789062,1.0294190711975097,"[89, 90, 81, 54, 59, 4, 53, 47, 52, 19]","[[89, 90], [90, 54]]",10.362173900008202
86,64.4800033569336,1.1775955005645753,"[24, 13, 81, 73, 19, 55, 40, 76, 57, 96]","[[13, 24], [96, 76]]",10.32174899999518
87,66.06999969482422,1.0969421180725099,"[31, 75, 94, 20, 87, 26, 29, 70, 2, 50]","[[75, 26], [31, 20]]",10.520752599986736
88,69.36000061035156,0.9732070236206055,"[0, 9, 46, 37, 72, 83, 73, 16, 55, 27]","[[73, 0], [55, 37]]",10.567924299975857
89,71.0199966430664,0.8923840021133422,"[80, 29, 9, 50, 26, 81, 48, 82, 37, 15]","[[80, 82], [50, 9]]",11.544425699976273
90,70.11000061035156,0.9148580629348755,"[82, 6, 87, 74, 29, 50, 62, 67, 12, 83]","[[74, 82], [67, 29]]",9.766070499958005
91,68.37000274658203,0.9989101802825928,"[36, 75, 89, 43, 12, 21, 95, 72, 24, 63]","[[43, 24], [63, 75]]",10.504710100009106
92,68.01000213623047,0.998760122680664,"[34, 15, 31, 94, 46, 70, 19, 80, 6, 88]","[[70, 34], [34, 19]]",11.57246120000491
93,66.16000366210938,1.053637905406952,"[70, 92, 72, 77, 23, 53, 1, 12, 97, 93]","[[72, 92], [23, 53]]",11.184866300027352
94,69.55000305175781,0.9877853399276734,"[13, 38, 36, 14, 57, 77, 66, 73, 3, 0]","[[13, 14], [66, 0]]",10.91911540000001
95,69.5999984741211,0.9789161915779114,"[13, 19, 10, 24, 76, 57, 88, 23, 61, 31]","[[61, 19], [76, 13]]",11.256745799968485
96,67.8499984741211,1.0418650691986084,"[18, 45, 94, 24, 56, 67, 10, 14, 13, 9]","[[24, 45], [14, 9]]",10.645009499974549
97,68.66999816894531,1.015646627998352,"[13, 48, 73, 93, 70, 1, 43, 77, 76, 88]","[[76, 73], [77, 1]]",8.980834399990272
98,66.98999786376953,1.0763705174446105,"[21, 45, 83, 68, 75, 65, 96, 1, 77, 73]","[[21, 1], [73, 65]]",10.893699300009757
99,64.9000015258789,1.1601802856445314,"[81, 84, 60, 18, 45, 47, 94, 83, 76, 22]","[[83, 94], [60, 81]]",10.501960800029337
100,63.2599983215332,1.2252566024780274,"[21, 69, 47, 34, 65, 81, 93, 44, 30, 84]","[[21, 69], [81, 93]]",12.941309999965597
101,68.3499984741211,0.9928334354400635,"[22, 38, 77, 15, 11, 61, 37, 34, 87, 3]","[[77, 34], [3, 15]]",10.101533400011249
102,71.91999816894531,0.9125176150321961,"[96, 9, 26, 58, 69, 44, 13, 93, 61, 43]","[[13, 96], [9, 26]]",10.007286500011105
103,70.87000274658203,0.9981261585235596,"[13, 34, 27, 16, 72, 98, 14, 19, 9, 46]","[[27, 13], [34, 14]]",9.764227300009225
104,69.87000274658203,1.0333435451507569,"[29, 72, 81, 80, 68, 85, 14, 0, 93, 52]","[[68, 80], [52, 14]]",12.307986900035758
105,70.44000244140625,0.9110444355964661,"[17, 69, 35, 86, 83, 84, 23, 56, 89, 60]","[[35, 83], [56, 17]]",11.0221193000325
106,66.93000030517578,1.0290567328453064,"[94, 79, 36, 8, 19, 16, 13, 30, 25, 3]","[[19, 36], [79, 8]]",11.325459500018042
107,54.540000915527344,1.4825235980987548,"[45, 82, 32, 52, 17, 96, 6, 57, 67, 74]","[[57, 96], [32, 67]]",11.100104700017255
108,70.30999755859375,0.8856164248466492,"[61, 20, 59, 99, 39, 42, 73, 53, 45, 8]","[[45, 8], [53, 39]]",9.514740700018592
109,71.55000305175781,0.9135732023239136,"[60, 38, 5, 54, 66, 33, 80, 83, 9, 4]","[[83, 80], [80, 38]]",10.691896400006954
110,69.83999633789062,0.9682732656478882,"[39, 44, 62, 4, 42, 25, 0, 45, 29, 93]","[[42, 29], [93, 39]]",10.2910741000087
111,70.44000244140625,0.9631518241882324,"[96, 54, 19, 97, 92, 31, 81, 2, 24, 9]","[[2, 19], [92, 96]]",9.254158199997619
112,70.81999969482422,0.9381565841674805,"[9, 19, 7, 49, 45, 35, 80, 85, 40, 89]","[[19, 9], [89, 40]]",11.633935599995311
113,68.33999633789062,0.9976423948287964,"[73, 66, 18, 74, 33, 2, 87, 29, 98, 91]","[[91, 66], [74, 2]]",9.834640599961858
114,68.69000244140625,1.0465437618255615,"[40, 31, 27, 50, 71, 81, 99, 97, 73, 49]","[[50, 97], [71, 73]]",10.689640700002201
115,63.16999816894531,1.1968057058334352,"[61, 64, 42, 88, 27, 95, 92, 50, 45, 85]","[[95, 50], [50, 27]]",8.826065699977335
116,70.97000122070312,0.915066216468811,"[27, 8, 49, 32, 15, 35, 70, 59, 31, 30]","[[8, 70], [49, 27]]",9.253512900031637
117,65.30999755859375,1.1827915307998658,"[69, 35, 52, 51, 26, 15, 76, 48, 98, 12]","[[76, 26], [52, 26]]",10.004938199999742
118,68.2699966430664,1.0421322872161864,"[46, 57, 0, 86, 26, 80, 73, 20, 63, 98]","[[26, 57], [57, 98]]",12.268420099979267
119,63.22999954223633,1.1771398853302002,"[81, 6, 64, 84, 20, 2, 8, 4, 66, 92]","[[66, 92], [8, 81]]",9.910108799987938
120,69.25,0.9461446577072143,"[61, 34, 64, 11, 96, 18, 82, 52, 72, 92]","[[82, 18], [11, 52]]",10.616597799991723
121,71.56999969482422,0.9061322084426879,"[93, 68, 94, 13, 36, 11, 5, 1, 40, 7]","[[13, 7], [7, 11]]",12.10151649999898
122,69.0199966430664,0.9840066701889038,"[73, 64, 37, 69, 31, 48, 77, 41, 53, 75]","[[48, 37], [53, 69]]",10.251959300017916
123,72.01000213623047,0.9140544764518738,"[46, 43, 84, 11, 66, 92, 16, 19, 96, 37]","[[92, 11], [96, 16]]",9.128153999976348
124,62.04999923706055,1.315724941444397,"[43, 96, 9, 0, 74, 19, 1, 23, 38, 66]","[[96, 19], [74, 38]]",8.796753500006162
125,62.68000030517578,1.3379829454421996,"[27, 62, 32, 10, 22, 72, 64, 25, 86, 60]","[[62, 60], [60, 32]]",10.724061599990819
126,64.29000091552734,1.2228104040145873,"[84, 7, 64, 76, 15, 46, 27, 47, 40, 69]","[[47, 84], [27, 76]]",10.600146499986295
127,71.19999694824219,0.9273343843460083,"[75, 97, 79, 87, 11, 7, 37, 92, 41, 12]","[[11, 97], [79, 75]]",11.660167500027455
128,68.23999786376953,1.033586021232605,"[78, 4, 17, 21, 76, 74, 19, 61, 45, 86]","[[74, 86], [4, 21]]",10.194961300003342
129,71.02999877929688,0.9647629598617554,"[23, 41, 75, 36, 26, 49, 95, 16, 93, 72]","[[75, 16], [36, 41]]",13.014769900008105
130,68.55999755859375,1.0610335302352905,"[59, 53, 65, 8, 68, 35, 13, 55, 23, 97]","[[55, 97], [97, 65]]",11.630295400042087
131,66.27999877929688,1.0652100835800171,"[74, 98, 22, 45, 97, 87, 92, 71, 47, 79]","[[71, 47], [47, 74]]",9.746008999994956
132,74.20999908447266,0.8667352005004882,"[35, 70, 59, 49, 36, 91, 82, 50, 26, 72]","[[50, 49], [49, 82]]",10.873123400029726
133,69.30999755859375,1.0307134801864624,"[22, 83, 75, 29, 66, 48, 12, 10, 86, 1]","[[1, 83], [22, 29]]",10.09190729999682
134,72.97000122070312,0.8832607696533203,"[76, 33, 40, 59, 65, 63, 73, 36, 99, 82]","[[63, 65], [73, 59]]",13.322651499998756
135,66.58000183105469,1.1632002626419067,"[85, 88, 54, 40, 70, 67, 86, 38, 58, 42]","[[88, 54], [58, 85]]",10.767323300009593
136,59.38999938964844,1.4207557025909423,"[89, 56, 12, 90, 94, 86, 19, 78, 92, 59]","[[86, 90], [94, 89]]",10.28930920001585
137,72.11000061035156,0.9493959392547607,"[7, 94, 69, 44, 50, 26, 75, 24, 33, 18]","[[50, 44], [69, 33]]",12.132322799996473
138,73.44999694824219,0.9094071840286255,"[89, 75, 84, 93, 35, 71, 19, 63, 59, 94]","[[94, 63], [89, 63]]",10.906623300048523
139,69.68000030517578,1.043028154373169,"[54, 66, 17, 43, 53, 40, 76, 1, 4, 81]","[[43, 53], [76, 53]]",9.374784799991176
140,71.66999816894531,0.9702309610366822,"[52, 51, 97, 7, 41, 61, 29, 88, 49, 26]","[[29, 97], [88, 26]]",10.742799200001173
141,72.9000015258789,0.9194603479385376,"[21, 47, 20, 59, 85, 2, 99, 70, 54, 50]","[[85, 70], [99, 47]]",10.707086300011724
142,66.69999694824219,1.1837942443847655,"[65, 98, 79, 6, 58, 92, 19, 37, 33, 75]","[[19, 6], [92, 19]]",12.795629500003997
143,61.41999816894531,1.3786120901107788,"[44, 84, 56, 0, 69, 15, 66, 78, 42, 95]","[[95, 66], [42, 66]]",9.991194400005043
144,71.41000366210938,0.9070640604019164,"[36, 20, 53, 26, 80, 67, 25, 37, 39, 10]","[[10, 26], [20, 80]]",12.483186900033616
145,71.69999694824219,0.9475632276535034,"[54, 62, 65, 69, 82, 46, 64, 70, 59, 11]","[[54, 46], [70, 11]]",11.969900400028564
146,61.70000076293945,1.364086141395569,"[78, 89, 64, 25, 85, 9, 57, 41, 97, 45]","[[78, 89], [89, 85]]",10.832199800002854
147,70.73999786376953,0.9868136923789979,"[32, 8, 70, 41, 12, 19, 88, 20, 98, 33]","[[33, 41], [12, 98]]",11.315773300011642
148,70.51000213623047,1.0120914213180543,"[50, 29, 81, 33, 44, 69, 2, 68, 93, 85]","[[93, 2], [68, 44]]",11.935077300004195
149,71.54000091552734,0.9292081939697265,"[5, 84, 70, 73, 31, 62, 69, 13, 86, 74]","[[70, 84], [62, 70]]",10.731402300007176
150,71.19000244140625,0.9700769506454467,"[69, 9, 41, 83, 76, 63, 34, 67, 36, 87]","[[87, 41], [83, 76]]",10.32005769998068
151,63.4900016784668,1.3596979867935182,"[40, 77, 95, 52, 25, 38, 46, 47, 93, 88]","[[47, 95], [25, 38]]",10.943312600022182
152,68.11000061035156,1.1044066579818725,"[14, 22, 87, 6, 15, 36, 37, 44, 48, 38]","[[36, 44], [48, 38]]",12.410256000002846
153,71.55999755859375,0.9566454246520996,"[14, 66, 74, 62, 49, 45, 18, 79, 15, 68]","[[74, 49], [66, 15]]",11.054556099988986
154,69.77999877929688,1.0111930715560913,"[92, 32, 77, 87, 27, 13, 14, 47, 22, 73]","[[92, 87], [22, 32]]",9.428324300039094
155,69.56999969482422,1.055110093307495,"[60, 31, 44, 3, 84, 25, 98, 73, 52, 82]","[[82, 84], [98, 73]]",10.684981799975503
156,70.51000213623047,0.9879758003234863,"[66, 38, 74, 49, 46, 45, 12, 0, 81, 23]","[[49, 0], [0, 66]]",11.440785799990408
157,59.880001068115234,1.5937256244659423,"[6, 14, 56, 8, 37, 71, 68, 53, 88, 65]","[[14, 8], [71, 37]]",12.608703100006096
158,67.5999984741211,1.0810181879043579,"[76, 40, 68, 38, 91, 92, 18, 11, 69, 94]","[[38, 68], [94, 69]]",9.713897299952805
159,70.0199966430664,1.0206515022277831,"[0, 23, 91, 83, 98, 64, 90, 32, 84, 36]","[[90, 91], [23, 83]]",10.916852299997117
160,68.62999725341797,1.0297839237213136,"[15, 9, 95, 71, 80, 49, 39, 81, 30, 8]","[[30, 9], [71, 39]]",11.098276200005785
161,73.41999816894531,0.8858818042755127,"[29, 87, 67, 36, 35, 96, 15, 61, 24, 62]","[[15, 96], [67, 61]]",10.154482499987353
162,72.01000213623047,0.9540012786865234,"[13, 58, 87, 52, 50, 60, 3, 19, 35, 0]","[[87, 58], [3, 52]]",11.189318199991249
163,65.9800033569336,1.1895911628723144,"[55, 46, 66, 67, 73, 12, 51, 1, 57, 90]","[[1, 67], [73, 66]]",10.017521300003864
164,70.3499984741211,0.9481118377685547,"[40, 72, 92, 86, 89, 90, 16, 98, 73, 58]","[[73, 86], [92, 73]]",10.519369599991478
165,72.9000015258789,0.9315805072784424,"[0, 58, 47, 44, 94, 66, 4, 7, 27, 2]","[[0, 47], [2, 7]]",11.477857199963182
166,72.33000183105469,0.9825925594329834,"[58, 87, 14, 78, 40, 83, 73, 18, 52, 31]","[[31, 73], [78, 14]]",11.483288899995387
167,70.80999755859375,1.0011178888320922,"[99, 22, 62, 86, 5, 20, 9, 51, 7, 54]","[[62, 22], [51, 86]]",11.4426158000133
168,70.5199966430664,1.023407287979126,"[97, 37, 42, 7, 22, 5, 24, 56, 69, 12]","[[5, 42], [97, 37]]",10.941120799980126
169,72.12000274658203,0.9596005155563354,"[96, 22, 76, 44, 59, 78, 12, 68, 94, 87]","[[96, 59], [68, 12]]",10.320985600003041
170,70.6500015258789,1.0168125101089478,"[45, 7, 65, 19, 95, 16, 35, 23, 83, 88]","[[88, 16], [45, 65]]",12.877851099998225
171,69.7300033569336,1.1008120473861693,"[12, 91, 4, 90, 47, 66, 33, 9, 61, 84]","[[47, 12], [4, 66]]",11.021856300008949
172,70.08000183105469,1.0472831985473632,"[46, 60, 83, 2, 37, 70, 93, 29, 3, 43]","[[3, 70], [29, 83]]",10.587097700044978
173,68.1500015258789,1.1548439587593078,"[27, 45, 49, 4, 31, 62, 9, 95, 69, 72]","[[49, 95], [62, 31]]",10.34720300004119
174,68.77999877929688,0.9958601522445679,"[27, 28, 1, 92, 55, 48, 74, 7, 99, 62]","[[27, 74], [74, 99]]",9.938923300011083
175,72.45999908447266,0.9733705389022828,"[24, 0, 9, 11, 31, 45, 58, 35, 69, 21]","[[35, 58], [45, 35]]",10.570770799997263
176,71.80000305175781,0.9442753965377808,"[42, 98, 67, 21, 24, 81, 20, 75, 29, 36]","[[20, 42], [75, 24]]",11.665275399980601
177,69.69000244140625,1.0982898336410523,"[49, 75, 33, 60, 42, 64, 69, 11, 47, 70]","[[70, 47], [64, 70]]",11.631117899960373
178,69.75,1.1288797578811645,"[96, 60, 16, 70, 73, 40, 11, 24, 87, 93]","[[70, 87], [60, 40]]",11.44571050000377
179,74.02999877929688,0.8978215885162354,"[37, 16, 85, 31, 69, 36, 54, 25, 32, 38]","[[37, 32], [16, 38]]",11.319191000016872
180,70.48999786376953,1.0237738899230957,"[80, 92, 61, 76, 19, 28, 7, 73, 67, 38]","[[67, 92], [28, 61]]",12.249956000014208
181,70.36000061035156,1.0845481243133546,"[78, 26, 35, 44, 29, 85, 64, 66, 97, 21]","[[85, 29], [35, 66]]",11.008947499969508
182,66.08999633789062,1.1656261022567749,"[78, 73, 10, 52, 54, 24, 44, 70, 99, 90]","[[99, 44], [70, 73]]",13.164545600011479
183,73.16999816894531,0.9490941213607789,"[96, 38, 1, 4, 36, 19, 77, 52, 41, 49]","[[1, 38], [36, 38]]",11.444968299998436
184,71.13999938964844,1.028160057258606,"[87, 55, 49, 7, 51, 67, 40, 21, 34, 0]","[[49, 55], [21, 87]]",13.343492700019851
185,74.02999877929688,0.9331190498352051,"[74, 63, 39, 14, 96, 82, 21, 45, 88, 13]","[[74, 21], [39, 88]]",10.880033500026911
186,68.3499984741211,1.2385019632339478,"[1, 26, 23, 59, 22, 57, 27, 60, 18, 69]","[[60, 23], [57, 1]]",14.732300799980294
187,68.1500015258789,1.107396605682373,"[34, 87, 43, 64, 27, 92, 78, 55, 68, 7]","[[64, 92], [68, 64]]",14.737892600009218
188,70.3499984741211,1.0315212611198425,"[67, 20, 34, 69, 85, 14, 86, 81, 36, 76]","[[34, 76], [69, 86]]",17.59616289997939
189,67.91000366210938,1.2129726634979248,"[57, 7, 53, 49, 74, 65, 76, 29, 78, 80]","[[78, 57], [74, 7]]",17.546109800052363
190,70.54000091552734,1.0595957551002502,"[71, 25, 7, 77, 39, 51, 87, 5, 45, 11]","[[11, 71], [51, 7]]",13.158476800017525
191,66.44000244140625,1.2346723243713378,"[60, 21, 34, 0, 98, 92, 44, 65, 66, 3]","[[66, 98], [44, 66]]",14.77644709998276
192,69.19000244140625,1.0772186656951905,"[36, 59, 66, 20, 0, 16, 86, 71, 90, 56]","[[16, 56], [56, 90]]",14.19012569996994
193,74.26000213623047,0.9235207732200622,"[19, 22, 51, 45, 91, 26, 14, 83, 15, 67]","[[26, 45], [22, 14]]",12.876455200021155
194,66.36000061035156,1.2147662437438964,"[62, 14, 3, 92, 78, 33, 89, 48, 70, 31]","[[92, 89], [33, 62]]",15.5175150000141
195,71.23999786376953,0.9897248680114746,"[37, 10, 88, 63, 53, 68, 2, 52, 26, 59]","[[26, 10], [68, 63]]",13.67816250002943
196,73.93000030517578,0.9232745241165161,"[59, 71, 85, 49, 20, 10, 3, 86, 88, 33]","[[88, 3], [49, 71]]",14.910723300010432
197,54.41999816894531,1.755742975616455,"[9, 0, 18, 66, 44, 17, 92, 95, 64, 96]","[[0, 66], [92, 44]]",12.70363239996368
198,69.77999877929688,1.095209315109253,"[70, 58, 24, 57, 32, 19, 43, 65, 5, 88]","[[58, 88], [32, 24]]",15.708250000025146
199,59.9900016784668,1.553467214202881,"[61, 75, 68, 2, 6, 26, 1, 56, 78, 74]","[[6, 68], [74, 1]]",13.360218900023028
200,58.290000915527344,1.4623988409042359,"[8, 57, 22, 90, 46, 9, 56, 99, 89, 4]","[[90, 56], [22, 89]]",12.347238999966066
201,68.66999816894531,1.09064945602417,"[83, 41, 69, 7, 63, 51, 78, 89, 43, 81]","[[51, 63], [89, 63]]",13.084659799991641
202,68.2699966430664,1.1420014680862427,"[74, 76, 14, 98, 73, 37, 94, 68, 39, 11]","[[11, 68], [94, 11]]",13.562277199991513
203,59.88999938964844,1.4533918998718263,"[38, 78, 17, 56, 90, 34, 42, 0, 1, 12]","[[17, 0], [0, 90]]",13.00619220000226
204,71.08999633789062,0.9839684573173523,"[45, 36, 95, 8, 99, 75, 93, 4, 24, 58]","[[8, 58], [75, 4]]",13.900289500015788
205,69.01000213623047,1.0443167343139648,"[66, 46, 89, 23, 4, 97, 78, 26, 79, 52]","[[26, 46], [89, 66]]",14.79356269998243
206,71.76000213623047,0.9846162975311279,"[71, 79, 23, 7, 97, 86, 72, 57, 70, 64]","[[7, 23], [71, 23]]",16.784155300003476
207,68.19999694824219,1.0542798376083373,"[55, 14, 21, 43, 5, 30, 35, 15, 28, 34]","[[14, 55], [35, 34]]",13.472217400034424
208,69.94999694824219,1.0595806201934814,"[54, 51, 22, 85, 73, 90, 4, 69, 75, 6]","[[4, 6], [73, 90]]",12.936740500037558
209,70.58999633789062,1.007877160358429,"[78, 98, 48, 28, 76, 96, 97, 69, 66, 65]","[[98, 65], [69, 48]]",13.542193300032523
210,70.83999633789062,1.0128582414627074,"[52, 54, 70, 39, 89, 14, 77, 74, 15, 88]","[[52, 88], [39, 77]]",12.964671300025657
211,67.98999786376953,1.116299654006958,"[58, 12, 87, 84, 91, 62, 82, 57, 6, 21]","[[82, 57], [84, 62]]",15.315045199997257
212,74.87999725341797,0.8568168128967285,"[59, 99, 54, 55, 14, 63, 7, 88, 91, 52]","[[14, 99], [63, 59]]",14.906500900047831
213,72.06999969482422,0.9416922556877136,"[44, 73, 39, 28, 18, 92, 52, 79, 54, 77]","[[54, 39], [28, 73]]",13.13010959996609
214,73.19000244140625,0.9814905666351318,"[59, 70, 54, 27, 89, 21, 42, 25, 60, 49]","[[89, 42], [60, 49]]",13.503454599995166
215,72.9800033569336,0.9680427318572998,"[2, 56, 59, 80, 62, 19, 42, 33, 72, 35]","[[56, 33], [2, 35]]",12.531729400041513
216,71.52999877929688,1.015325012779236,"[53, 17, 11, 78, 66, 39, 94, 4, 47, 90]","[[66, 53], [47, 11]]",13.459437099983916
217,62.75,1.3526774278640747,"[48, 51, 34, 78, 92, 54, 96, 84, 88, 74]","[[88, 92], [48, 54]]",11.758990400005132
218,73.52999877929688,0.9064117869377136,"[15, 25, 50, 89, 72, 20, 85, 47, 1, 3]","[[3, 50], [25, 1]]",14.172563800006174
219,72.94000244140625,0.9540396570205688,"[91, 39, 11, 12, 93, 64, 30, 79, 29, 49]","[[64, 39], [93, 11]]",13.469223799998872
220,63.720001220703125,1.3853154474258422,"[21, 88, 95, 65, 60, 8, 46, 31, 63, 72]","[[88, 46], [8, 72]]",13.404074499965645
221,66.36000061035156,1.0921884126663208,"[96, 63, 58, 77, 95, 23, 61, 29, 91, 59]","[[91, 63], [63, 59]]",13.379317100043409
222,62.959999084472656,1.3511608253479004,"[8, 69, 44, 89, 49, 36, 77, 19, 92, 72]","[[8, 49], [72, 69]]",12.479090200038627
223,73.18000030517578,0.9420978830337524,"[47, 49, 1, 80, 27, 9, 83, 72, 76, 92]","[[47, 83], [76, 92]]",12.307933600037359
224,72.01000213623047,1.031095791244507,"[10, 57, 54, 1, 80, 76, 56, 39, 14, 20]","[[10, 76], [20, 39]]",14.591775799985044
225,67.33999633789062,1.1349396457672118,"[6, 62, 31, 90, 3, 51, 24, 91, 23, 55]","[[6, 24], [55, 90]]",14.517735800007358
226,67.52999877929688,1.1425229610443115,"[98, 18, 78, 89, 27, 80, 33, 86, 88, 15]","[[98, 89], [89, 80]]",13.041757000028156
227,72.12000274658203,1.0071522104263306,"[85, 12, 59, 60, 73, 80, 0, 10, 23, 13]","[[0, 13], [12, 73]]",14.92398109997157
228,67.61000061035156,1.162549520778656,"[35, 46, 54, 87, 84, 51, 27, 95, 21, 61]","[[51, 87], [87, 84]]",12.24012109998148
229,63.650001525878906,1.3188264389038087,"[64, 6, 96, 98, 27, 71, 18, 3, 1, 95]","[[96, 18], [27, 64]]",10.902373799995985
230,72.2300033569336,0.8983309197425843,"[88, 90, 96, 35, 69, 11, 60, 48, 23, 42]","[[88, 23], [69, 11]]",12.478741400002036
231,66.69999694824219,1.1368627141952514,"[98, 88, 43, 57, 48, 99, 63, 53, 94, 55]","[[63, 55], [99, 55]]",12.77992900001118
232,70.56999969482422,1.064344772529602,"[96, 75, 74, 76, 39, 80, 34, 12, 60, 20]","[[34, 60], [76, 80]]",13.659938500029966
233,69.22000122070312,1.0773081989288331,"[20, 47, 38, 59, 64, 82, 60, 45, 63, 85]","[[63, 60], [82, 45]]",13.095233800006099
234,61.13999938964844,1.5390313640594482,"[32, 6, 51, 4, 8, 22, 72, 86, 55, 12]","[[86, 51], [4, 12]]",12.490914299967699
235,62.470001220703125,1.3916931034088136,"[45, 71, 84, 65, 61, 83, 87, 53, 77, 51]","[[45, 51], [87, 61]]",12.878302600001916
236,73.83000183105469,0.8970790935516357,"[13, 71, 56, 63, 49, 44, 85, 76, 50, 93]","[[76, 49], [93, 71]]",13.513251000025775
237,70.94999694824219,1.0168444568634034,"[45, 52, 95, 68, 64, 15, 29, 54, 43, 93]","[[45, 29], [15, 43]]",12.152431300026365
238,70.16999816894531,1.0600706853866577,"[58, 70, 25, 56, 87, 27, 94, 1, 74, 44]","[[94, 44], [87, 74]]",12.960460799979046
239,72.19000244140625,0.962981809425354,"[2, 7, 31, 45, 81, 62, 23, 97, 18, 27]","[[2, 18], [31, 7]]",13.925624400028028
240,65.91999816894531,1.2056263195037842,"[25, 13, 40, 64, 52, 44, 22, 48, 3, 46]","[[22, 40], [40, 46]]",14.322638000012375
241,71.95999908447266,0.999841778755188,"[84, 9, 72, 56, 13, 98, 21, 79, 71, 32]","[[9, 32], [56, 71]]",11.046902999980375
242,74.18000030517578,0.9125844633102417,"[32, 2, 36, 91, 58, 81, 87, 68, 25, 5]","[[36, 87], [91, 87]]",14.961990699986927
243,72.80000305175781,0.9802171375274659,"[25, 41, 74, 21, 97, 69, 4, 17, 3, 88]","[[88, 25], [69, 97]]",13.170782600005623
244,73.01000213623047,1.0182910190582275,"[80, 19, 97, 75, 60, 93, 78, 40, 32, 87]","[[87, 19], [93, 19]]",14.506013099977281
245,75.11000061035156,0.9247282035827636,"[70, 59, 68, 16, 36, 72, 71, 45, 91, 56]","[[45, 36], [91, 71]]",12.860629700007848
246,74.37999725341797,0.9720346578598023,"[83, 81, 9, 39, 2, 67, 66, 98, 80, 51]","[[83, 81], [81, 39]]",11.76597310003126
247,55.810001373291016,2.142828958892822,"[43, 64, 42, 4, 78, 0, 39, 57, 37, 98]","[[37, 78], [57, 37]]",12.177961400011554
248,71.38999938964844,1.010541764831543,"[11, 6, 16, 48, 14, 19, 68, 82, 94, 39]","[[14, 48], [94, 19]]",15.390413300017826
249,65.80000305175781,1.3006014009475708,"[0, 7, 93, 77, 78, 38, 46, 99, 42, 54]","[[77, 93], [93, 38]]",12.919809799990617
250,72.05000305175781,0.9810901399612427,"[36, 70, 71, 57, 63, 73, 69, 17, 48, 47]","[[36, 69], [57, 17]]",17.196676500025205
251,73.62999725341797,0.9876810413360596,"[10, 42, 60, 43, 85, 48, 1, 91, 22, 26]","[[42, 85], [10, 85]]",11.410870299965609
252,69.3499984741211,1.065042409992218,"[46, 3, 23, 96, 47, 32, 52, 50, 82, 28]","[[3, 28], [23, 46]]",15.308670500002336
253,67.6500015258789,1.3992477886199952,"[2, 55, 26, 94, 14, 72, 5, 50, 91, 42]","[[42, 50], [72, 26]]",11.989009100012481
254,69.12000274658203,1.1625304943084718,"[75, 69, 0, 7, 53, 77, 67, 64, 62, 73]","[[69, 7], [53, 75]]",13.372881199989934
255,75.13999938964844,0.8785706031799316,"[14, 27, 66, 5, 15, 75, 91, 28, 63, 62]","[[15, 14], [91, 28]]",13.48758730001282
256,55.81999969482422,1.8592483253479004,"[74, 39, 76, 51, 46, 12, 95, 17, 68, 93]","[[17, 76], [12, 74]]",14.114533099986147
257,67.52999877929688,1.0975062615394593,"[46, 28, 88, 96, 20, 23, 19, 15, 91, 11]","[[15, 11], [23, 88]]",15.193332199996803
258,68.16000366210938,1.1564311700820922,"[18, 46, 87, 61, 79, 50, 69, 97, 72, 37]","[[87, 69], [18, 69]]",13.459805199992843
259,70.04000091552734,1.0882455184936524,"[34, 57, 53, 30, 72, 9, 37, 19, 5, 14]","[[30, 34], [53, 9]]",14.155471199948806
260,73.08999633789062,0.9496513553619385,"[4, 67, 61, 35, 96, 86, 63, 9, 8, 36]","[[96, 67], [63, 86]]",12.2688759000157
261,73.05999755859375,0.940557639503479,"[89, 41, 20, 92, 67, 44, 61, 77, 3, 9]","[[61, 3], [20, 44]]",13.698734399979003
262,73.4000015258789,1.003735095977783,"[87, 20, 97, 50, 35, 68, 33, 98, 53, 96]","[[68, 20], [53, 33]]",12.994016200012993
263,68.9800033569336,1.145351526260376,"[89, 57, 26, 69, 23, 54, 68, 92, 4, 82]","[[4, 57], [89, 26]]",14.022576400020625
264,72.23999786376953,0.9738539659500122,"[45, 31, 11, 28, 39, 71, 7, 91, 4, 93]","[[45, 28], [11, 39]]",13.284564100031275
265,72.11000061035156,0.989992193031311,"[2, 85, 50, 23, 46, 82, 83, 20, 49, 6]","[[49, 50], [85, 20]]",15.27592469996307
266,72.69999694824219,0.9869364301681518,"[3, 42, 84, 62, 69, 25, 23, 76, 52, 75]","[[25, 23], [42, 23]]",14.559190500003751
267,70.88999938964844,1.0729477754592895,"[4, 95, 1, 21, 83, 23, 48, 78, 42, 31]","[[95, 78], [23, 1]]",13.782562699983828
268,55.56999969482422,1.8030209175109864,"[38, 6, 37, 55, 34, 97, 98, 74, 56, 45]","[[6, 37], [98, 56]]",11.765594900003634
269,68.61000061035156,1.1213455949783324,"[54, 93, 74, 85, 16, 98, 50, 59, 70, 3]","[[54, 74], [98, 54]]",11.810933200002182
270,66.94000244140625,1.2449909833908082,"[39, 20, 43, 1, 78, 0, 60, 31, 15, 6]","[[43, 15], [0, 43]]",12.240394500026014
271,68.19000244140625,1.1188162405014037,"[42, 76, 2, 31, 19, 17, 83, 92, 44, 35]","[[44, 83], [31, 19]]",12.124429200019222
272,69.97000122070312,0.9740303406715393,"[56, 91, 92, 28, 38, 82, 32, 98, 63, 85]","[[92, 56], [91, 63]]",11.008755799965002
273,68.23999786376953,1.1642698225021362,"[5, 84, 60, 47, 3, 13, 65, 92, 19, 74]","[[3, 92], [65, 60]]",15.8833151999861
274,47.29999923706055,2.216988028717041,"[59, 45, 39, 67, 6, 78, 84, 80, 22, 57]","[[67, 78], [39, 84]]",13.22889759996906
275,73.0,0.897086125946045,"[64, 42, 43, 38, 94, 36, 68, 8, 11, 89]","[[43, 38], [8, 68]]",10.279219300020486
276,70.27999877929688,1.0851021398544312,"[23, 69, 89, 9, 42, 74, 62, 68, 57, 93]","[[9, 23], [23, 68]]",15.157342499995138
277,73.13999938964844,0.9751015563964843,"[85, 66, 93, 44, 48, 13, 3, 21, 23, 39]","[[93, 44], [85, 21]]",14.790117399999872
278,71.61000061035156,0.980806987953186,"[28, 94, 18, 68, 65, 53, 66, 75, 12, 92]","[[18, 94], [75, 28]]",15.372115799982566
279,75.0999984741211,0.9256936574935913,"[90, 75, 39, 64, 49, 44, 66, 50, 60, 98]","[[66, 60], [60, 44]]",12.240880099998321
280,73.33999633789062,0.964708776473999,"[61, 27, 77, 23, 66, 33, 26, 42, 37, 78]","[[42, 33], [78, 77]]",13.64884159999201
281,69.2300033569336,1.0853181100845337,"[0, 56, 5, 30, 76, 95, 53, 73, 63, 88]","[[95, 5], [56, 53]]",12.688225399993826
282,68.70999908447266,1.0842638998031615,"[84, 89, 68, 64, 78, 62, 28, 30, 49, 41]","[[62, 49], [49, 89]]",14.585879800026305
283,72.94999694824219,0.9860296566009521,"[67, 45, 94, 35, 39, 72, 5, 22, 7, 62]","[[45, 7], [35, 22]]",12.390347099979408
284,72.0199966430664,1.04357135181427,"[90, 91, 9, 58, 98, 5, 97, 92, 55, 12]","[[55, 91], [97, 55]]",12.237783499993384
285,71.5,1.113624854850769,"[84, 9, 22, 95, 91, 55, 21, 15, 13, 1]","[[55, 1], [21, 22]]",12.346066900005098
286,63.2400016784668,1.4302189445495606,"[1, 53, 10, 7, 6, 90, 21, 92, 78, 46]","[[6, 46], [7, 90]]",14.944445900036953
287,69.9800033569336,1.1413436244964599,"[85, 92, 66, 58, 24, 86, 82, 2, 7, 64]","[[2, 24], [82, 2]]",14.172221199958585
288,72.30000305175781,0.978157147026062,"[40, 50, 36, 99, 33, 79, 62, 74, 16, 22]","[[16, 36], [62, 50]]",15.141128899995238
289,70.7699966430664,1.0940516111373901,"[25, 33, 10, 14, 87, 8, 51, 83, 69, 57]","[[25, 57], [69, 83]]",14.288849900010973
290,73.9000015258789,0.9590972177505493,"[35, 15, 38, 19, 52, 46, 71, 9, 47, 75]","[[46, 71], [47, 75]]",13.299396000045817
291,71.9800033569336,1.0527167764663696,"[86, 92, 14, 8, 45, 38, 60, 63, 82, 46]","[[8, 14], [82, 63]]",12.511202299967408
292,69.33000183105469,1.2284580186843872,"[73, 57, 67, 14, 40, 24, 63, 35, 72, 69]","[[72, 35], [63, 40]]",13.786087799991947
293,68.87000274658203,1.2095365131378173,"[77, 55, 61, 34, 18, 35, 0, 97, 98, 26]","[[77, 0], [0, 61]]",12.1595097000245
294,69.9800033569336,1.0862490888595582,"[90, 30, 53, 77, 76, 85, 8, 35, 81, 69]","[[77, 76], [30, 81]]",11.413886499998625
295,68.83000183105469,1.1555014539718629,"[52, 30, 46, 49, 35, 90, 6, 40, 20, 97]","[[46, 90], [30, 35]]",14.518443600041792
296,72.11000061035156,1.0494589969635009,"[42, 21, 97, 18, 44, 48, 98, 45, 7, 95]","[[48, 7], [44, 21]]",13.689170900033787
297,73.81999969482422,1.0165348690032958,"[67, 72, 49, 58, 2, 66, 55, 98, 25, 53]","[[58, 2], [98, 66]]",13.521618200000376
298,63.13999938964844,1.4931428993225098,"[16, 2, 36, 77, 86, 40, 87, 33, 95, 75]","[[16, 40], [2, 86]]",14.333855399978347
299,70.30999755859375,1.1532525867462158,"[1, 66, 81, 52, 47, 99, 38, 56, 65, 4]","[[65, 38], [56, 52]]",15.076719900011085
300,73.2699966430664,1.0137401165008544,"[73, 93, 90, 66, 22, 52, 77, 18, 71, 39]","[[39, 93], [90, 66]]",12.773021500033792
301,74.47000122070312,0.9216201070785522,"[58, 81, 11, 2, 36, 79, 23, 5, 64, 30]","[[81, 36], [30, 81]]",15.77878910000436
302,67.68000030517578,1.2001557357788086,"[9, 94, 15, 47, 62, 70, 17, 6, 41, 89]","[[15, 62], [62, 94]]",14.7587583999848
303,72.97000122070312,1.0044002858161927,"[11, 61, 88, 74, 91, 35, 80, 33, 93, 38]","[[74, 93], [93, 11]]",13.787500300037209
304,70.4800033569336,1.092690118598938,"[97, 89, 66, 76, 71, 39, 74, 15, 42, 56]","[[74, 42], [89, 71]]",11.815381599997636
305,73.72000122070312,0.9963432550430298,"[50, 21, 55, 36, 22, 52, 42, 38, 66, 69]","[[21, 50], [50, 55]]",12.799212299985811
306,71.91999816894531,1.0380329483032227,"[17, 80, 30, 13, 40, 72, 26, 43, 5, 78]","[[80, 30], [26, 13]]",13.83712739998009
307,70.91999816894531,1.1197531873703004,"[25, 34, 22, 83, 5, 21, 56, 97, 10, 33]","[[97, 21], [5, 34]]",13.731176599976607
308,70.86000061035156,1.058139709663391,"[17, 62, 3, 16, 99, 5, 53, 86, 20, 48]","[[3, 16], [62, 99]]",15.1383525999845
309,73.4800033569336,0.9984359346389771,"[8, 39, 75, 10, 19, 70, 99, 30, 87, 38]","[[10, 39], [87, 39]]",12.621570599963889
310,74.70999908447266,0.9967830766677857,"[55, 15, 1, 3, 7, 60, 87, 66, 51, 26]","[[87, 60], [3, 55]]",13.559666299959645
311,71.36000061035156,1.157385620689392,"[88, 98, 93, 59, 71, 87, 57, 41, 11, 16]","[[87, 98], [93, 88]]",13.19086899998365
312,73.05999755859375,0.9925921039581299,"[30, 31, 13, 49, 28, 85, 8, 66, 51, 80]","[[30, 80], [8, 49]]",12.670168399985414
313,73.2699966430664,1.0318301412582398,"[83, 21, 82, 97, 62, 68, 42, 0, 38, 55]","[[55, 0], [0, 38]]",13.210993500018958
314,73.72000122070312,1.0189787382125854,"[19, 13, 22, 40, 66, 47, 38, 39, 81, 98]","[[19, 98], [98, 19]]",11.671703900035936
315,72.4000015258789,1.1076223783493042,"[54, 1, 4, 0, 97, 68, 86, 80, 75, 92]","[[4, 1], [97, 75]]",12.64455279998947
316,69.19000244140625,1.0739454496383667,"[72, 83, 95, 58, 10, 4, 20, 79, 28, 9]","[[28, 4], [72, 28]]",13.42710030003218
317,68.08000183105469,1.1932345207214357,"[65, 17, 69, 40, 60, 57, 93, 41, 67, 36]","[[41, 57], [65, 60]]",18.131010099954437
318,67.51000213623047,1.0949494424819946,"[40, 54, 79, 28, 15, 30, 87, 4, 62, 94]","[[54, 15], [62, 54]]",13.546696699981112
319,58.56999969482422,1.7885923831939696,"[98, 95, 8, 66, 11, 5, 65, 74, 38, 34]","[[38, 8], [11, 5]]",12.631197699985933
320,62.689998626708984,1.325895086479187,"[23, 30, 92, 34, 68, 66, 16, 29, 2, 55]","[[2, 16], [23, 29]]",14.481252800032962
321,68.4800033569336,1.124987537574768,"[29, 76, 47, 99, 54, 42, 94, 65, 2, 53]","[[29, 54], [54, 99]]",13.483790099970065
322,67.5999984741211,1.2400195013046265,"[98, 84, 92, 26, 13, 81, 18, 54, 4, 21]","[[84, 92], [92, 54]]",11.158540399977937
323,71.7300033569336,1.0238321592330932,"[45, 99, 5, 27, 74, 42, 43, 58, 68, 55]","[[74, 45], [99, 58]]",12.047470899997279
324,73.61000061035156,0.9870999033927917,"[53, 32, 69, 2, 21, 92, 46, 0, 60, 94]","[[0, 94], [46, 92]]",12.94023519998882
325,75.56999969482422,0.9323369815826416,"[5, 78, 42, 67, 16, 88, 27, 26, 55, 50]","[[50, 5], [26, 16]]",11.640030099952128
326,73.70999908447266,0.9930030336380005,"[92, 38, 23, 87, 14, 63, 3, 27, 77, 95]","[[77, 87], [63, 3]]",12.686426100030076
327,74.93000030517578,0.9632200681686401,"[29, 67, 66, 87, 18, 85, 35, 74, 80, 52]","[[85, 87], [66, 67]]",12.996531100012362
328,72.72000122070312,1.0383799394607545,"[47, 62, 71, 91, 96, 12, 35, 86, 45, 40]","[[35, 47], [86, 45]]",13.104819100000896
329,75.73999786376953,0.9526872018814087,"[39, 12, 80, 50, 91, 85, 21, 32, 56, 92]","[[91, 12], [12, 56]]",11.909538600011729
330,74.31999969482422,1.0120168996810912,"[87, 43, 52, 25, 81, 93, 23, 13, 20, 16]","[[20, 16], [93, 87]]",15.525011699995957
331,68.3499984741211,1.3077739212036132,"[64, 78, 70, 54, 6, 83, 13, 48, 14, 77]","[[83, 13], [13, 78]]",12.212682500015944
332,70.06999969482422,1.1302485027313232,"[98, 49, 37, 78, 75, 62, 24, 13, 30, 32]","[[49, 24], [75, 78]]",13.56843599997228
333,74.38999938964844,0.9591123600006104,"[43, 17, 81, 55, 86, 96, 97, 93, 71, 88]","[[88, 93], [81, 97]]",13.383773300040048
334,73.4800033569336,1.0348556880950928,"[62, 58, 77, 68, 49, 22, 25, 78, 66, 38]","[[22, 25], [58, 66]]",14.809492699976545
335,74.19000244140625,1.0025311317443848,"[59, 19, 35, 71, 64, 99, 76, 48, 15, 32]","[[64, 35], [15, 71]]",11.985112599970307
336,75.48999786376953,0.9277430099487305,"[35, 56, 94, 97, 47, 16, 78, 1, 53, 49]","[[94, 35], [56, 1]]",12.380807700043079
337,75.30999755859375,0.935742274093628,"[7, 46, 61, 24, 34, 8, 76, 42, 36, 98]","[[98, 34], [7, 42]]",13.601311300008092
338,74.7300033569336,0.9851985269546509,"[21, 72, 12, 24, 31, 74, 77, 56, 73, 44]","[[77, 56], [12, 56]]",11.883135000010952
339,73.80999755859375,1.0205571493148804,"[25, 46, 31, 75, 77, 90, 65, 69, 52, 99]","[[90, 52], [65, 75]]",15.944415200036019
340,74.38999938964844,1.0371336349487306,"[83, 19, 96, 66, 7, 59, 18, 62, 72, 22]","[[19, 22], [62, 18]]",13.581194700032938
341,70.43000030517578,1.121697998046875,"[87, 11, 77, 20, 41, 17, 86, 95, 44, 24]","[[17, 11], [77, 24]]",14.872821199998725
342,73.0199966430664,1.0729125374794006,"[56, 20, 94, 49, 25, 97, 23, 41, 26, 81]","[[25, 41], [41, 81]]",15.628963899973314
343,60.95000076293945,1.6525683708190917,"[15, 46, 44, 59, 57, 86, 27, 87, 43, 79]","[[46, 43], [79, 59]]",13.113348499988206
344,69.68000030517578,1.217639965057373,"[96, 20, 73, 29, 69, 22, 0, 31, 14, 3]","[[31, 3], [96, 22]]",13.070850000018254
345,73.16000366210938,1.0548172218322753,"[45, 89, 10, 75, 81, 25, 42, 26, 64, 50]","[[45, 81], [50, 81]]",12.459709999966435
346,76.16999816894531,0.9356586627960205,"[53, 97, 35, 42, 14, 45, 7, 16, 6, 75]","[[14, 42], [97, 75]]",15.017673199996352
347,72.37000274658203,1.1587774656295777,"[65, 14, 48, 6, 52, 10, 22, 90, 72, 64]","[[14, 64], [6, 90]]",16.346958599984646
348,72.36000061035156,0.9954698732376098,"[92, 46, 33, 99, 32, 67, 94, 49, 62, 16]","[[33, 16], [99, 33]]",14.626283999998122
349,76.08999633789062,0.9554493141174316,"[75, 49, 60, 86, 73, 87, 21, 50, 20, 88]","[[21, 50], [60, 73]]",14.51668719999725
350,76.2300033569336,0.9343157732009888,"[36, 94, 56, 7, 62, 71, 47, 61, 0, 9]","[[9, 94], [7, 47]]",15.365976499975659
351,71.72000122070312,1.0852880046844482,"[38, 32, 33, 88, 56, 14, 11, 28, 40, 90]","[[33, 11], [88, 33]]",13.570597100013401
352,75.0199966430664,0.9988647057533264,"[10, 72, 91, 66, 52, 12, 3, 53, 77, 25]","[[53, 25], [72, 10]]",13.093661699967925
353,73.08000183105469,1.0995890822410583,"[49, 23, 19, 11, 60, 10, 65, 47, 54, 57]","[[19, 60], [65, 60]]",18.757932199980132
354,74.44000244140625,0.9938277507781983,"[67, 12, 18, 90, 39, 34, 86, 35, 56, 54]","[[67, 54], [35, 67]]",11.847541099996306
355,72.0,1.088345676612854,"[64, 58, 53, 22, 48, 57, 6, 2, 56, 83]","[[48, 6], [22, 58]]",13.724509000021499
356,51.779998779296875,2.2707727863311766,"[31, 95, 5, 51, 80, 74, 19, 39, 6, 0]","[[80, 39], [19, 95]]",13.87958599999547
357,73.45999908447266,0.9319538482666015,"[34, 15, 99, 59, 12, 98, 72, 45, 51, 26]","[[59, 51], [72, 34]]",11.438611500023399
358,73.45999908447266,0.9679228059768676,"[56, 82, 46, 23, 12, 66, 62, 41, 72, 53]","[[56, 72], [46, 56]]",13.876632599974982
359,66.08000183105469,1.3064345207214356,"[73, 12, 6, 9, 3, 28, 32, 19, 16, 91]","[[19, 6], [73, 28]]",14.127613499993458
360,73.41000366210938,1.0209941111564635,"[86, 31, 87, 43, 22, 54, 49, 25, 26, 3]","[[26, 54], [43, 25]]",12.462395099981222
361,71.06999969482422,1.1491197114944458,"[42, 81, 7, 82, 70, 13, 16, 2, 41, 50]","[[13, 16], [16, 81]]",13.543306300009135
362,69.20999908447266,1.2790317024230957,"[76, 47, 70, 78, 12, 43, 13, 91, 68, 23]","[[43, 23], [23, 43]]",13.979122299992014
363,69.73999786376953,1.1851599214553834,"[81, 66, 89, 67, 24, 96, 37, 48, 56, 26]","[[96, 81], [81, 26]]",12.63104020000901
364,69.16000366210938,1.232436600971222,"[32, 65, 11, 40, 84, 60, 8, 33, 54, 31]","[[40, 31], [33, 31]]",15.330166100000497
365,67.30000305175781,1.2980989040374755,"[28, 36, 74, 56, 27, 70, 94, 4, 76, 71]","[[76, 28], [94, 36]]",12.802618199959397
366,71.47000122070312,1.119970230484009,"[21, 13, 24, 12, 56, 94, 63, 26, 97, 82]","[[26, 94], [21, 94]]",13.427188900008332
367,73.45999908447266,1.0339128353118896,"[53, 79, 31, 11, 93, 82, 34, 67, 49, 19]","[[34, 67], [11, 93]]",14.146232200029772
368,75.4800033569336,0.9657166269302369,"[74, 50, 98, 96, 62, 16, 10, 78, 70, 25]","[[96, 10], [70, 50]]",12.144212600018363
369,72.55000305175781,1.0397921091079712,"[22, 5, 87, 67, 61, 52, 79, 95, 36, 96]","[[96, 95], [22, 5]]",13.2160445000045
370,69.4000015258789,1.177056224822998,"[45, 91, 50, 81, 37, 4, 95, 82, 58, 63]","[[45, 81], [50, 91]]",13.381522100011352
371,75.56999969482422,0.9405743789672851,"[25, 57, 47, 59, 66, 15, 19, 5, 71, 72]","[[5, 59], [72, 59]]",13.575536499964073
372,72.05999755859375,1.1274684301376343,"[21, 30, 85, 19, 65, 47, 78, 90, 0, 3]","[[90, 21], [47, 19]]",15.089278400002513
373,67.11000061035156,1.3588866827011108,"[5, 35, 81, 17, 75, 79, 1, 42, 18, 32]","[[81, 1], [18, 1]]",13.479685799975414
374,67.19999694824219,1.4982028160095215,"[60, 98, 96, 4, 29, 31, 94, 12, 34, 43]","[[31, 60], [4, 31]]",10.515104799997061
375,66.38999938964844,1.340043030166626,"[73, 9, 92, 88, 57, 64, 44, 58, 80, 13]","[[73, 44], [92, 88]]",13.564704600023106
376,73.05000305175781,0.991237319946289,"[23, 89, 29, 26, 54, 53, 25, 59, 51, 97]","[[26, 51], [97, 59]]",13.532231300021522
377,65.06999969482422,1.4102487840652467,"[62, 5, 91, 55, 57, 51, 74, 68, 64, 95]","[[74, 57], [51, 57]]",12.290299999993294
378,71.36000061035156,1.0831735376358032,"[39, 78, 70, 52, 80, 73, 44, 40, 91, 55]","[[52, 73], [73, 40]]",15.01043279998703
379,72.9800033569336,1.0325270359039307,"[15, 30, 88, 35, 91, 83, 29, 75, 58, 40]","[[83, 29], [40, 30]]",12.98414389998652
380,75.02999877929688,0.9631377695083618,"[50, 29, 41, 49, 80, 54, 39, 37, 86, 14]","[[14, 54], [54, 37]]",14.703572099970188
381,73.26000213623047,1.0233253091812133,"[90, 13, 95, 2, 99, 92, 45, 26, 69, 73]","[[69, 13], [90, 92]]",11.60652490000939
382,74.08000183105469,0.9870555982589722,"[3, 42, 61, 25, 77, 11, 84, 5, 94, 28]","[[61, 28], [84, 77]]",13.056923399970401
383,68.72000122070312,1.2649039247512817,"[68, 69, 13, 11, 15, 58, 84, 24, 42, 6]","[[42, 24], [58, 15]]",14.458174599974882
384,74.66000366210938,0.9598972518920899,"[46, 88, 94, 6, 96, 60, 62, 95, 14, 79]","[[95, 79], [46, 6]]",14.22161219996633
385,71.79000091552734,1.083153281402588,"[21, 44, 24, 8, 40, 50, 30, 87, 11, 67]","[[40, 11], [21, 44]]",12.953533899970353
386,74.91000366210938,0.9615706207275391,"[60, 55, 52, 20, 34, 45, 25, 53, 69, 10]","[[53, 10], [52, 20]]",14.494192600017413
387,75.5999984741211,0.9319046867370605,"[20, 81, 86, 24, 55, 2, 59, 25, 41, 1]","[[25, 24], [41, 24]]",14.114361300016753
388,75.70999908447266,0.9773219846725464,"[11, 87, 38, 42, 86, 51, 46, 73, 72, 25]","[[72, 42], [86, 46]]",12.699146599974483
389,76.51000213623047,0.9443031616210937,"[20, 70, 50, 27, 3, 15, 75, 74, 57, 9]","[[27, 9], [20, 70]]",13.984246300009545
390,72.11000061035156,1.166316521835327,"[7, 9, 89, 49, 6, 15, 44, 10, 75, 47]","[[7, 89], [75, 9]]",16.319002399977762
391,71.05000305175781,1.158861650657654,"[17, 48, 84, 73, 96, 30, 98, 60, 88, 83]","[[88, 17], [84, 96]]",12.269339799997397
392,72.20999908447266,1.0966010532379151,"[62, 66, 80, 78, 64, 52, 83, 33, 6, 18]","[[18, 80], [52, 78]]",15.314117399975657
393,75.0999984741211,0.9824163789749145,"[64, 45, 24, 20, 10, 88, 23, 82, 22, 31]","[[10, 88], [24, 20]]",14.188709700014442
394,70.23999786376953,1.1316964515686034,"[45, 71, 30, 95, 90, 73, 9, 78, 18, 49]","[[78, 95], [9, 90]]",13.173669899988454
395,71.68000030517578,1.1264828870773316,"[0, 97, 59, 50, 12, 3, 93, 67, 61, 38]","[[67, 3], [50, 0]]",12.364307099953294
396,63.15999984741211,1.6120386959075927,"[46, 0, 97, 70, 60, 75, 31, 95, 78, 94]","[[70, 95], [0, 78]]",14.2581327999942
397,73.97000122070312,0.9617331459045411,"[20, 11, 14, 39, 31, 60, 78, 0, 81, 45]","[[0, 11], [31, 20]]",14.073285899998154
398,74.41999816894531,0.9754831722259522,"[76, 80, 37, 5, 75, 62, 79, 61, 42, 53]","[[37, 62], [80, 42]]",14.675153599993791
399,70.7300033569336,1.1618162826538085,"[89, 97, 49, 44, 55, 22, 95, 36, 79, 17]","[[55, 17], [36, 44]]",16.008689799986314
400,71.1500015258789,1.2005768711090088,"[75, 63, 1, 29, 88, 12, 86, 82, 61, 40]","[[63, 75], [86, 1]]",14.121141200012062
401,73.19999694824219,1.0422383659362793,"[79, 49, 42, 13, 97, 81, 91, 22, 3, 76]","[[91, 13], [81, 42]]",13.436461499950383
402,67.30999755859375,1.2291005432128905,"[99, 58, 63, 28, 3, 56, 8, 24, 84, 27]","[[99, 84], [24, 28]]",13.281921999994665
403,64.20999908447266,1.39729207572937,"[26, 36, 57, 95, 99, 46, 23, 30, 40, 67]","[[40, 46], [46, 23]]",15.439823499997146
404,73.18000030517578,1.0781703117370605,"[87, 93, 29, 50, 14, 84, 52, 8, 43, 70]","[[87, 43], [93, 52]]",12.937046900042333
405,71.27999877929688,1.1418141969680786,"[85, 76, 96, 0, 77, 17, 42, 90, 39, 45]","[[90, 96], [77, 45]]",10.992704100033734
406,71.9000015258789,1.1496164070129395,"[27, 44, 42, 58, 72, 52, 6, 1, 62, 13]","[[52, 44], [6, 58]]",13.982952899998054
407,72.62000274658203,1.0670586978912353,"[33, 87, 58, 67, 57, 85, 72, 27, 99, 79]","[[67, 58], [79, 99]]",14.334895100037102
408,71.76000213623047,1.1205329793930054,"[3, 11, 87, 22, 62, 52, 56, 95, 26, 20]","[[26, 56], [22, 56]]",14.162748600007035
409,71.62000274658203,1.124338373184204,"[41, 57, 20, 29, 56, 74, 83, 14, 0, 87]","[[57, 0], [56, 83]]",13.665484099998139
410,66.54000091552734,1.2506246042251588,"[28, 34, 77, 85, 62, 58, 30, 86, 93, 46]","[[86, 85], [28, 93]]",15.246336600044742
411,73.27999877929688,1.011005195236206,"[79, 62, 87, 68, 32, 92, 29, 81, 7, 90]","[[62, 7], [87, 7]]",13.820796200016048
412,63.38999938964844,1.6497899925231934,"[8, 38, 48, 12, 1, 77, 68, 92, 59, 19]","[[38, 77], [12, 8]]",10.18366210005479
413,74.94000244140625,0.9259426803588867,"[99, 14, 24, 70, 44, 31, 86, 3, 75, 60]","[[99, 44], [86, 3]]",15.20248520001769
414,75.08999633789062,0.9968877988815308,"[11, 85, 83, 96, 82, 76, 7, 19, 87, 51]","[[85, 83], [87, 19]]",12.989770299987867
415,74.45999908447266,0.9954997562408447,"[12, 18, 62, 10, 75, 42, 8, 7, 31, 23]","[[12, 7], [18, 31]]",14.623937600001227
416,69.91000366210938,1.1977021337509155,"[97, 5, 1, 84, 30, 40, 72, 21, 52, 39]","[[1, 5], [5, 1]]",12.241046000039205
417,74.13999938964844,1.027929306793213,"[72, 62, 14, 55, 67, 32, 39, 29, 38, 7]","[[7, 32], [38, 32]]",13.046540100011043
418,70.01000213623047,1.2288841007232667,"[9, 65, 98, 93, 0, 31, 12, 91, 28, 81]","[[28, 9], [81, 0]]",14.886970400053542
419,73.83999633789062,1.072358960723877,"[49, 67, 58, 34, 22, 47, 19, 33, 9, 26]","[[26, 33], [22, 34]]",15.04589239996858
420,75.51000213623047,0.9827268474578857,"[78, 18, 25, 81, 52, 5, 97, 88, 53, 51]","[[5, 52], [78, 97]]",13.392558699997608
421,74.66000366210938,1.0512959381103515,"[7, 68, 34, 80, 72, 25, 89, 12, 66, 69]","[[68, 69], [34, 72]]",15.618112900003325
422,73.79000091552734,1.0361949403762818,"[54, 28, 10, 85, 87, 89, 40, 86, 50, 96]","[[96, 89], [87, 54]]",12.648768099956214
423,74.47000122070312,1.014823391532898,"[58, 7, 9, 0, 50, 24, 38, 86, 81, 30]","[[86, 81], [0, 24]]",15.330874699982814
424,73.80999755859375,1.1230093328475952,"[49, 75, 87, 68, 65, 47, 2, 70, 43, 25]","[[47, 49], [43, 47]]",14.172008000023197
425,75.27999877929688,1.0577487966537475,"[75, 54, 77, 98, 27, 69, 42, 25, 78, 65]","[[54, 25], [25, 77]]",13.745731099974364
426,64.31999969482422,1.7796228794097901,"[84, 26, 59, 68, 11, 37, 6, 56, 15, 24]","[[24, 68], [37, 26]]",14.1265697000199
427,71.06999969482422,1.0680261993408202,"[71, 44, 26, 24, 99, 43, 87, 62, 46, 6]","[[71, 26], [87, 44]]",13.406314500025474
428,70.37000274658203,1.2132548259735108,"[3, 14, 23, 71, 39, 58, 91, 9, 13, 67]","[[91, 3], [9, 13]]",14.211368600022979
429,66.36000061035156,1.5361761125564575,"[2, 90, 64, 67, 74, 51, 27, 54, 30, 94]","[[74, 30], [2, 64]]",10.80219150002813
430,69.33000183105469,1.2861160858154297,"[8, 80, 21, 38, 52, 63, 93, 66, 1, 44]","[[38, 93], [93, 66]]",13.068238399981055
431,73.06999969482422,1.0673064331054687,"[68, 83, 93, 49, 33, 94, 99, 45, 4, 79]","[[4, 49], [79, 83]]",13.862089400005061
432,74.22000122070312,1.0715151082992553,"[66, 81, 5, 45, 93, 34, 31, 51, 65, 27]","[[45, 93], [5, 81]]",13.707655400037766
433,75.45999908447266,1.0087844058990478,"[13, 82, 43, 34, 96, 22, 29, 21, 15, 98]","[[43, 15], [22, 13]]",10.370657599996775
434,75.91000366210938,0.9917446447372437,"[15, 77, 88, 1, 83, 22, 74, 87, 75, 86]","[[75, 83], [1, 22]]",11.623153499967884
435,73.94999694824219,1.0856795593261719,"[57, 20, 56, 70, 71, 28, 72, 2, 63, 75]","[[70, 57], [63, 72]]",14.695079499972053
436,72.4000015258789,1.193526314163208,"[40, 2, 35, 47, 85, 52, 75, 80, 37, 21]","[[52, 2], [40, 52]]",14.258707500004675
437,75.12000274658203,1.0307695167541504,"[84, 63, 70, 4, 65, 79, 93, 9, 58, 78]","[[79, 93], [93, 65]]",16.126251499983482
438,75.4800033569336,1.0000555631637573,"[45, 59, 24, 34, 53, 44, 62, 36, 81, 20]","[[59, 36], [53, 24]]",14.076078299956862
439,76.44000244140625,0.9656127290725708,"[63, 71, 68, 40, 19, 20, 49, 3, 79, 46]","[[40, 63], [71, 46]]",15.06671769998502
440,70.88999938964844,1.3298008039474487,"[95, 6, 49, 55, 74, 53, 26, 27, 16, 21]","[[27, 49], [95, 21]]",13.045656600035727
441,74.37999725341797,1.0679856342315674,"[72, 86, 40, 12, 89, 0, 66, 52, 54, 29]","[[89, 29], [86, 52]]",14.110616200021468
442,76.08000183105469,0.9849604209899903,"[32, 76, 58, 59, 44, 71, 93, 96, 45, 47]","[[76, 44], [71, 93]]",13.294927400012966
443,73.01000213623047,1.1139635807037354,"[17, 14, 46, 7, 68, 84, 43, 35, 61, 99]","[[68, 35], [35, 84]]",14.525221500021871
444,71.66000366210938,1.164662950325012,"[69, 5, 99, 15, 89, 98, 56, 54, 48, 90]","[[15, 56], [90, 5]]",11.936477200011723
445,73.11000061035156,1.1294164394378663,"[40, 55, 60, 58, 38, 33, 13, 46, 15, 64]","[[60, 15], [46, 64]]",14.03334939997876
446,73.72000122070312,1.109581243133545,"[45, 76, 62, 4, 1, 70, 16, 87, 35, 7]","[[4, 70], [45, 1]]",12.242196699953638
447,75.36000061035156,1.040206155014038,"[25, 85, 89, 47, 0, 21, 39, 83, 87, 27]","[[85, 89], [39, 0]]",12.466613200027496
448,75.02999877929688,1.0345143321990966,"[30, 22, 23, 63, 42, 80, 78, 86, 60, 5]","[[23, 22], [63, 5]]",16.26468379999278
449,73.41999816894531,1.0882612728118897,"[30, 98, 87, 67, 44, 90, 46, 19, 31, 70]","[[46, 19], [31, 46]]",12.755640599993058
450,76.05999755859375,1.0540360620498657,"[63, 60, 88, 55, 7, 49, 73, 18, 11, 3]","[[3, 63], [73, 11]]",15.396426899998914
451,68.4000015258789,1.367488222885132,"[46, 57, 61, 67, 52, 49, 17, 15, 58, 63]","[[58, 61], [15, 17]]",16.23893059999682
452,75.45999908447266,1.0363321321487426,"[96, 35, 60, 56, 85, 26, 52, 58, 81, 0]","[[26, 96], [81, 96]]",14.059409199981019
453,75.41000366210938,1.0577747159957887,"[12, 87, 25, 67, 50, 83, 22, 43, 88, 48]","[[67, 83], [22, 12]]",11.791828299988993
454,75.83999633789062,1.0000106594085694,"[20, 94, 6, 43, 53, 13, 28, 97, 61, 25]","[[61, 43], [97, 6]]",13.81677450001007
455,76.20999908447266,1.0281383863449096,"[64, 21, 54, 42, 31, 83, 91, 58, 8, 30]","[[8, 83], [42, 30]]",11.108162700023968
456,75.68000030517578,1.0412127172470094,"[21, 55, 76, 1, 80, 84, 16, 28, 86, 96]","[[96, 16], [86, 84]]",13.069616199994925
457,76.23999786376953,1.0419180240631103,"[27, 46, 72, 31, 53, 66, 14, 75, 77, 99]","[[66, 77], [27, 14]]",12.240197899984196
458,74.5199966430664,1.097893381690979,"[94, 60, 27, 1, 47, 24, 79, 33, 3, 10]","[[60, 27], [27, 3]]",13.476358599960804
459,75.80999755859375,1.0630771682739257,"[96, 93, 54, 84, 35, 20, 27, 47, 77, 59]","[[47, 59], [84, 35]]",12.412679900007788
460,69.13999938964844,1.3735054262161255,"[43, 77, 80, 81, 46, 17, 41, 62, 39, 35]","[[46, 77], [77, 41]]",12.565781499957666
461,74.08000183105469,1.1375181579589844,"[19, 97, 29, 20, 55, 7, 63, 81, 76, 38]","[[81, 7], [63, 20]]",14.798402300046291
462,75.70999908447266,1.0908246253967284,"[72, 66, 67, 15, 71, 2, 98, 78, 73, 52]","[[98, 2], [73, 78]]",11.907459100009874
463,76.44000244140625,1.0489501785278321,"[50, 46, 14, 85, 68, 21, 61, 3, 73, 30]","[[50, 3], [46, 3]]",14.04640809999546
464,71.55000305175781,1.2779772590637206,"[44, 94, 92, 97, 84, 46, 51, 5, 88, 6]","[[46, 94], [97, 94]]",12.948472399963066
465,72.76000213623047,1.1568489980697632,"[86, 9, 5, 40, 57, 0, 35, 3, 48, 88]","[[9, 3], [40, 88]]",13.675882800016552
466,75.69999694824219,1.0552783458709716,"[3, 32, 55, 9, 60, 90, 19, 71, 83, 97]","[[19, 97], [97, 19]]",12.805441799981054
467,74.5199966430664,1.0669351572036743,"[79, 35, 38, 48, 52, 29, 91, 13, 70, 89]","[[52, 38], [13, 91]]",12.245749499998055
468,75.11000061035156,1.0477078342437744,"[59, 64, 79, 90, 95, 86, 14, 20, 68, 48]","[[95, 79], [90, 79]]",14.085265899950173
469,72.2699966430664,1.1872243841171264,"[67, 12, 17, 24, 45, 9, 32, 20, 78, 3]","[[17, 3], [32, 24]]",13.765325399988797
470,73.41000366210938,1.1252496116638184,"[46, 56, 96, 43, 41, 73, 83, 35, 17, 67]","[[56, 46], [43, 35]]",10.482358400011435
471,74.0,1.1152177659988403,"[87, 47, 32, 29, 43, 30, 27, 95, 22, 18]","[[27, 43], [22, 95]]",12.018616499961354
472,75.30000305175781,1.0794832250595092,"[27, 59, 81, 74, 47, 93, 4, 56, 14, 10]","[[4, 56], [14, 81]]",13.114392899966333
473,75.16999816894531,1.0478447034835816,"[91, 33, 84, 87, 36, 39, 90, 58, 41, 62]","[[41, 91], [58, 33]]",15.34961909998674
474,74.55000305175781,1.0915064590454102,"[52, 51, 38, 79, 77, 42, 30, 59, 97, 2]","[[79, 51], [77, 59]]",11.03995180001948
475,69.58000183105469,1.3986902025222778,"[65, 38, 67, 29, 18, 6, 62, 36, 22, 85]","[[29, 67], [62, 6]]",14.80788079998456
476,73.72000122070312,1.114878674697876,"[11, 62, 16, 24, 59, 91, 93, 31, 23, 0]","[[16, 23], [23, 16]]",15.359756100049708
477,75.69999694824219,1.0561333013534546,"[80, 46, 69, 71, 96, 45, 0, 31, 27, 21]","[[31, 45], [45, 69]]",12.08466450002743
478,74.30000305175781,1.0980400791168212,"[16, 76, 19, 50, 17, 63, 93, 47, 57, 49]","[[50, 19], [63, 19]]",15.055301400017925
479,75.68000030517578,1.0552708795547485,"[82, 57, 66, 24, 11, 30, 5, 14, 91, 72]","[[57, 5], [30, 82]]",14.899873699992895
480,75.94000244140625,1.0673364065170288,"[5, 66, 73, 93, 9, 23, 13, 12, 30, 74]","[[93, 9], [74, 5]]",13.875853799981996
481,74.25,1.122524948501587,"[11, 85, 77, 4, 94, 43, 18, 48, 38, 10]","[[10, 48], [94, 38]]",11.507915400026832
482,75.26000213623047,1.0629512241363526,"[20, 95, 47, 0, 45, 5, 64, 98, 13, 96]","[[5, 20], [98, 47]]",11.135525699995924
483,73.9000015258789,1.0899237554550172,"[51, 4, 98, 99, 17, 69, 48, 24, 63, 23]","[[23, 17], [4, 98]]",14.29694049997488
484,75.30000305175781,1.0792390306472779,"[30, 73, 58, 26, 65, 50, 70, 48, 3, 83]","[[70, 48], [48, 70]]",15.883862000016961
485,74.19000244140625,1.1165961256027221,"[2, 23, 38, 5, 46, 86, 14, 91, 80, 22]","[[22, 91], [14, 80]]",15.027231200016104
486,50.040000915527344,2.7704365936279296,"[18, 10, 17, 49, 41, 78, 51, 92, 57, 44]","[[10, 41], [41, 78]]",13.991810499981511
487,69.25,1.2408957872390747,"[59, 54, 5, 83, 49, 17, 24, 99, 48, 8]","[[49, 5], [5, 83]]",13.01195540005574
488,73.25,1.1897025104522705,"[81, 69, 41, 51, 29, 3, 35, 96, 20, 54]","[[96, 51], [51, 29]]",11.730500800011214
489,74.94999694824219,1.0877697341918946,"[20, 53, 42, 59, 83, 44, 4, 39, 15, 61]","[[44, 61], [59, 39]]",12.693148599995766
490,73.91000366210938,1.1331453224182129,"[7, 25, 37, 24, 96, 88, 54, 70, 27, 23]","[[24, 7], [70, 27]]",15.058792499999981
491,68.62000274658203,1.3542334728240968,"[39, 34, 92, 2, 10, 49, 17, 89, 54, 84]","[[34, 89], [84, 89]]",13.139065700001083
492,75.30999755859375,1.094479715156555,"[71, 20, 64, 53, 77, 52, 49, 16, 11, 96]","[[77, 52], [64, 49]]",12.46541399997659
493,75.58000183105469,1.053811325454712,"[71, 78, 59, 54, 34, 25, 10, 60, 9, 93]","[[25, 93], [59, 10]]",14.022351699997671
494,73.9000015258789,1.0837543479919434,"[77, 84, 40, 10, 60, 28, 53, 19, 81, 75]","[[77, 28], [75, 19]]",13.346370799990837
495,75.79000091552734,1.0506395429611206,"[63, 91, 87, 18, 32, 92, 76, 9, 50, 52]","[[87, 9], [32, 52]]",12.054931299993768
496,71.55000305175781,1.2057341869354248,"[46, 1, 66, 58, 29, 99, 57, 97, 76, 8]","[[76, 58], [58, 57]]",13.837231200013775
497,73.77999877929688,1.0663342922210692,"[97, 46, 45, 20, 58, 25, 69, 61, 37, 92]","[[69, 37], [45, 46]]",14.058569499989972
498,75.63999938964844,1.0183021446228027,"[58, 27, 66, 23, 64, 71, 81, 24, 82, 73]","[[71, 66], [73, 82]]",15.2125415999908
499,68.30000305175781,1.3715018388748168,"[77, 50, 22, 1, 95, 15, 31, 32, 4, 68]","[[68, 1], [31, 77]]",11.883830300008412
500,73.86000061035156,1.0658902196884155,"[18, 68, 36, 13, 21, 16, 45, 31, 2, 61]","[[61, 31], [18, 45]]",13.563196800008882
