round,algorithm,seed,test_accuracy,peak_accuracy_so_far,round_train_seconds,selected_clients,assignments,task_ids,task_seeds,views,flip_fraction,alt_violations,returning_client_rate,mean_visit_index,max_visit_index,first_time_client_count,returning_client_count,first_time_F_fraction,returning_F_fraction,I_client_count,F_client_count,reset_action_norm_mean_I,reset_action_norm_median_I,reset_response_norm_mean_I,reset_response_norm_median_I,reset_recovery_coeff_mean_I,reset_recovery_coeff_median_I,reset_recovery_cosine_mean_I,reset_recovery_cosine_median_I,reset_residual_ratio_mean_I,reset_residual_ratio_median_I,reset_action_norm_mean_F,reset_action_norm_median_F,reset_response_norm_mean_F,reset_response_norm_median_F,reset_recovery_coeff_mean_F,reset_recovery_coeff_median_F,reset_recovery_cosine_mean_F,reset_recovery_cosine_median_F,reset_residual_ratio_mean_F,reset_residual_ratio_median_F
1,SymmetryFedPhoenix,1,10.0,10.0,12.142315100005362,"[80, 84, 33, 81, 93, 17, 36, 82, 69, 65]","[{""client_id"": 80, ""task_id"": 0}, {""client_id"": 84, ""task_id"": 1}, {""client_id"": 33, ""task_id"": 2}, {""client_id"": 81, ""task_id"": 3}, {""client_id"": 93, ""task_id"": 4}, {""client_id"": 17, ""task_id"": 5}, {""client_id"": 36, ""task_id"": 6}, {""client_id"": 82, ""task_id"": 7}, {""client_id"": 69, ""task_id"": 8}, {""client_id"": 65, ""task_id"": 9}]","[0, 1, 2, 3, 4, 5, 6, 7, 8, 9]","[200001, 200998, 201995, 202992, 203989, 204986, 205983, 206980, 207977, 208974]","[""F"", ""I"", ""I"", ""F"", ""F"", ""I"", ""F"", ""I"", ""F"", ""F""]",0.6,0,0.0,1.0,1,10,0,0.6,,4,6,6.630234875167301,6.627850070502739,0.20388277186194567,0.20426170266242383,-6.053470736876677e-05,-4.133591646489336e-05,-0.001613243991930086,-0.0011257123852122654,1.000540845080855,1.000513577866399,6.6324553407075415,6.63273440994832,0.21623943927448566,0.21580579359821084,-3.5297272067883906e-05,-3.642178779871497e-05,-0.0009351856766072708,-0.001122410956035721,1.0005747806518992,1.0005560541413634
2,SymmetryFedPhoenix,1,14.329999923706055,14.329999923706055,6.78119730000617,"[44, 96, 1, 35, 26, 11, 38, 82, 87, 3]","[{""client_id"": 44, ""task_id"": 0}, {""client_id"": 96, ""task_id"": 1}, {""client_id"": 1, ""task_id"": 2}, {""client_id"": 35, ""task_id"": 3}, {""client_id"": 26, ""task_id"": 4}, {""client_id"": 11, ""task_id"": 5}, {""client_id"": 38, ""task_id"": 6}, {""client_id"": 82, ""task_id"": 7}, {""client_id"": 87, ""task_id"": 8}, {""client_id"": 3, ""task_id"": 9}]","[0, 1, 2, 3, 4, 5, 6, 7, 8, 9]","[300004, 301001, 301998, 302995, 303992, 304989, 305986, 306983, 307980, 308977]","[""F"", ""F"", ""I"", ""F"", ""F"", ""F"", ""I"", ""F"", ""I"", ""F""]",0.7,0,0.1,1.1,2,9,1,0.6666666666666666,1.0,3,7,6.539877695129447,6.55801530213752,0.15724343063303023,0.14141018567507585,-3.380870104483231e-05,1.4521245878132075e-06,-0.0009173534849226693,6.980552683285424e-05,1.000330810153903,1.0002148953328789,6.540885182406969,6.547518835218963,0.20846522239659906,0.21893628108824675,-2.3879278217207417e-06,3.218295091380493e-05,0.0001694853366904769,0.0010857366744407122,1.0005226830043545,1.0005292579743135
3,SymmetryFedPhoenix,1,11.520000457763672,14.329999923706055,6.938342500012368,"[95, 67, 96, 71, 1, 80, 99, 45, 52, 27]","[{""client_id"": 95, ""task_id"": 0}, {""client_id"": 67, ""task_id"": 1}, {""client_id"": 96, ""task_id"": 2}, {""client_id"": 71, ""task_id"": 3}, {""client_id"": 1, ""task_id"": 4}, {""client_id"": 80, ""task_id"": 5}, {""client_id"": 99, ""task_id"": 6}, {""client_id"": 45, ""task_id"": 7}, {""client_id"": 52, ""task_id"": 8}, {""client_id"": 27, ""task_id"": 9}]","[0, 1, 2, 3, 4, 5, 6, 7, 8, 9]","[400007, 401004, 402001, 402998, 403995, 404992, 405989, 406986, 407983, 408980]","[""F"", ""I"", ""I"", ""F"", ""F"", ""I"", ""F"", ""I"", ""I"", ""F""]",0.5,0,0.3,1.3,2,7,3,0.5714285714285714,0.3333333333333333,5,5,6.46613975896471,6.464310579298423,0.19362150007429346,0.1735908486464687,7.330317485338442e-06,-3.410407546148675e-05,0.0008868553133674387,-0.0009664577837954288,1.0004835424573224,1.0003916797934675,6.459056713471786,6.460498407470069,0.19119108256119396,0.1714270038284567,3.845874010578546e-05,3.775156264959761e-05,0.001895498559262005,0.0012661575556654429,1.000443766957444,1.0003799074694266
4,SymmetryFedPhoenix,1,17.360000610351562,17.360000610351562,7.562252000003355,"[40, 10, 96, 66, 89, 32, 95, 55, 25, 5]","[{""client_id"": 40, ""task_id"": 0}, {""client_id"": 10, ""task_id"": 1}, {""client_id"": 96, ""task_id"": 2}, {""client_id"": 66, ""task_id"": 3}, {""client_id"": 89, ""task_id"": 4}, {""client_id"": 32, ""task_id"": 5}, {""client_id"": 95, ""task_id"": 6}, {""client_id"": 55, ""task_id"": 7}, {""client_id"": 25, ""task_id"": 8}, {""client_id"": 5, ""task_id"": 9}]","[0, 1, 2, 3, 4, 5, 6, 7, 8, 9]","[500010, 501007, 502004, 503001, 503998, 504995, 505992, 506989, 507986, 508983]","[""F"", ""F"", ""F"", ""F"", ""I"", ""F"", ""I"", ""I"", ""F"", ""I""]",0.6,0,0.2,1.3,3,8,2,0.625,0.5,4,6,6.34602548566953,6.348018760181548,0.2042963566496782,0.20968616453919187,-7.860222408844555e-06,-4.8709269460648744e-05,-0.0009127157964609165,-0.0014432286465555868,1.0005493251587356,1.000555349935679,6.363744962006287,6.364380900585533,0.20349996534354242,0.2051427842575862,9.784212808867152e-05,9.439866065199303e-05,0.003217561542106039,0.0032233134410104827,1.000440518995541,1.0004654833063589
5,SymmetryFedPhoenix,1,30.610000610351562,30.610000610351562,5.568450799997663,"[89, 99, 45, 96, 72, 9, 74, 88, 1, 38]","[{""client_id"": 89, ""task_id"": 0}, {""client_id"": 99, ""task_id"": 1}, {""client_id"": 45, ""task_id"": 2}, {""client_id"": 96, ""task_id"": 3}, {""client_id"": 72, ""task_id"": 4}, {""client_id"": 9, ""task_id"": 5}, {""client_id"": 74, ""task_id"": 6}, {""client_id"": 88, ""task_id"": 7}, {""client_id"": 1, ""task_id"": 8}, {""client_id"": 38, ""task_id"": 9}]","[0, 1, 2, 3, 4, 5, 6, 7, 8, 9]","[600013, 601010, 602007, 603004, 604001, 604998, 605995, 606992, 607989, 608986]","[""F"", ""I"", ""F"", ""I"", ""F"", ""I"", ""F"", ""I"", ""I"", ""F""]",0.5,0,0.6,1.9,4,4,6,0.5,0.5,5,5,6.271416064815828,6.260006698669327,0.16381204375175357,0.1547805155378809,0.00011446581621170888,9.955846763105218e-05,0.004063142130638945,0.004382251755456285,1.0002338556495052,1.0002413504067897,6.2774934257873,6.267394096222509,0.13742234105589052,0.13579877464471762,5.988208114312424e-05,2.9891635117745385e-05,0.0026380644564049475,0.0015110508466065684,1.0001845459917336,1.0001524089285305
6,SymmetryFedPhoenix,1,16.600000381469727,30.610000610351562,8.464658199984115,"[0, 86, 4, 23, 24, 1, 62, 83, 66, 93]","[{""client_id"": 0, ""task_id"": 0}, {""client_id"": 86, ""task_id"": 1}, {""client_id"": 4, ""task_id"": 2}, {""client_id"": 23, ""task_id"": 3}, {""client_id"": 24, ""task_id"": 4}, {""client_id"": 1, ""task_id"": 5}, {""client_id"": 62, ""task_id"": 6}, {""client_id"": 83, ""task_id"": 7}, {""client_id"": 66, ""task_id"": 8}, {""client_id"": 93, ""task_id"": 9}]","[0, 1, 2, 3, 4, 5, 6, 7, 8, 9]","[700016, 701013, 702010, 703007, 704004, 705001, 705998, 706995, 707992, 708989]","[""I"", ""F"", ""F"", ""F"", ""I"", ""F"", ""I"", ""I"", ""I"", ""I""]",0.4,0,0.3,1.5,4,7,3,0.42857142857142855,0.3333333333333333,6,4,6.1845194331005215,6.18096831665002,0.2273233815080118,0.22675423713909182,4.82322895379368e-05,5.952755868400986e-05,0.0017547380224763667,0.0015750651575141108,1.000651965138061,1.0006249631708835,6.186225422300955,6.185261045091719,0.19335148050479742,0.18717367996723816,3.5157497464666996e-05,3.970927258978454e-05,0.0014424902847177724,0.0015631012262296421,1.0004731957981488,1.0004324736818926
7,SymmetryFedPhoenix,1,22.110000610351562,30.610000610351562,7.117871700000251,"[6, 59, 72, 30, 91, 43, 75, 76, 15, 61]","[{""client_id"": 6, ""task_id"": 0}, {""client_id"": 59, ""task_id"": 1}, {""client_id"": 72, ""task_id"": 2}, {""client_id"": 30, ""task_id"": 3}, {""client_id"": 91, ""task_id"": 4}, {""client_id"": 43, ""task_id"": 5}, {""client_id"": 75, ""task_id"": 6}, {""client_id"": 76, ""task_id"": 7}, {""client_id"": 15, ""task_id"": 8}, {""client_id"": 61, ""task_id"": 9}]","[0, 1, 2, 3, 4, 5, 6, 7, 8, 9]","[800019, 801016, 802013, 803010, 804007, 805004, 806001, 806998, 807995, 808992]","[""I"", ""I"", ""I"", ""F"", ""I"", ""F"", ""I"", ""I"", ""I"", ""I""]",0.2,0,0.1,1.1,2,9,1,0.2222222222222222,0.0,8,2,6.126587255806736,6.128418801918032,0.22175066991502596,0.20922215266863614,0.00010425805974347804,8.890146737623581e-05,0.002720277643506741,0.0023996384913765323,1.0006064120537659,1.0005421201700329,6.133535291574615,6.133535291574615,0.1254241158788369,0.1254241158788369,-1.108161725558221e-05,-1.108161725558221e-05,0.0005491929400058657,0.0005491929400058657,1.0002304574597902,1.0002304574597902
8,SymmetryFedPhoenix,1,23.479999542236328,30.610000610351562,7.592135999992024,"[44, 88, 74, 48, 59, 79, 25, 52, 45, 55]","[{""client_id"": 44, ""task_id"": 0}, {""client_id"": 88, ""task_id"": 1}, {""client_id"": 74, ""task_id"": 2}, {""client_id"": 48, ""task_id"": 3}, {""client_id"": 59, ""task_id"": 4}, {""client_id"": 79, ""task_id"": 5}, {""client_id"": 25, ""task_id"": 6}, {""client_id"": 52, ""task_id"": 7}, {""client_id"": 45, ""task_id"": 8}, {""client_id"": 55, ""task_id"": 9}]","[0, 1, 2, 3, 4, 5, 6, 7, 8, 9]","[900022, 901019, 902016, 903013, 904010, 905007, 906004, 907001, 907998, 908995]","[""I"", ""F"", ""I"", ""I"", ""F"", ""F"", ""I"", ""F"", ""I"", ""F""]",0.5,0,0.8,1.9,3,2,8,0.5,0.5,5,5,6.030467936325117,6.050736085595808,0.21011819136649296,0.22545213071357337,-1.1906994568855618e-05,-1.1635938928749997e-06,-0.00028811400847669066,-5.3595715502919375e-05,1.0006744744617149,1.000806702881084,6.002481376834001,6.01004242931517,0.20320471962158582,0.1772587335160735,2.4806273756646935e-05,5.910321452421992e-05,0.0009905881822531758,0.001988794715645655,1.0005678297037277,1.00039983342103
9,SymmetryFedPhoenix,1,30.34000015258789,30.610000610351562,8.302102599991485,"[3, 60, 35, 33, 22, 66, 45, 68, 67, 75]","[{""client_id"": 3, ""task_id"": 0}, {""client_id"": 60, ""task_id"": 1}, {""client_id"": 35, ""task_id"": 2}, {""client_id"": 33, ""task_id"": 3}, {""client_id"": 22, ""task_id"": 4}, {""client_id"": 66, ""task_id"": 5}, {""client_id"": 45, ""task_id"": 6}, {""client_id"": 68, ""task_id"": 7}, {""client_id"": 67, ""task_id"": 8}, {""client_id"": 75, ""task_id"": 9}]","[0, 1, 2, 3, 4, 5, 6, 7, 8, 9]","[1000025, 1001022, 1002019, 1003016, 1004013, 1005010, 1006007, 1007004, 1008001, 1008998]","[""I"", ""I"", ""I"", ""F"", ""F"", ""F"", ""F"", ""I"", ""F"", ""F""]",0.6,0,0.7,2.0,4,3,7,0.3333333333333333,0.7142857142857143,4,6,5.90222922221178,5.893455961212821,0.263876037097322,0.2622354184670645,5.611101937818602e-05,8.347578468683588e-05,0.001429843721453223,0.001843469036305596,1.0009755116311965,1.0009359328911887,5.940956286479232,5.934346602125227,0.22177655460069642,0.21549041048034007,0.00011797309502162176,0.0001320415775991117,0.003289280649940068,0.0035098815524503995,1.0006082983368694,1.0004487138142508
10,SymmetryFedPhoenix,1,28.81999969482422,30.610000610351562,9.744779600005131,"[64, 91, 12, 52, 16, 65, 50, 68, 33, 30]","[{""client_id"": 64, ""task_id"": 0}, {""client_id"": 91, ""task_id"": 1}, {""client_id"": 12, ""task_id"": 2}, {""client_id"": 52, ""task_id"": 3}, {""client_id"": 16, ""task_id"": 4}, {""client_id"": 65, ""task_id"": 5}, {""client_id"": 50, ""task_id"": 6}, {""client_id"": 68, ""task_id"": 7}, {""client_id"": 33, ""task_id"": 8}, {""client_id"": 30, ""task_id"": 9}]","[0, 1, 2, 3, 4, 5, 6, 7, 8, 9]","[1100028, 1101025, 1102022, 1103019, 1104016, 1105013, 1106010, 1107007, 1108004, 1109001]","[""F"", ""F"", ""I"", ""I"", ""I"", ""I"", ""F"", ""F"", ""I"", ""I""]",0.4,0,0.6,1.8,3,4,6,0.5,0.3333333333333333,6,4,5.86977023764996,5.866166079573681,0.24926721890963832,0.2533477354658066,0.0001900497858893259,0.00020149852455046945,0.0039582829394426535,0.004448271871554416,1.0007384083376452,1.000693174586135,5.862247035345501,5.863526565068737,0.23724763459619033,0.23557837914077454,0.00013954045263824333,0.00019127188137328785,0.003164770669523613,0.004277511611927901,1.0007392808239173,1.0007729682379631
11,SymmetryFedPhoenix,1,40.209999084472656,40.209999084472656,9.512776199990185,"[54, 27, 23, 37, 75, 33, 41, 46, 52, 24]","[{""client_id"": 54, ""task_id"": 0}, {""client_id"": 27, ""task_id"": 1}, {""client_id"": 23, ""task_id"": 2}, {""client_id"": 37, ""task_id"": 3}, {""client_id"": 75, ""task_id"": 4}, {""client_id"": 33, ""task_id"": 5}, {""client_id"": 41, ""task_id"": 6}, {""client_id"": 46, ""task_id"": 7}, {""client_id"": 52, ""task_id"": 8}, {""client_id"": 24, ""task_id"": 9}]","[0, 1, 2, 3, 4, 5, 6, 7, 8, 9]","[1200031, 1201028, 1202025, 1203022, 1204019, 1205016, 1206013, 1207010, 1208007, 1209004]","[""I"", ""I"", ""I"", ""F"", ""I"", ""F"", ""F"", ""F"", ""F"", ""F""]",0.6,0,0.6,2.1,4,4,6,0.75,0.5,4,6,5.789112918462625,5.786766004287486,0.20471299994342543,0.19504671603055201,0.0001310573487579054,0.00011043083243091514,0.0035690838691559952,0.003364262311517353,1.0005015826071415,1.0004847915113317,5.796754087895478,5.79204967051025,0.21554644206275478,0.20734362760994518,9.843291307890104e-05,9.372786917075519e-05,0.0023477889189290157,0.0026108092958984667,1.0006303745350993,1.000546865976323
12,SymmetryFedPhoenix,1,35.7400016784668,40.209999084472656,7.523265199997695,"[54, 45, 28, 44, 15, 1, 93, 12, 88, 40]","[{""client_id"": 54, ""task_id"": 0}, {""client_id"": 45, ""task_id"": 1}, {""client_id"": 28, ""task_id"": 2}, {""client_id"": 44, ""task_id"": 3}, {""client_id"": 15, ""task_id"": 4}, {""client_id"": 1, ""task_id"": 5}, {""client_id"": 93, ""task_id"": 6}, {""client_id"": 12, ""task_id"": 7}, {""client_id"": 88, ""task_id"": 8}, {""client_id"": 40, ""task_id"": 9}]","[0, 1, 2, 3, 4, 5, 6, 7, 8, 9]","[1300034, 1301031, 1302028, 1303025, 1304022, 1305019, 1306016, 1307013, 1308010, 1309007]","[""F"", ""I"", ""F"", ""F"", ""F"", ""I"", ""F"", ""F"", ""I"", ""I""]",0.6,0,0.9,2.8,5,1,9,1.0,0.5555555555555556,4,6,5.710783213231908,5.724545187029415,0.18234907496983396,0.18578930581811495,0.0001115112982923865,7.63703114413719e-05,0.003420471115603975,0.0025016964890579264,1.0004072048141777,1.0003302508165763,5.70351793968802,5.709209887390541,0.2197251636028664,0.23816464160488726,0.0001138236265099109,7.388990778652998e-05,0.002199891627469631,0.0015723823538105531,1.0006845827013633,1.000646203523678
13,SymmetryFedPhoenix,1,34.59000015258789,40.209999084472656,9.42432990000816,"[70, 75, 5, 68, 36, 79, 72, 78, 57, 44]","[{""client_id"": 70, ""task_id"": 0}, {""client_id"": 75, ""task_id"": 1}, {""client_id"": 5, ""task_id"": 2}, {""client_id"": 68, ""task_id"": 3}, {""client_id"": 36, ""task_id"": 4}, {""client_id"": 79, ""task_id"": 5}, {""client_id"": 72, ""task_id"": 6}, {""client_id"": 78, ""task_id"": 7}, {""client_id"": 57, ""task_id"": 8}, {""client_id"": 44, ""task_id"": 9}]","[0, 1, 2, 3, 4, 5, 6, 7, 8, 9]","[1400037, 1401034, 1402031, 1403028, 1404025, 1405022, 1406019, 1407016, 1408013, 1409010]","[""F"", ""F"", ""F"", ""I"", ""I"", ""I"", ""F"", ""I"", ""I"", ""I""]",0.4,0,0.7,2.3,4,3,7,0.3333333333333333,0.42857142857142855,6,4,5.629670672432913,5.6237136281525855,0.23657701554478405,0.24484472387052728,0.00015224502909110376,0.00015431919857183162,0.003615425226360698,0.004157865874596947,1.0007605715176435,1.0008771739358753,5.644137163845083,5.6802406431352965,0.25117682064669533,0.2405526977726113,0.00017397845143891065,0.00015896133886956956,0.004058434422948399,0.0036370955715053412,1.000878627463929,1.0006723025704969
14,SymmetryFedPhoenix,1,45.439998626708984,45.439998626708984,7.8506723000027705,"[41, 9, 30, 89, 40, 49, 3, 22, 8, 16]","[{""client_id"": 41, ""task_id"": 0}, {""client_id"": 9, ""task_id"": 1}, {""client_id"": 30, ""task_id"": 2}, {""client_id"": 89, ""task_id"": 3}, {""client_id"": 40, ""task_id"": 4}, {""client_id"": 49, ""task_id"": 5}, {""client_id"": 3, ""task_id"": 6}, {""client_id"": 22, ""task_id"": 7}, {""client_id"": 8, ""task_id"": 8}, {""client_id"": 16, ""task_id"": 9}]","[0, 1, 2, 3, 4, 5, 6, 7, 8, 9]","[1500040, 1501037, 1502034, 1503031, 1504028, 1505025, 1506022, 1507019, 1508016, 1509013]","[""I"", ""F"", ""F"", ""I"", ""F"", ""I"", ""F"", ""I"", ""I"", ""F""]",0.5,0,0.8,2.2,3,2,8,0.0,0.625,5,5,5.5454919253292845,5.5248775314812155,0.2270974313288212,0.20192748504318442,6.90661533878381e-05,5.3797043283152534e-05,0.0013410222578307952,0.0014718805526316911,1.0008620784250202,1.0006139609916391,5.618977156289081,5.607871458207244,0.2021164234338472,0.2210566357427509,0.00013024688084253816,0.0001817996903569743,0.0032612578108410875,0.0046436596365462355,1.0005311841182019,1.000573281572876
15,SymmetryFedPhoenix,1,46.11000061035156,46.11000061035156,7.9191233000019565,"[82, 28, 69, 81, 56, 71, 85, 27, 37, 66]","[{""client_id"": 82, ""task_id"": 0}, {""client_id"": 28, ""task_id"": 1}, {""client_id"": 69, ""task_id"": 2}, {""client_id"": 81, ""task_id"": 3}, {""client_id"": 56, ""task_id"": 4}, {""client_id"": 71, ""task_id"": 5}, {""client_id"": 85, ""task_id"": 6}, {""client_id"": 27, ""task_id"": 7}, {""client_id"": 37, ""task_id"": 8}, {""client_id"": 66, ""task_id"": 9}]","[0, 1, 2, 3, 4, 5, 6, 7, 8, 9]","[1600043, 1601040, 1602037, 1603034, 1604031, 1605028, 1606025, 1607022, 1608019, 1609016]","[""I"", ""I"", ""I"", ""I"", ""F"", ""I"", ""F"", ""F"", ""I"", ""I""]",0.3,0,0.8,2.2,4,2,8,1.0,0.125,7,3,5.47722538556659,5.4809236866406525,0.20159466197544154,0.20566985919376024,7.55698132129572e-05,7.446123119119727e-05,0.001714518056874208,0.0023253482641164293,1.0006634887259618,1.0005513142326972,5.462414870198693,5.465165612330412,0.1951518693880062,0.20846748237635093,0.00015137717820295777,0.0001587563116292141,0.004337780488297623,0.0041507350443724085,1.0004949383872601,1.0005725253112039
16,SymmetryFedPhoenix,1,47.040000915527344,47.040000915527344,6.9216577999759465,"[60, 13, 26, 12, 1, 28, 88, 86, 11, 43]","[{""client_id"": 60, ""task_id"": 0}, {""client_id"": 13, ""task_id"": 1}, {""client_id"": 26, ""task_id"": 2}, {""client_id"": 12, ""task_id"": 3}, {""client_id"": 1, ""task_id"": 4}, {""client_id"": 28, ""task_id"": 5}, {""client_id"": 88, ""task_id"": 6}, {""client_id"": 86, ""task_id"": 7}, {""client_id"": 11, ""task_id"": 8}, {""client_id"": 43, ""task_id"": 9}]","[0, 1, 2, 3, 4, 5, 6, 7, 8, 9]","[1700046, 1701043, 1702040, 1703037, 1704034, 1705031, 1706028, 1707025, 1708022, 1709019]","[""F"", ""F"", ""I"", ""I"", ""F"", ""F"", ""F"", ""I"", ""I"", ""I""]",0.5,0,0.9,2.7,6,1,9,1.0,0.4444444444444444,5,5,5.399783125401252,5.399068579194439,0.22661876789897367,0.24640719056732333,4.582350034287255e-05,1.8739158310333753e-05,0.000981588108253565,0.0005148230518129845,1.0008932587704502,1.0008750517562446,5.400579166746605,5.398558991848322,0.16651240953655874,0.1869527547248242,9.127205163375524e-05,0.00011266942162888988,0.0023132149139349816,0.0036813353437551385,1.000406303936832,1.0003556182613722
17,SymmetryFedPhoenix,1,48.40999984741211,48.40999984741211,7.160452799987979,"[93, 16, 72, 75, 10, 4, 38, 71, 42, 62]","[{""client_id"": 93, ""task_id"": 0}, {""client_id"": 16, ""task_id"": 1}, {""client_id"": 72, ""task_id"": 2}, {""client_id"": 75, ""task_id"": 3}, {""client_id"": 10, ""task_id"": 4}, {""client_id"": 4, ""task_id"": 5}, {""client_id"": 38, ""task_id"": 6}, {""client_id"": 71, ""task_id"": 7}, {""client_id"": 42, ""task_id"": 8}, {""client_id"": 62, ""task_id"": 9}]","[0, 1, 2, 3, 4, 5, 6, 7, 8, 9]","[1800049, 1801046, 1802043, 1803040, 1804037, 1805034, 1806031, 1807028, 1808025, 1809022]","[""I"", ""I"", ""I"", ""I"", ""I"", ""I"", ""I"", ""F"", ""F"", ""F""]",0.3,0,0.9,2.9,5,1,9,1.0,0.2222222222222222,7,3,5.336053729806706,5.347861708244164,0.20762026274089254,0.20948246472230245,0.00016999222289886372,0.00025442351927879,0.004195306830329587,0.004838755397393062,1.0006208690024958,1.0004750680130208,5.365154080580396,5.3647979567225725,0.21137891165388153,0.199925313929865,0.0001328698293036696,0.00015410464527212576,0.0035591482480408602,0.004283326273217163,1.0006607245041792,1.0005346166645535
18,SymmetryFedPhoenix,1,36.0099983215332,48.40999984741211,7.699448200000916,"[36, 47, 1, 64, 57, 97, 29, 6, 67, 92]","[{""client_id"": 36, ""task_id"": 0}, {""client_id"": 47, ""task_id"": 1}, {""client_id"": 1, ""task_id"": 2}, {""client_id"": 64, ""task_id"": 3}, {""client_id"": 57, ""task_id"": 4}, {""client_id"": 97, ""task_id"": 5}, {""client_id"": 29, ""task_id"": 6}, {""client_id"": 6, ""task_id"": 7}, {""client_id"": 67, ""task_id"": 8}, {""client_id"": 92, ""task_id"": 9}]","[0, 1, 2, 3, 4, 5, 6, 7, 8, 9]","[1900052, 1901049, 1902046, 1903043, 1904040, 1905037, 1906034, 1907031, 1908028, 1909025]","[""F"", ""F"", ""I"", ""I"", ""F"", ""F"", ""I"", ""F"", ""I"", ""F""]",0.6,0,0.6,2.3,7,4,6,0.75,0.5,4,6,5.28482520428733,5.286253358777649,0.17985416240769364,0.17798292473542107,0.00010339175056600595,8.547040753303342e-05,0.0031454292635714675,0.0024402848673471976,1.0004929300513363,1.000476748397455,5.25726485532089,5.252950630700038,0.306763585873899,0.2569147519257302,0.00011398589943812015,0.0001978349713323471,0.0031446204982281197,0.003978122117898626,1.002049834068007,1.0009268953462014
19,SymmetryFedPhoenix,1,44.86000061035156,48.40999984741211,8.53344869997818,"[48, 87, 17, 57, 22, 81, 4, 51, 94, 63]","[{""client_id"": 48, ""task_id"": 0}, {""client_id"": 87, ""task_id"": 1}, {""client_id"": 17, ""task_id"": 2}, {""client_id"": 57, ""task_id"": 3}, {""client_id"": 22, ""task_id"": 4}, {""client_id"": 81, ""task_id"": 5}, {""client_id"": 4, ""task_id"": 6}, {""client_id"": 51, ""task_id"": 7}, {""client_id"": 94, ""task_id"": 8}, {""client_id"": 63, ""task_id"": 9}]","[0, 1, 2, 3, 4, 5, 6, 7, 8, 9]","[2000055, 2001052, 2002049, 2003046, 2004043, 2005040, 2006037, 2007034, 2008031, 2009028]","[""F"", ""F"", ""F"", ""I"", ""F"", ""F"", ""F"", ""F"", ""I"", ""I""]",0.7,0,0.7,2.1,3,3,7,0.3333333333333333,0.8571428571428571,3,7,5.1447458322893,5.13320384762286,0.19725820315073903,0.1742606986968631,7.130343385833639e-05,2.1019710891532022e-05,0.001215631965646115,0.0007889252073189151,1.0007369342553931,1.0006360316335143,5.240636336285477,5.236686203313648,0.18720915496317106,0.19721815359219166,7.34337285525459e-05,3.830955332108979e-05,0.002177635936739484,0.001228081277881892,1.0005728332318993,1.0004844222221574
20,SymmetryFedPhoenix,1,40.88999938964844,48.40999984741211,8.593416500021704,"[9, 17, 59, 11, 2, 95, 68, 28, 60, 14]","[{""client_id"": 9, ""task_id"": 0}, {""client_id"": 17, ""task_id"": 1}, {""client_id"": 59, ""task_id"": 2}, {""client_id"": 11, ""task_id"": 3}, {""client_id"": 2, ""task_id"": 4}, {""client_id"": 95, ""task_id"": 5}, {""client_id"": 68, ""task_id"": 6}, {""client_id"": 28, ""task_id"": 7}, {""client_id"": 60, ""task_id"": 8}, {""client_id"": 14, ""task_id"": 9}]","[0, 1, 2, 3, 4, 5, 6, 7, 8, 9]","[2100058, 2101055, 2102052, 2103049, 2104046, 2105043, 2106040, 2107037, 2108034, 2109031]","[""I"", ""I"", ""I"", ""F"", ""F"", ""F"", ""F"", ""I"", ""I"", ""F""]",0.5,0,0.8,2.8,4,2,8,1.0,0.375,5,5,5.104827505512106,5.107842391393058,0.15738174638624666,0.17073439976764987,0.00010313599349663489,0.00012618043731330573,0.0021218977158189182,0.003774926362506006,1.000396130074463,1.0003706257357838,5.122034142476727,5.117271123086763,0.2605716569720345,0.23611702232090123,0.00020494140325334515,0.0001748877466735649,0.0047117230058995405,0.004641837961605141,1.001154170584098,1.000747297210864
