round,algorithm,seed,id2_step_ratio,test_accuracy,round_train_seconds,selected_clients,global_state_sha256,active_interventions,no_need_count,no_support_count,cold_start_count,no_observation_count,no_global_direction_count,mean_alpha,max_alpha,mean_local_loss,num_clients_seen,num_clients_with_observation,history_memory_bytes,dispatch_events
1,InteractionDispatchV2,1,0.0,10.100000381469727,38.31294310000021,"[80, 84, 33, 81, 93, 17, 36, 82, 69, 65]",78cc1a43e72b35867ad48e56446ed2fed24785cea66bdef59dd3ce177a39610d,0,0,0,10,0,0,0.0,0.0,0.9055170232521308,10,0,2691733280,"[{""client_id"":80,""num_visits_before"":0,""has_observation"":false,""conflict"":null,""support"":null,""total_conflict"":null,""total_support"":null,""alpha"":0.0,""effective_ratio"":0.0,""obs_input_norm"":0.0,""last_round"":null,""reason"":""cold_start"",""group_diagnostics"":{}},{""client_id"":84,""num_visits_before"":0,""has_observation"":false,""conflict"":null,""support"":null,""total_conflict"":null,""total_support"":null,""alpha"":0.0,""effective_ratio"":0.0,""obs_input_norm"":0.0,""last_round"":null,""reason"":""cold_start"",""group_diagnostics"":{}},{""client_id"":33,""num_visits_before"":0,""has_observation"":false,""conflict"":null,""support"":null,""total_conflict"":null,""total_support"":null,""alpha"":0.0,""effective_ratio"":0.0,""obs_input_norm"":0.0,""last_round"":null,""reason"":""cold_start"",""group_diagnostics"":{}},{""client_id"":81,""num_visits_before"":0,""has_observation"":false,""conflict"":null,""support"":null,""total_conflict"":null,""total_support"":null,""alpha"":0.0,""effective_ratio"":0.0,""obs_input_norm"":0.0,""last_round"":null,""reason"":""cold_start"",""group_diagnostics"":{}},{""client_id"":93,""num_visits_before"":0,""has_observation"":false,""conflict"":null,""support"":null,""total_conflict"":null,""total_support"":null,""alpha"":0.0,""effective_ratio"":0.0,""obs_input_norm"":0.0,""last_round"":null,""reason"":""cold_start"",""group_diagnostics"":{}},{""client_id"":17,""num_visits_before"":0,""has_observation"":false,""conflict"":null,""support"":null,""total_conflict"":null,""total_support"":null,""alpha"":0.0,""effective_ratio"":0.0,""obs_input_norm"":0.0,""last_round"":null,""reason"":""cold_start"",""group_diagnostics"":{}},{""client_id"":36,""num_visits_before"":0,""has_observation"":false,""conflict"":null,""support"":null,""total_conflict"":null,""total_support"":null,""alpha"":0.0,""effective_ratio"":0.0,""obs_input_norm"":0.0,""last_round"":null,""reason"":""cold_start"",""group_diagnostics"":{}},{""client_id"":82,""num_visits_before"":0,""has_observation"":false,""conflict"":null,""support"":null,""total_conflict"":null,""total_support"":null,""alpha"":0.0,""effective_ratio"":0.0,""obs_input_norm"":0.0,""last_round"":null,""reason"":""cold_start"",""group_diagnostics"":{}},{""client_id"":69,""num_visits_before"":0,""has_observation"":false,""conflict"":null,""support"":null,""total_conflict"":null,""total_support"":null,""alpha"":0.0,""effective_ratio"":0.0,""obs_input_norm"":0.0,""last_round"":null,""reason"":""cold_start"",""group_diagnostics"":{}},{""client_id"":65,""num_visits_before"":0,""has_observation"":false,""conflict"":null,""support"":null,""total_conflict"":null,""total_support"":null,""alpha"":0.0,""effective_ratio"":0.0,""obs_input_norm"":0.0,""last_round"":null,""reason"":""cold_start"",""group_diagnostics"":{}}]"
2,InteractionDispatchV2,1,0.0,12.739999771118164,23.423941000000013,"[44, 96, 1, 35, 26, 11, 38, 82, 87, 3]",e58be5884b99b3683ce500e0ba8e812babb7c182db018c36f13472b0c0938cc3,0,0,0,10,0,0,0.0,0.0,1.0486170295170703,19,1,5248879896,"[{""client_id"":44,""num_visits_before"":0,""has_observation"":false,""conflict"":null,""support"":null,""total_conflict"":null,""total_support"":null,""alpha"":0.0,""effective_ratio"":0.0,""obs_input_norm"":0.0,""last_round"":null,""reason"":""cold_start"",""group_diagnostics"":{}},{""client_id"":96,""num_visits_before"":0,""has_observation"":false,""conflict"":null,""support"":null,""total_conflict"":null,""total_support"":null,""alpha"":0.0,""effective_ratio"":0.0,""obs_input_norm"":0.0,""last_round"":null,""reason"":""cold_start"",""group_diagnostics"":{}},{""client_id"":1,""num_visits_before"":0,""has_observation"":false,""conflict"":null,""support"":null,""total_conflict"":null,""total_support"":null,""alpha"":0.0,""effective_ratio"":0.0,""obs_input_norm"":0.0,""last_round"":null,""reason"":""cold_start"",""group_diagnostics"":{}},{""client_id"":35,""num_visits_before"":0,""has_observation"":false,""conflict"":null,""support"":null,""total_conflict"":null,""total_support"":null,""alpha"":0.0,""effective_ratio"":0.0,""obs_input_norm"":0.0,""last_round"":null,""reason"":""cold_start"",""group_diagnostics"":{}},{""client_id"":26,""num_visits_before"":0,""has_observation"":false,""conflict"":null,""support"":null,""total_conflict"":null,""total_support"":null,""alpha"":0.0,""effective_ratio"":0.0,""obs_input_norm"":0.0,""last_round"":null,""reason"":""cold_start"",""group_diagnostics"":{}},{""client_id"":11,""num_visits_before"":0,""has_observation"":false,""conflict"":null,""support"":null,""total_conflict"":null,""total_support"":null,""alpha"":0.0,""effective_ratio"":0.0,""obs_input_norm"":0.0,""last_round"":null,""reason"":""cold_start"",""group_diagnostics"":{}},{""client_id"":38,""num_visits_before"":0,""has_observation"":false,""conflict"":null,""support"":null,""total_conflict"":null,""total_support"":null,""alpha"":0.0,""effective_ratio"":0.0,""obs_input_norm"":0.0,""last_round"":null,""reason"":""cold_start"",""group_diagnostics"":{}},{""client_id"":82,""num_visits_before"":1,""has_observation"":false,""conflict"":null,""support"":null,""total_conflict"":null,""total_support"":null,""alpha"":0.0,""effective_ratio"":0.0,""obs_input_norm"":0.0,""last_round"":0,""reason"":""cold_start"",""group_diagnostics"":{}},{""client_id"":87,""num_visits_before"":0,""has_observation"":false,""conflict"":null,""support"":null,""total_conflict"":null,""total_support"":null,""alpha"":0.0,""effective_ratio"":0.0,""obs_input_norm"":0.0,""last_round"":null,""reason"":""cold_start"",""group_diagnostics"":{}},{""client_id"":3,""num_visits_before"":0,""has_observation"":false,""conflict"":null,""support"":null,""total_conflict"":null,""total_support"":null,""alpha"":0.0,""effective_ratio"":0.0,""obs_input_norm"":0.0,""last_round"":null,""reason"":""cold_start"",""group_diagnostics"":{}}]"
3,InteractionDispatchV2,1,0.0,14.130000114440918,24.352531700000327,"[95, 67, 96, 71, 1, 80, 99, 45, 52, 27]",4c703a38d9c4a0cbad0bfa8fa4ad9bacea0c7d5048f3d8257589ae8e4198f8d1,0,0,0,10,0,0,0.0,0.0,0.7091536657085719,26,4,7536853184,"[{""client_id"":95,""num_visits_before"":0,""has_observation"":false,""conflict"":null,""support"":null,""total_conflict"":null,""total_support"":null,""alpha"":0.0,""effective_ratio"":0.0,""obs_input_norm"":0.0,""last_round"":null,""reason"":""cold_start"",""group_diagnostics"":{}},{""client_id"":67,""num_visits_before"":0,""has_observation"":false,""conflict"":null,""support"":null,""total_conflict"":null,""total_support"":null,""alpha"":0.0,""effective_ratio"":0.0,""obs_input_norm"":0.0,""last_round"":null,""reason"":""cold_start"",""group_diagnostics"":{}},{""client_id"":96,""num_visits_before"":1,""has_observation"":false,""conflict"":null,""support"":null,""total_conflict"":null,""total_support"":null,""alpha"":0.0,""effective_ratio"":0.0,""obs_input_norm"":0.0,""last_round"":1,""reason"":""cold_start"",""group_diagnostics"":{}},{""client_id"":71,""num_visits_before"":0,""has_observation"":false,""conflict"":null,""support"":null,""total_conflict"":null,""total_support"":null,""alpha"":0.0,""effective_ratio"":0.0,""obs_input_norm"":0.0,""last_round"":null,""reason"":""cold_start"",""group_diagnostics"":{}},{""client_id"":1,""num_visits_before"":1,""has_observation"":false,""conflict"":null,""support"":null,""total_conflict"":null,""total_support"":null,""alpha"":0.0,""effective_ratio"":0.0,""obs_input_norm"":0.0,""last_round"":1,""reason"":""cold_start"",""group_diagnostics"":{}},{""client_id"":80,""num_visits_before"":1,""has_observation"":false,""conflict"":null,""support"":null,""total_conflict"":null,""total_support"":null,""alpha"":0.0,""effective_ratio"":0.0,""obs_input_norm"":0.0,""last_round"":0,""reason"":""cold_start"",""group_diagnostics"":{}},{""client_id"":99,""num_visits_before"":0,""has_observation"":false,""conflict"":null,""support"":null,""total_conflict"":null,""total_support"":null,""alpha"":0.0,""effective_ratio"":0.0,""obs_input_norm"":0.0,""last_round"":null,""reason"":""cold_start"",""group_diagnostics"":{}},{""client_id"":45,""num_visits_before"":0,""has_observation"":false,""conflict"":null,""support"":null,""total_conflict"":null,""total_support"":null,""alpha"":0.0,""effective_ratio"":0.0,""obs_input_norm"":0.0,""last_round"":null,""reason"":""cold_start"",""group_diagnostics"":{}},{""client_id"":52,""num_visits_before"":0,""has_observation"":false,""conflict"":null,""support"":null,""total_conflict"":null,""total_support"":null,""alpha"":0.0,""effective_ratio"":0.0,""obs_input_norm"":0.0,""last_round"":null,""reason"":""cold_start"",""group_diagnostics"":{}},{""client_id"":27,""num_visits_before"":0,""has_observation"":false,""conflict"":null,""support"":null,""total_conflict"":null,""total_support"":null,""alpha"":0.0,""effective_ratio"":0.0,""obs_input_norm"":0.0,""last_round"":null,""reason"":""cold_start"",""group_diagnostics"":{}}]"
4,InteractionDispatchV2,1,0.0,21.100000381469727,26.060837099999844,"[40, 10, 96, 66, 89, 32, 95, 55, 25, 5]",936c6a2fac95f8fd2d945b00cc148ebe641e20877cd784a88a3b80381828d9d7,0,1,0,9,0,0,0.0,0.0,0.558673669006482,34,5,9824826472,"[{""client_id"":40,""num_visits_before"":0,""has_observation"":false,""conflict"":null,""support"":null,""total_conflict"":null,""total_support"":null,""alpha"":0.0,""effective_ratio"":0.0,""obs_input_norm"":0.0,""last_round"":null,""reason"":""cold_start"",""group_diagnostics"":{}},{""client_id"":10,""num_visits_before"":0,""has_observation"":false,""conflict"":null,""support"":null,""total_conflict"":null,""total_support"":null,""alpha"":0.0,""effective_ratio"":0.0,""obs_input_norm"":0.0,""last_round"":null,""reason"":""cold_start"",""group_diagnostics"":{}},{""client_id"":96,""num_visits_before"":2,""has_observation"":true,""conflict"":-0.13955077528953552,""support"":0.0769389420747757,""total_conflict"":-0.13955077528953552,""total_support"":0.0769389420747757,""alpha"":0.0,""effective_ratio"":0.0,""obs_input_norm"":0.7383242249488831,""last_round"":2,""reason"":""no_need"",""group_diagnostics"":{""features"":{""parameter_numel"":14723136,""conflict"":-0.07575031952763567,""support"":0.043129593325321736,""update_norm"":0.9215951434003197,""response_direction_projection"":0.043129593325321736},""classifier"":{""parameter_numel"":18882560,""conflict"":-0.03242212582608772,""support"":0.015664652326563555,""update_norm"":0.33789997301295754,""response_direction_projection"":0.015664652326563555},""fc"":{""parameter_numel"":40970,""conflict"":-0.03137836739915656,""support"":0.018144737667171285,""update_norm"":0.3308943660980699,""response_direction_projection"":0.018144737667171285}}},{""client_id"":66,""num_visits_before"":0,""has_observation"":false,""conflict"":null,""support"":null,""total_conflict"":null,""total_support"":null,""alpha"":0.0,""effective_ratio"":0.0,""obs_input_norm"":0.0,""last_round"":null,""reason"":""cold_start"",""group_diagnostics"":{}},{""client_id"":89,""num_visits_before"":0,""has_observation"":false,""conflict"":null,""support"":null,""total_conflict"":null,""total_support"":null,""alpha"":0.0,""effective_ratio"":0.0,""obs_input_norm"":0.0,""last_round"":null,""reason"":""cold_start"",""group_diagnostics"":{}},{""client_id"":32,""num_visits_before"":0,""has_observation"":false,""conflict"":null,""support"":null,""total_conflict"":null,""total_support"":null,""alpha"":0.0,""effective_ratio"":0.0,""obs_input_norm"":0.0,""last_round"":null,""reason"":""cold_start"",""group_diagnostics"":{}},{""client_id"":95,""num_visits_before"":1,""has_observation"":false,""conflict"":null,""support"":null,""total_conflict"":null,""total_support"":null,""alpha"":0.0,""effective_ratio"":0.0,""obs_input_norm"":0.0,""last_round"":2,""reason"":""cold_start"",""group_diagnostics"":{}},{""client_id"":55,""num_visits_before"":0,""has_observation"":false,""conflict"":null,""support"":null,""total_conflict"":null,""total_support"":null,""alpha"":0.0,""effective_ratio"":0.0,""obs_input_norm"":0.0,""last_round"":null,""reason"":""cold_start"",""group_diagnostics"":{}},{""client_id"":25,""num_visits_before"":0,""has_observation"":false,""conflict"":null,""support"":null,""total_conflict"":null,""total_support"":null,""alpha"":0.0,""effective_ratio"":0.0,""obs_input_norm"":0.0,""last_round"":null,""reason"":""cold_start"",""group_diagnostics"":{}},{""client_id"":5,""num_visits_before"":0,""has_observation"":false,""conflict"":null,""support"":null,""total_conflict"":null,""total_support"":null,""alpha"":0.0,""effective_ratio"":0.0,""obs_input_norm"":0.0,""last_round"":null,""reason"":""cold_start"",""group_diagnostics"":{}}]"
5,InteractionDispatchV2,1,0.0,39.20000076293945,20.985873500000253,"[89, 99, 45, 96, 72, 9, 74, 88, 1, 38]",1797232b6f472c8e8d6f830c0cce3ea84cdc9c1e2a03c6e7eed4d78cf9544d72,0,2,0,8,0,0,0.0,0.0,0.41425977607021813,38,9,11439866440,"[{""client_id"":89,""num_visits_before"":1,""has_observation"":false,""conflict"":null,""support"":null,""total_conflict"":null,""total_support"":null,""alpha"":0.0,""effective_ratio"":0.0,""obs_input_norm"":0.0,""last_round"":3,""reason"":""cold_start"",""group_diagnostics"":{}},{""client_id"":99,""num_visits_before"":1,""has_observation"":false,""conflict"":null,""support"":null,""total_conflict"":null,""total_support"":null,""alpha"":0.0,""effective_ratio"":0.0,""obs_input_norm"":0.0,""last_round"":2,""reason"":""cold_start"",""group_diagnostics"":{}},{""client_id"":45,""num_visits_before"":1,""has_observation"":false,""conflict"":null,""support"":null,""total_conflict"":null,""total_support"":null,""alpha"":0.0,""effective_ratio"":0.0,""obs_input_norm"":0.0,""last_round"":2,""reason"":""cold_start"",""group_diagnostics"":{}},{""client_id"":96,""num_visits_before"":3,""has_observation"":true,""conflict"":-0.14560434222221375,""support"":0.05202985182404518,""total_conflict"":-0.14560434222221375,""total_support"":0.05202985182404518,""alpha"":0.0,""effective_ratio"":0.0,""obs_input_norm"":0.779960572719574,""last_round"":3,""reason"":""no_need"",""group_diagnostics"":{""features"":{""parameter_numel"":14723136,""conflict"":-0.08767645199323226,""support"":0.04163183378006963,""update_norm"":0.9627650791620309,""response_direction_projection"":0.04163183378006963},""classifier"":{""parameter_numel"":18882560,""conflict"":-0.03038559220613024,""support"":0.004038891008093515,""update_norm"":0.31079620319037626,""response_direction_projection"":0.004038891008093515},""fc"":{""parameter_numel"":40970,""conflict"":-0.027542295400053263,""support"":0.006359120063279988,""update_norm"":0.3018145498475043,""response_direction_projection"":0.006359120063279988}}},{""client_id"":72,""num_visits_before"":0,""has_observation"":false,""conflict"":null,""support"":null,""total_conflict"":null,""total_support"":null,""alpha"":0.0,""effective_ratio"":0.0,""obs_input_norm"":0.0,""last_round"":null,""reason"":""cold_start"",""group_diagnostics"":{}},{""client_id"":9,""num_visits_before"":0,""has_observation"":false,""conflict"":null,""support"":null,""total_conflict"":null,""total_support"":null,""alpha"":0.0,""effective_ratio"":0.0,""obs_input_norm"":0.0,""last_round"":null,""reason"":""cold_start"",""group_diagnostics"":{}},{""client_id"":74,""num_visits_before"":0,""has_observation"":false,""conflict"":null,""support"":null,""total_conflict"":null,""total_support"":null,""alpha"":0.0,""effective_ratio"":0.0,""obs_input_norm"":0.0,""last_round"":null,""reason"":""cold_start"",""group_diagnostics"":{}},{""client_id"":88,""num_visits_before"":0,""has_observation"":false,""conflict"":null,""support"":null,""total_conflict"":null,""total_support"":null,""alpha"":0.0,""effective_ratio"":0.0,""obs_input_norm"":0.0,""last_round"":null,""reason"":""cold_start"",""group_diagnostics"":{}},{""client_id"":1,""num_visits_before"":2,""has_observation"":true,""conflict"":-0.0646873489022255,""support"":0.004950238391757011,""total_conflict"":-0.0646873489022255,""total_support"":0.004950238391757011,""alpha"":0.0,""effective_ratio"":0.0,""obs_input_norm"":0.7383242249488831,""last_round"":2,""reason"":""no_need"",""group_diagnostics"":{""features"":{""parameter_numel"":14723136,""conflict"":-0.023588159171566765,""support"":0.0031081519044064976,""update_norm"":0.9960587801134018,""response_direction_projection"":0.0031081519044064976},""classifier"":{""parameter_numel"":18882560,""conflict"":-0.02525766438975552,""support"":0.0013533169556581015,""update_norm"":0.3730651964615372,""response_direction_projection"":0.0013533169556581015},""fc"":{""parameter_numel"":40970,""conflict"":-0.01584153042313119,""support"":0.0004887697023150395,""update_norm"":0.36645617213266984,""response_direction_projection"":0.0004887697023150395}}},{""client_id"":38,""num_visits_before"":1,""has_observation"":false,""conflict"":null,""support"":null,""total_conflict"":null,""total_support"":null,""alpha"":0.0,""effective_ratio"":0.0,""obs_input_norm"":0.0,""last_round"":1,""reason"":""cold_start"",""group_diagnostics"":{}}]"
6,InteractionDispatchV2,1,0.0,25.530000686645508,28.248372500000187,"[0, 86, 4, 23, 24, 1, 62, 83, 66, 93]",fc9f284e606b2556cf7a4d7abb202c1120b498b36f80aa95367e0f88027558a5,0,1,0,9,0,0,0.0,0.0,0.39974897697717715,45,11,13593253064,"[{""client_id"":0,""num_visits_before"":0,""has_observation"":false,""conflict"":null,""support"":null,""total_conflict"":null,""total_support"":null,""alpha"":0.0,""effective_ratio"":0.0,""obs_input_norm"":0.0,""last_round"":null,""reason"":""cold_start"",""group_diagnostics"":{}},{""client_id"":86,""num_visits_before"":0,""has_observation"":false,""conflict"":null,""support"":null,""total_conflict"":null,""total_support"":null,""alpha"":0.0,""effective_ratio"":0.0,""obs_input_norm"":0.0,""last_round"":null,""reason"":""cold_start"",""group_diagnostics"":{}},{""client_id"":4,""num_visits_before"":0,""has_observation"":false,""conflict"":null,""support"":null,""total_conflict"":null,""total_support"":null,""alpha"":0.0,""effective_ratio"":0.0,""obs_input_norm"":0.0,""last_round"":null,""reason"":""cold_start"",""group_diagnostics"":{}},{""client_id"":23,""num_visits_before"":0,""has_observation"":false,""conflict"":null,""support"":null,""total_conflict"":null,""total_support"":null,""alpha"":0.0,""effective_ratio"":0.0,""obs_input_norm"":0.0,""last_round"":null,""reason"":""cold_start"",""group_diagnostics"":{}},{""client_id"":24,""num_visits_before"":0,""has_observation"":false,""conflict"":null,""support"":null,""total_conflict"":null,""total_support"":null,""alpha"":0.0,""effective_ratio"":0.0,""obs_input_norm"":0.0,""last_round"":null,""reason"":""cold_start"",""group_diagnostics"":{}},{""client_id"":1,""num_visits_before"":3,""has_observation"":true,""conflict"":-0.223304882645607,""support"":0.0979168713092804,""total_conflict"":-0.223304882645607,""total_support"":0.0979168713092804,""alpha"":0.0,""effective_ratio"":0.0,""obs_input_norm"":1.0771416425704956,""last_round"":4,""reason"":""no_need"",""group_diagnostics"":{""features"":{""parameter_numel"":14723136,""conflict"":-0.16071664345507491,""support"":0.0911024268217524,""update_norm"":1.0030844582671463,""response_direction_projection"":0.0911024268217524},""classifier"":{""parameter_numel"":18882560,""conflict"":-0.030907298268061822,""support"":0.002994627418956952,""update_norm"":0.29309115561170845,""response_direction_projection"":0.002994627418956952},""fc"":{""parameter_numel"":40970,""conflict"":-0.03168102808331241,""support"":0.0038198300790099893,""update_norm"":0.2789922579188272,""response_direction_projection"":0.0038198300790099893}}},{""client_id"":62,""num_visits_before"":0,""has_observation"":false,""conflict"":null,""support"":null,""total_conflict"":null,""total_support"":null,""alpha"":0.0,""effective_ratio"":0.0,""obs_input_norm"":0.0,""last_round"":null,""reason"":""cold_start"",""group_diagnostics"":{}},{""client_id"":83,""num_visits_before"":0,""has_observation"":false,""conflict"":null,""support"":null,""total_conflict"":null,""total_support"":null,""alpha"":0.0,""effective_ratio"":0.0,""obs_input_norm"":0.0,""last_round"":null,""reason"":""cold_start"",""group_diagnostics"":{}},{""client_id"":66,""num_visits_before"":1,""has_observation"":false,""conflict"":null,""support"":null,""total_conflict"":null,""total_support"":null,""alpha"":0.0,""effective_ratio"":0.0,""obs_input_norm"":0.0,""last_round"":3,""reason"":""cold_start"",""group_diagnostics"":{}},{""client_id"":93,""num_visits_before"":1,""has_observation"":false,""conflict"":null,""support"":null,""total_conflict"":null,""total_support"":null,""alpha"":0.0,""effective_ratio"":0.0,""obs_input_norm"":0.0,""last_round"":0,""reason"":""cold_start"",""group_diagnostics"":{}}]"
7,InteractionDispatchV2,1,0.0,35.86000061035156,23.713633700000173,"[6, 59, 72, 30, 91, 43, 75, 76, 15, 61]",9781dd176c0a232abf6a89dba4acaed62cfeec9218add8edbf37397b5007a458,0,0,0,10,0,0,0.0,0.0,0.42750373253780366,54,12,16150399680,"[{""client_id"":6,""num_visits_before"":0,""has_observation"":false,""conflict"":null,""support"":null,""total_conflict"":null,""total_support"":null,""alpha"":0.0,""effective_ratio"":0.0,""obs_input_norm"":0.0,""last_round"":null,""reason"":""cold_start"",""group_diagnostics"":{}},{""client_id"":59,""num_visits_before"":0,""has_observation"":false,""conflict"":null,""support"":null,""total_conflict"":null,""total_support"":null,""alpha"":0.0,""effective_ratio"":0.0,""obs_input_norm"":0.0,""last_round"":null,""reason"":""cold_start"",""group_diagnostics"":{}},{""client_id"":72,""num_visits_before"":1,""has_observation"":false,""conflict"":null,""support"":null,""total_conflict"":null,""total_support"":null,""alpha"":0.0,""effective_ratio"":0.0,""obs_input_norm"":0.0,""last_round"":4,""reason"":""cold_start"",""group_diagnostics"":{}},{""client_id"":30,""num_visits_before"":0,""has_observation"":false,""conflict"":null,""support"":null,""total_conflict"":null,""total_support"":null,""alpha"":0.0,""effective_ratio"":0.0,""obs_input_norm"":0.0,""last_round"":null,""reason"":""cold_start"",""group_diagnostics"":{}},{""client_id"":91,""num_visits_before"":0,""has_observation"":false,""conflict"":null,""support"":null,""total_conflict"":null,""total_support"":null,""alpha"":0.0,""effective_ratio"":0.0,""obs_input_norm"":0.0,""last_round"":null,""reason"":""cold_start"",""group_diagnostics"":{}},{""client_id"":43,""num_visits_before"":0,""has_observation"":false,""conflict"":null,""support"":null,""total_conflict"":null,""total_support"":null,""alpha"":0.0,""effective_ratio"":0.0,""obs_input_norm"":0.0,""last_round"":null,""reason"":""cold_start"",""group_diagnostics"":{}},{""client_id"":75,""num_visits_before"":0,""has_observation"":false,""conflict"":null,""support"":null,""total_conflict"":null,""total_support"":null,""alpha"":0.0,""effective_ratio"":0.0,""obs_input_norm"":0.0,""last_round"":null,""reason"":""cold_start"",""group_diagnostics"":{}},{""client_id"":76,""num_visits_before"":0,""has_observation"":false,""conflict"":null,""support"":null,""total_conflict"":null,""total_support"":null,""alpha"":0.0,""effective_ratio"":0.0,""obs_input_norm"":0.0,""last_round"":null,""reason"":""cold_start"",""group_diagnostics"":{}},{""client_id"":15,""num_visits_before"":0,""has_observation"":false,""conflict"":null,""support"":null,""total_conflict"":null,""total_support"":null,""alpha"":0.0,""effective_ratio"":0.0,""obs_input_norm"":0.0,""last_round"":null,""reason"":""cold_start"",""group_diagnostics"":{}},{""client_id"":61,""num_visits_before"":0,""has_observation"":false,""conflict"":null,""support"":null,""total_conflict"":null,""total_support"":null,""alpha"":0.0,""effective_ratio"":0.0,""obs_input_norm"":0.0,""last_round"":null,""reason"":""cold_start"",""group_diagnostics"":{}}]"
8,InteractionDispatchV2,1,0.0,27.450000762939453,25.908594900000026,"[44, 88, 74, 48, 59, 79, 25, 52, 45, 55]",1cac7ae093fd3780c38078f29394b67f72002c3d5a3a30ce272d25aeb11a91ba,0,1,0,9,0,0,0.0,0.0,0.34247312436029703,56,19,17630852984,"[{""client_id"":44,""num_visits_before"":1,""has_observation"":false,""conflict"":null,""support"":null,""total_conflict"":null,""total_support"":null,""alpha"":0.0,""effective_ratio"":0.0,""obs_input_norm"":0.0,""last_round"":1,""reason"":""cold_start"",""group_diagnostics"":{}},{""client_id"":88,""num_visits_before"":1,""has_observation"":false,""conflict"":null,""support"":null,""total_conflict"":null,""total_support"":null,""alpha"":0.0,""effective_ratio"":0.0,""obs_input_norm"":0.0,""last_round"":4,""reason"":""cold_start"",""group_diagnostics"":{}},{""client_id"":74,""num_visits_before"":1,""has_observation"":false,""conflict"":null,""support"":null,""total_conflict"":null,""total_support"":null,""alpha"":0.0,""effective_ratio"":0.0,""obs_input_norm"":0.0,""last_round"":4,""reason"":""cold_start"",""group_diagnostics"":{}},{""client_id"":48,""num_visits_before"":0,""has_observation"":false,""conflict"":null,""support"":null,""total_conflict"":null,""total_support"":null,""alpha"":0.0,""effective_ratio"":0.0,""obs_input_norm"":0.0,""last_round"":null,""reason"":""cold_start"",""group_diagnostics"":{}},{""client_id"":59,""num_visits_before"":1,""has_observation"":false,""conflict"":null,""support"":null,""total_conflict"":null,""total_support"":null,""alpha"":0.0,""effective_ratio"":0.0,""obs_input_norm"":0.0,""last_round"":6,""reason"":""cold_start"",""group_diagnostics"":{}},{""client_id"":79,""num_visits_before"":0,""has_observation"":false,""conflict"":null,""support"":null,""total_conflict"":null,""total_support"":null,""alpha"":0.0,""effective_ratio"":0.0,""obs_input_norm"":0.0,""last_round"":null,""reason"":""cold_start"",""group_diagnostics"":{}},{""client_id"":25,""num_visits_before"":1,""has_observation"":false,""conflict"":null,""support"":null,""total_conflict"":null,""total_support"":null,""alpha"":0.0,""effective_ratio"":0.0,""obs_input_norm"":0.0,""last_round"":3,""reason"":""cold_start"",""group_diagnostics"":{}},{""client_id"":52,""num_visits_before"":1,""has_observation"":false,""conflict"":null,""support"":null,""total_conflict"":null,""total_support"":null,""alpha"":0.0,""effective_ratio"":0.0,""obs_input_norm"":0.0,""last_round"":2,""reason"":""cold_start"",""group_diagnostics"":{}},{""client_id"":45,""num_visits_before"":2,""has_observation"":true,""conflict"":-0.042866840958595276,""support"":-0.006837100721895695,""total_conflict"":-0.042866840958595276,""total_support"":-0.006837100721895695,""alpha"":0.0,""effective_ratio"":0.0,""obs_input_norm"":1.0771416425704956,""last_round"":4,""reason"":""no_need"",""group_diagnostics"":{""features"":{""parameter_numel"":14723136,""conflict"":-0.0214584497280761,""support"":-0.0027393314895149956,""update_norm"":0.9538271622486103,""response_direction_projection"":-0.0027393314895149956},""classifier"":{""parameter_numel"":18882560,""conflict"":-0.01159886984919467,""support"":-0.0010078493587570847,""update_norm"":0.2902653294840912,""response_direction_projection"":-0.0010078493587570847},""fc"":{""parameter_numel"":40970,""conflict"":-0.00980952860754769,""support"":-0.003089918862315244,""update_norm"":0.2849843171767256,""response_direction_projection"":-0.003089918862315244}}},{""client_id"":55,""num_visits_before"":1,""has_observation"":false,""conflict"":null,""support"":null,""total_conflict"":null,""total_support"":null,""alpha"":0.0,""effective_ratio"":0.0,""obs_input_norm"":0.0,""last_round"":3,""reason"":""cold_start"",""group_diagnostics"":{}}]"
9,InteractionDispatchV2,1,0.0,37.45000076293945,24.92232720000038,"[3, 60, 35, 33, 22, 66, 45, 68, 67, 75]",f941fdf80250ccd4bca2371c3ef3b2c046e186d40305e01364a21f04d777e672,0,2,0,8,0,0,0.0,0.0,0.41756937974444897,59,24,19111306288,"[{""client_id"":3,""num_visits_before"":1,""has_observation"":false,""conflict"":null,""support"":null,""total_conflict"":null,""total_support"":null,""alpha"":0.0,""effective_ratio"":0.0,""obs_input_norm"":0.0,""last_round"":1,""reason"":""cold_start"",""group_diagnostics"":{}},{""client_id"":60,""num_visits_before"":0,""has_observation"":false,""conflict"":null,""support"":null,""total_conflict"":null,""total_support"":null,""alpha"":0.0,""effective_ratio"":0.0,""obs_input_norm"":0.0,""last_round"":null,""reason"":""cold_start"",""group_diagnostics"":{}},{""client_id"":35,""num_visits_before"":1,""has_observation"":false,""conflict"":null,""support"":null,""total_conflict"":null,""total_support"":null,""alpha"":0.0,""effective_ratio"":0.0,""obs_input_norm"":0.0,""last_round"":1,""reason"":""cold_start"",""group_diagnostics"":{}},{""client_id"":33,""num_visits_before"":1,""has_observation"":false,""conflict"":null,""support"":null,""total_conflict"":null,""total_support"":null,""alpha"":0.0,""effective_ratio"":0.0,""obs_input_norm"":0.0,""last_round"":0,""reason"":""cold_start"",""group_diagnostics"":{}},{""client_id"":22,""num_visits_before"":0,""has_observation"":false,""conflict"":null,""support"":null,""total_conflict"":null,""total_support"":null,""alpha"":0.0,""effective_ratio"":0.0,""obs_input_norm"":0.0,""last_round"":null,""reason"":""cold_start"",""group_diagnostics"":{}},{""client_id"":66,""num_visits_before"":2,""has_observation"":true,""conflict"":-0.053387220948934555,""support"":0.006457128096371889,""total_conflict"":-0.053387220948934555,""total_support"":0.006457128096371889,""alpha"":0.0,""effective_ratio"":0.0,""obs_input_norm"":0.822490394115448,""last_round"":5,""reason"":""no_need"",""group_diagnostics"":{""features"":{""parameter_numel"":14723136,""conflict"":-0.03263308719240854,""support"":0.002165266331546789,""update_norm"":1.568879290486991,""response_direction_projection"":0.002165266331546789},""classifier"":{""parameter_numel"":18882560,""conflict"":-0.014126177189609734,""support"":0.0021142962652902497,""update_norm"":0.40987970643119015,""response_direction_projection"":0.0021142962652902497},""fc"":{""parameter_numel"":40970,""conflict"":-0.006627970846238895,""support"":0.0021775671493742266,""update_norm"":0.3598093456598391,""response_direction_projection"":0.0021775671493742266}}},{""client_id"":45,""num_visits_before"":3,""has_observation"":true,""conflict"":-0.13353590667247772,""support"":0.07700502127408981,""total_conflict"":-0.13353590667247772,""total_support"":0.07700502127408981,""alpha"":0.0,""effective_ratio"":0.0,""obs_input_norm"":1.05791437625885,""last_round"":7,""reason"":""no_need"",""group_diagnostics"":{""features"":{""parameter_numel"":14723136,""conflict"":-0.11005981531757314,""support"":0.07017143557057892,""update_norm"":0.9982355355639905,""response_direction_projection"":0.07017143557057892},""classifier"":{""parameter_numel"":18882560,""conflict"":-0.010252474862596728,""support"":0.0032915844330432265,""update_norm"":0.24400712978399042,""response_direction_projection"":0.0032915844330432265},""fc"":{""parameter_numel"":40970,""conflict"":-0.013223691470557242,""support"":0.003541990522535343,""update_norm"":0.23291813281121265,""response_direction_projection"":0.003541990522535343}}},{""client_id"":68,""num_visits_before"":0,""has_observation"":false,""conflict"":null,""support"":null,""total_conflict"":null,""total_support"":null,""alpha"":0.0,""effective_ratio"":0.0,""obs_input_norm"":0.0,""last_round"":null,""reason"":""cold_start"",""group_diagnostics"":{}},{""client_id"":67,""num_visits_before"":1,""has_observation"":false,""conflict"":null,""support"":null,""total_conflict"":null,""total_support"":null,""alpha"":0.0,""effective_ratio"":0.0,""obs_input_norm"":0.0,""last_round"":2,""reason"":""cold_start"",""group_diagnostics"":{}},{""client_id"":75,""num_visits_before"":1,""has_observation"":false,""conflict"":null,""support"":null,""total_conflict"":null,""total_support"":null,""alpha"":0.0,""effective_ratio"":0.0,""obs_input_norm"":0.0,""last_round"":6,""reason"":""cold_start"",""group_diagnostics"":{}}]"
10,InteractionDispatchV2,1,0.0,33.25,29.062959200000023,"[64, 91, 12, 52, 16, 65, 50, 68, 33, 30]",a06ba9955139cebac79da10b3d8480a9e3944e93de3559acc7483864d5d745f9,0,1,1,8,0,0,0.0,0.0,0.3303577352614273,63,28,20726346256,"[{""client_id"":64,""num_visits_before"":0,""has_observation"":false,""conflict"":null,""support"":null,""total_conflict"":null,""total_support"":null,""alpha"":0.0,""effective_ratio"":0.0,""obs_input_norm"":0.0,""last_round"":null,""reason"":""cold_start"",""group_diagnostics"":{}},{""client_id"":91,""num_visits_before"":1,""has_observation"":false,""conflict"":null,""support"":null,""total_conflict"":null,""total_support"":null,""alpha"":0.0,""effective_ratio"":0.0,""obs_input_norm"":0.0,""last_round"":6,""reason"":""cold_start"",""group_diagnostics"":{}},{""client_id"":12,""num_visits_before"":0,""has_observation"":false,""conflict"":null,""support"":null,""total_conflict"":null,""total_support"":null,""alpha"":0.0,""effective_ratio"":0.0,""obs_input_norm"":0.0,""last_round"":null,""reason"":""cold_start"",""group_diagnostics"":{}},{""client_id"":52,""num_visits_before"":2,""has_observation"":true,""conflict"":0.031224975362420082,""support"":-0.011383079923689365,""total_conflict"":0.031224975362420082,""total_support"":-0.011383079923689365,""alpha"":0.0,""effective_ratio"":0.0,""obs_input_norm"":1.6366195678710938,""last_round"":7,""reason"":""no_support"",""group_diagnostics"":{""features"":{""parameter_numel"":14723136,""conflict"":0.009583882506667862,""support"":-0.010453711153896705,""update_norm"":1.6774813681513063,""response_direction_projection"":-0.010453711153896705},""classifier"":{""parameter_numel"":18882560,""conflict"":0.010233349011741666,""support"":-0.0008487013969897816,""update_norm"":0.38517788469661357,""response_direction_projection"":-0.0008487013969897816},""fc"":{""parameter_numel"":40970,""conflict"":0.01140773781662574,""support"":-8.065863221418113e-05,""update_norm"":0.3360296136703985,""response_direction_projection"":-8.065863221418113e-05}}},{""client_id"":16,""num_visits_before"":0,""has_observation"":false,""conflict"":null,""support"":null,""total_conflict"":null,""total_support"":null,""alpha"":0.0,""effective_ratio"":0.0,""obs_input_norm"":0.0,""last_round"":null,""reason"":""cold_start"",""group_diagnostics"":{}},{""client_id"":65,""num_visits_before"":1,""has_observation"":false,""conflict"":null,""support"":null,""total_conflict"":null,""total_support"":null,""alpha"":0.0,""effective_ratio"":0.0,""obs_input_norm"":0.0,""last_round"":0,""reason"":""cold_start"",""group_diagnostics"":{}},{""client_id"":50,""num_visits_before"":0,""has_observation"":false,""conflict"":null,""support"":null,""total_conflict"":null,""total_support"":null,""alpha"":0.0,""effective_ratio"":0.0,""obs_input_norm"":0.0,""last_round"":null,""reason"":""cold_start"",""group_diagnostics"":{}},{""client_id"":68,""num_visits_before"":1,""has_observation"":false,""conflict"":null,""support"":null,""total_conflict"":null,""total_support"":null,""alpha"":0.0,""effective_ratio"":0.0,""obs_input_norm"":0.0,""last_round"":8,""reason"":""cold_start"",""group_diagnostics"":{}},{""client_id"":33,""num_visits_before"":2,""has_observation"":true,""conflict"":-1.6906074285507202,""support"":0.5105365514755249,""total_conflict"":-1.6906074285507202,""total_support"":0.5105365514755249,""alpha"":0.0,""effective_ratio"":0.0,""obs_input_norm"":2.3224282264709473,""last_round"":8,""reason"":""no_need"",""group_diagnostics"":{""features"":{""parameter_numel"":14723136,""conflict"":-1.5898744937812808,""support"":0.47973938049170783,""update_norm"":2.5102684032436313,""response_direction_projection"":0.47973938049170783},""classifier"":{""parameter_numel"":18882560,""conflict"":-0.0631803222831877,""support"":0.019149866729776477,""update_norm"":0.520037526868119,""response_direction_projection"":0.019149866729776477},""fc"":{""parameter_numel"":40970,""conflict"":-0.03755136571089679,""support"":0.011647649012957118,""update_norm"":0.42706315913025905,""response_direction_projection"":0.011647649012957118}}},{""client_id"":30,""num_visits_before"":1,""has_observation"":false,""conflict"":null,""support"":null,""total_conflict"":null,""total_support"":null,""alpha"":0.0,""effective_ratio"":0.0,""obs_input_norm"":0.0,""last_round"":6,""reason"":""cold_start"",""group_diagnostics"":{}}]"
