round,transplant_probe_0.2,transplant_probe_0.5,pure_fedavg
1,11.31999969482422,11.31999969482422,10.1
2,14.949999809265137,14.949999809265137,12.74
3,20.15999984741211,20.15999984741211,14.13
4,18.1200008392334,18.1200008392334,21.1
5,39.68000030517578,39.68000030517578,39.200001
6,25.229999542236328,25.229999542236328,25.530001
7,37.66999816894531,37.66999816894531,35.860001
8,26.979999542236328,26.979999542236328,27.450001
9,35.15999984741211,35.15999984741211,37.450001
10,31.809999465942383,31.809999465942383,33.25
11,42.09999847412109,42.09999847412109,45.34
12,39.66999816894531,39.66999816894531,40.439999
13,37.68999862670898,37.68999862670898,44.630001
14,47.43999862670898,47.43999862670898,48.48
15,46.93000030517578,46.93000030517578,47.860001
16,52.43000030517578,52.43000030517578,51.560001
17,52.220001220703125,52.220001220703125,50.029999
18,33.91999816894531,33.91999816894531,39.619999
19,46.02999877929688,46.02999877929688,47.450001
20,42.95000076293945,42.95000076293945,46.130001
21,52.09000015258789,52.09000015258789,52.900002
22,58.4900016784668,58.4900016784668,59.59
23,51.25,51.25,50.73
24,50.290000915527344,50.290000915527344,55.380001
25,54.380001068115234,54.380001068115234,57.349998
26,52.540000915527344,52.540000915527344,54.709999
27,58.459999084472656,58.459999084472656,55.59
28,54.560001373291016,54.560001373291016,54.580002
29,51.29999923706055,51.29999923706055,51.380001
30,59.25,59.25,57.099998
31,58.79999923706055,58.79999923706055,59.209999
32,57.90999984741211,57.90999984741211,61.259998
33,59.369998931884766,59.369998931884766,58.990002
34,66.4000015258789,66.4000015258789,66.949997
35,55.040000915527344,55.040000915527344,56.439999
36,56.47999954223633,56.47999954223633,57.32
37,62.59999847412109,62.59999847412109,64.279999
38,61.83000183105469,61.83000183105469,60.810001
39,57.9900016784668,57.9900016784668,59.299999
40,65.41999816894531,65.41999816894531,66.279999
41,65.5999984741211,65.5999984741211,67.559998
42,62.93000030517578,62.93000030517578,60.830002
43,59.93000030517578,59.93000030517578,61.240002
44,65.04000091552734,65.04000091552734,60.610001
45,56.880001068115234,56.880001068115234,57.310001
46,66.87999725341797,66.87999725341797,66.220001
47,63.02000045776367,63.02000045776367,62.959999
48,63.18999862670898,63.18999862670898,63.68
49,62.68000030517578,62.68000030517578,61.099998
50,63.0099983215332,63.0099983215332,62.91
51,60.20000076293945,60.20000076293945,60.389999
52,64.29000091552734,64.29000091552734,64.129997
53,59.650001525878906,59.650001525878906,63.689999
54,51.130001068115234,51.130001068115234,53.990002
55,67.79000091552734,67.79000091552734,66.779999
56,66.66999816894531,66.66999816894531,65.800003
57,62.59999847412109,62.59999847412109,62.220001
58,52.59000015258789,52.59000015258789,49.759998
59,62.90999984741211,62.90999984741211,63.470001
60,66.70999908447266,66.70999908447266,67.059998
61,67.83999633789062,67.83999633789062,67.239998
62,65.02999877929688,65.02999877929688,66.099998
63,64.5999984741211,64.5999984741211,66.260002
64,64.80000305175781,64.80000305175781,64.800003
65,66.02999877929688,66.02999877929688,65.279999
66,66.43000030517578,66.43000030517578,66.309998
67,62.04999923706055,62.04999923706055,64.410004
68,58.290000915527344,58.290000915527344,58.860001
69,69.3499984741211,69.3499984741211,69.050003
70,62.59000015258789,62.59000015258789,62.830002
71,61.400001525878906,61.400001525878906,61.630001
72,65.08000183105469,65.08000183105469,66.099998
73,66.41000366210938,66.41000366210938,66.980003
74,66.69000244140625,66.69000244140625,66.099998
75,71.66000366210938,71.66000366210938,71.260002
76,62.0,62.0,61.540001
77,67.20999908447266,67.20999908447266,65.019997
78,65.87999725341797,65.87999725341797,67.150002
79,66.58999633789062,66.58999633789062,66.650002
80,64.58000183105469,64.58000183105469,68.160004
81,66.12000274658203,66.12000274658203,65.290001
82,66.1500015258789,66.1500015258789,66.760002
83,68.51000213623047,68.51000213623047,67.410004
84,64.93000030517578,64.93000030517578,64.449997
85,67.08999633789062,67.08999633789062,66.650002
86,64.4800033569336,64.4800033569336,66.860001
87,66.06999969482422,66.06999969482422,66.279999
88,69.36000061035156,69.36000061035156,70.349998
89,71.0199966430664,71.0199966430664,71.480003
90,70.11000061035156,70.11000061035156,68.889999
91,68.37000274658203,68.37000274658203,68.199997
92,68.01000213623047,68.01000213623047,68.199997
93,66.16000366210938,66.16000366210938,64.110001
94,69.55000305175781,69.55000305175781,68.699997
95,69.5999984741211,69.5999984741211,68.970001
96,67.8499984741211,67.8499984741211,68.0
97,68.66999816894531,68.66999816894531,66.870003
98,66.98999786376953,66.98999786376953,64.690002
99,64.9000015258789,64.9000015258789,64.730003
100,63.2599983215332,63.2599983215332,62.970001
101,68.3499984741211,68.3499984741211,66.849998
102,71.91999816894531,71.91999816894531,70.879997
103,70.87000274658203,70.87000274658203,71.800003
104,69.87000274658203,69.87000274658203,70.5
105,70.44000244140625,70.44000244140625,70.260002
106,66.93000030517578,66.93000030517578,67.57
107,54.540000915527344,54.540000915527344,58.630001
108,70.30999755859375,70.30999755859375,69.400002
109,71.55000305175781,71.55000305175781,70.870003
110,69.83999633789062,69.83999633789062,71.010002
111,70.44000244140625,70.44000244140625,71.209999
112,70.81999969482422,70.81999969482422,70.589996
113,68.33999633789062,68.33999633789062,69.959999
114,68.69000244140625,68.69000244140625,67.610001
115,63.16999816894531,63.16999816894531,64.610001
116,70.97000122070312,70.97000122070312,70.709999
117,65.30999755859375,65.30999755859375,64.199997
118,68.2699966430664,68.2699966430664,68.720001
119,63.22999954223633,63.22999954223633,64.879997
120,69.25,69.25,68.669998
121,71.56999969482422,71.56999969482422,72.5
122,69.0199966430664,69.0199966430664,67.0
123,72.01000213623047,72.01000213623047,69.730003
124,62.04999923706055,62.04999923706055,61.790001
125,62.68000030517578,62.68000030517578,62.459999
126,64.29000091552734,64.29000091552734,64.239998
127,71.19999694824219,71.19999694824219,70.360001
128,68.23999786376953,68.23999786376953,68.919998
129,71.02999877929688,71.02999877929688,72.279999
130,68.55999755859375,68.55999755859375,67.419998
131,66.27999877929688,66.27999877929688,66.190002
132,74.20999908447266,74.20999908447266,72.269997
133,69.30999755859375,69.30999755859375,67.949997
134,72.97000122070312,72.97000122070312,71.330002
135,66.58000183105469,66.58000183105469,67.660004
136,59.38999938964844,59.38999938964844,63.73
137,72.11000061035156,72.11000061035156,71.540001
138,73.44999694824219,73.44999694824219,73.099998
139,69.68000030517578,69.68000030517578,70.839996
140,71.66999816894531,71.66999816894531,71.510002
141,72.9000015258789,72.9000015258789,72.019997
142,66.69999694824219,66.69999694824219,63.93
143,61.41999816894531,61.41999816894531,61.66
144,71.41000366210938,71.41000366210938,72.199997
145,71.69999694824219,71.69999694824219,67.970001
146,61.70000076293945,61.70000076293945,62.799999
147,70.73999786376953,70.73999786376953,71.290001
148,70.51000213623047,70.51000213623047,71.599998
149,71.54000091552734,71.54000091552734,68.830002
150,71.19000244140625,71.19000244140625,72.519997
151,63.4900016784668,63.4900016784668,63.939999
152,68.11000061035156,68.11000061035156,63.580002
153,71.55999755859375,71.55999755859375,71.709999
154,69.77999877929688,69.77999877929688,73.120003
155,69.56999969482422,69.56999969482422,70.760002
156,70.51000213623047,70.51000213623047,70.849998
157,59.880001068115234,59.880001068115234,63.369999
158,67.5999984741211,67.5999984741211,70.910004
159,70.0199966430664,70.0199966430664,70.209999
160,68.62999725341797,68.62999725341797,70.510002
161,73.41999816894531,73.41999816894531,72.440002
162,72.01000213623047,72.01000213623047,70.739998
163,65.9800033569336,65.9800033569336,66.540001
164,70.3499984741211,70.3499984741211,70.050003
165,72.9000015258789,72.9000015258789,72.559998
166,72.33000183105469,72.33000183105469,71.360001
167,70.80999755859375,70.80999755859375,67.849998
168,70.5199966430664,70.5199966430664,70.599998
169,72.12000274658203,72.12000274658203,71.690002
170,70.6500015258789,70.6500015258789,70.779999
171,69.7300033569336,69.7300033569336,66.269997
172,70.08000183105469,70.08000183105469,68.68
173,68.1500015258789,68.1500015258789,67.309998
174,68.77999877929688,68.77999877929688,67.25
175,72.45999908447266,72.45999908447266,71.080002
176,71.80000305175781,71.80000305175781,71.300003
177,69.69000244140625,69.69000244140625,67.989998
178,69.75,69.75,69.029999
179,74.02999877929688,74.02999877929688,72.970001
180,70.48999786376953,70.48999786376953,72.029999
181,70.36000061035156,70.36000061035156,70.860001
182,66.08999633789062,66.08999633789062,65.599998
183,73.16999816894531,73.16999816894531,73.419998
184,71.13999938964844,71.13999938964844,71.599998
185,74.02999877929688,74.02999877929688,70.769997
186,68.3499984741211,68.3499984741211,68.949997
187,68.1500015258789,68.1500015258789,66.559998
188,70.3499984741211,70.3499984741211,72.370003
189,67.91000366210938,67.91000366210938,65.849998
190,70.54000091552734,70.54000091552734,68.68
191,66.44000244140625,66.44000244140625,62.209999
192,69.19000244140625,69.19000244140625,68.800003
193,74.26000213623047,74.26000213623047,72.779999
194,66.36000061035156,66.36000061035156,69.589996
195,71.23999786376953,71.23999786376953,71.879997
196,73.93000030517578,73.93000030517578,73.559998
197,54.41999816894531,54.41999816894531,66.519997
198,69.77999877929688,69.77999877929688,69.419998
199,59.9900016784668,59.9900016784668,63.759998
200,58.290000915527344,58.290000915527344,56.740002
201,68.66999816894531,68.66999816894531,68.610001
202,68.2699966430664,68.2699966430664,71.129997
203,59.88999938964844,59.88999938964844,62.740002
204,71.08999633789062,71.08999633789062,71.010002
205,69.01000213623047,69.01000213623047,67.809998
206,71.76000213623047,71.76000213623047,72.209999
207,68.19999694824219,68.19999694824219,67.800003
208,69.94999694824219,69.94999694824219,66.290001
209,70.58999633789062,70.58999633789062,71.980003
210,70.83999633789062,70.83999633789062,71.879997
211,67.98999786376953,67.98999786376953,67.349998
212,74.87999725341797,74.87999725341797,75.139999
213,72.06999969482422,72.06999969482422,72.739998
214,73.19000244140625,73.19000244140625,73.330002
215,72.9800033569336,72.9800033569336,73.480003
216,71.52999877929688,71.52999877929688,72.339996
217,62.75,62.75,61.560001
218,73.52999877929688,73.52999877929688,72.550003
219,72.94000244140625,72.94000244140625,70.529999
220,63.720001220703125,63.720001220703125,71.410004
221,66.36000061035156,66.36000061035156,69.120003
222,62.959999084472656,62.959999084472656,63.259998
223,73.18000030517578,73.18000030517578,74.019997
224,72.01000213623047,72.01000213623047,72.900002
225,67.33999633789062,67.33999633789062,64.809998
226,67.52999877929688,67.52999877929688,66.860001
227,72.12000274658203,72.12000274658203,70.190002
228,67.61000061035156,67.61000061035156,59.630001
229,63.650001525878906,63.650001525878906,68.190002
230,72.2300033569336,72.2300033569336,72.970001
231,66.69999694824219,66.69999694824219,70.800003
232,70.56999969482422,70.56999969482422,72.980003
233,69.22000122070312,69.22000122070312,69.93
234,61.13999938964844,61.13999938964844,69.57
235,62.470001220703125,62.470001220703125,64.050003
236,73.83000183105469,73.83000183105469,73.910004
237,70.94999694824219,70.94999694824219,70.150002
238,70.16999816894531,70.16999816894531,69.839996
239,72.19000244140625,72.19000244140625,72.699997
240,65.91999816894531,65.91999816894531,64.489998
241,71.95999908447266,71.95999908447266,70.639999
242,74.18000030517578,74.18000030517578,73.169998
243,72.80000305175781,72.80000305175781,70.290001
244,73.01000213623047,73.01000213623047,70.120003
245,75.11000061035156,75.11000061035156,74.269997
246,74.37999725341797,74.37999725341797,73.68
247,55.810001373291016,55.810001373291016,48.860001
248,71.38999938964844,71.38999938964844,68.050003
249,65.80000305175781,65.80000305175781,67.550003
250,72.05000305175781,72.05000305175781,71.110001
251,73.62999725341797,73.62999725341797,72.309998
252,69.3499984741211,69.3499984741211,70.269997
253,67.6500015258789,67.6500015258789,66.580002
254,69.12000274658203,69.12000274658203,66.75
255,75.13999938964844,75.13999938964844,74.160004
256,55.81999969482422,55.81999969482422,69.050003
257,67.52999877929688,67.52999877929688,69.010002
258,68.16000366210938,68.16000366210938,69.629997
259,70.04000091552734,70.04000091552734,69.940002
260,73.08999633789062,73.08999633789062,73.269997
261,73.05999755859375,73.05999755859375,72.120003
262,73.4000015258789,73.4000015258789,74.389999
263,68.9800033569336,68.9800033569336,69.239998
264,72.23999786376953,72.23999786376953,71.5
265,72.11000061035156,72.11000061035156,71.110001
266,72.69999694824219,72.69999694824219,71.18
267,70.88999938964844,70.88999938964844,70.110001
268,55.56999969482422,55.56999969482422,61.16
269,68.61000061035156,68.61000061035156,69.43
270,66.94000244140625,66.94000244140625,63.970001
271,68.19000244140625,68.19000244140625,66.980003
272,69.97000122070312,69.97000122070312,65.879997
273,68.23999786376953,68.23999786376953,60.59
274,47.29999923706055,47.29999923706055,59.16
275,73.0,73.0,71.410004
276,70.27999877929688,70.27999877929688,65.139999
277,73.13999938964844,73.13999938964844,73.470001
278,71.61000061035156,71.61000061035156,70.239998
279,75.0999984741211,75.0999984741211,74.120003
280,73.33999633789062,73.33999633789062,72.529999
281,69.2300033569336,69.2300033569336,71.529999
282,68.70999908447266,68.70999908447266,68.629997
283,72.94999694824219,72.94999694824219,72.970001
284,72.0199966430664,72.0199966430664,72.989998
285,71.5,71.5,73.860001
286,63.2400016784668,63.2400016784668,69.019997
287,69.9800033569336,69.9800033569336,71.879997
288,72.30000305175781,72.30000305175781,72.82
289,70.7699966430664,70.7699966430664,70.57
290,73.9000015258789,73.9000015258789,74.629997
291,71.9800033569336,71.9800033569336,72.309998
292,69.33000183105469,69.33000183105469,71.830002
293,68.87000274658203,68.87000274658203,70.459999
294,69.9800033569336,69.9800033569336,68.940002
295,68.83000183105469,68.83000183105469,54.82
296,72.11000061035156,72.11000061035156,70.68
297,73.81999969482422,73.81999969482422,73.620003
298,63.13999938964844,63.13999938964844,67.860001
299,70.30999755859375,70.30999755859375,69.349998
300,73.2699966430664,73.2699966430664,73.120003
301,74.47000122070312,74.47000122070312,73.660004
302,67.68000030517578,67.68000030517578,63.73
303,72.97000122070312,72.97000122070312,70.769997
304,70.4800033569336,70.4800033569336,69.93
305,73.72000122070312,73.72000122070312,73.449997
306,71.91999816894531,71.91999816894531,70.760002
307,70.91999816894531,70.91999816894531,68.099998
308,70.86000061035156,70.86000061035156,68.699997
309,73.4800033569336,73.4800033569336,71.160004
310,74.70999908447266,74.70999908447266,75.099998
311,71.36000061035156,71.36000061035156,74.800003
312,73.05999755859375,73.05999755859375,70.860001
313,73.2699966430664,73.2699966430664,73.879997
314,73.72000122070312,73.72000122070312,74.559998
315,72.4000015258789,72.4000015258789,71.860001
316,69.19000244140625,69.19000244140625,72.510002
317,68.08000183105469,68.08000183105469,71.010002
318,67.51000213623047,67.51000213623047,66.919998
319,58.56999969482422,58.56999969482422,59.82
320,62.68999862670898,62.68999862670898,64.599998
321,68.4800033569336,68.4800033569336,65.669998
322,67.5999984741211,67.5999984741211,72.25
323,71.7300033569336,71.7300033569336,71.489998
324,73.61000061035156,73.61000061035156,71.800003
325,75.56999969482422,75.56999969482422,74.25
326,73.70999908447266,73.70999908447266,73.709999
327,74.93000030517578,74.93000030517578,73.790001
328,72.72000122070312,72.72000122070312,73.040001
329,75.73999786376953,75.73999786376953,74.610001
330,74.31999969482422,74.31999969482422,73.900002
331,68.3499984741211,68.3499984741211,67.870003
332,70.06999969482422,70.06999969482422,71.209999
333,74.38999938964844,74.38999938964844,72.709999
334,73.4800033569336,73.4800033569336,73.540001
335,74.19000244140625,74.19000244140625,74.360001
336,75.48999786376953,75.48999786376953,74.730003
337,75.30999755859375,75.30999755859375,74.489998
338,74.7300033569336,74.7300033569336,74.779999
339,73.80999755859375,73.80999755859375,71.529999
340,74.38999938964844,74.38999938964844,73.980003
341,70.43000030517578,70.43000030517578,71.5
342,73.0199966430664,73.0199966430664,73.559998
343,60.95000076293945,60.95000076293945,61.27
344,69.68000030517578,69.68000030517578,69.07
345,73.16000366210938,73.16000366210938,70.239998
346,76.16999816894531,76.16999816894531,74.650002
347,72.37000274658203,72.37000274658203,68.199997
348,72.36000061035156,72.36000061035156,68.309998
349,76.08999633789062,76.08999633789062,74.690002
350,76.2300033569336,76.2300033569336,75.120003
351,71.72000122070312,71.72000122070312,69.080002
352,75.0199966430664,75.0199966430664,74.169998
353,73.08000183105469,73.08000183105469,73.169998
354,74.44000244140625,74.44000244140625,74.5
355,72.0,72.0,64.110001
356,51.77999877929688,51.77999877929688,69.75
357,73.45999908447266,73.45999908447266,71.25
358,73.45999908447266,73.45999908447266,72.669998
359,66.08000183105469,66.08000183105469,65.669998
360,73.41000366210938,73.41000366210938,69.629997
361,71.06999969482422,71.06999969482422,69.529999
362,69.20999908447266,69.20999908447266,69.300003
363,69.73999786376953,69.73999786376953,69.849998
364,69.16000366210938,69.16000366210938,67.699997
365,67.30000305175781,67.30000305175781,65.779999
366,71.47000122070312,71.47000122070312,68.099998
367,73.45999908447266,73.45999908447266,70.449997
368,75.4800033569336,75.4800033569336,74.029999
369,72.55000305175781,72.55000305175781,71.5
370,69.4000015258789,69.4000015258789,69.089996
371,75.56999969482422,75.56999969482422,74.410004
372,72.05999755859375,72.05999755859375,72.449997
373,67.11000061035156,67.11000061035156,69.489998
374,67.19999694824219,67.19999694824219,69.550003
375,66.38999938964844,66.38999938964844,68.489998
376,73.05000305175781,73.05000305175781,73.199997
377,65.06999969482422,65.06999969482422,67.440002
378,71.36000061035156,71.36000061035156,72.809998
379,72.9800033569336,72.9800033569336,72.669998
380,75.02999877929688,75.02999877929688,75.160004
381,73.26000213623047,73.26000213623047,74.900002
382,74.08000183105469,74.08000183105469,74.43
383,68.72000122070312,68.72000122070312,68.25
384,74.66000366210938,74.66000366210938,73.449997
385,71.79000091552734,71.79000091552734,72.519997
386,74.91000366210938,74.91000366210938,74.419998
387,75.5999984741211,75.5999984741211,74.889999
388,75.70999908447266,75.70999908447266,74.5
389,76.51000213623047,76.51000213623047,75.139999
390,72.11000061035156,72.11000061035156,71.980003
391,71.05000305175781,71.05000305175781,72.410004
392,72.20999908447266,72.20999908447266,65.949997
393,75.0999984741211,75.0999984741211,72.07
394,70.23999786376953,70.23999786376953,68.18
395,71.68000030517578,71.68000030517578,70.32
396,63.15999984741211,63.15999984741211,65.690002
397,73.97000122070312,73.97000122070312,74.43
398,74.41999816894531,74.41999816894531,73.010002
399,70.7300033569336,70.7300033569336,63.509998
400,71.1500015258789,71.1500015258789,69.150002
401,73.19999694824219,73.19999694824219,72.410004
402,67.30999755859375,67.30999755859375,67.720001
403,64.20999908447266,64.20999908447266,56.889999
404,73.18000030517578,73.18000030517578,70.57
405,71.27999877929688,71.27999877929688,70.849998
406,71.9000015258789,71.9000015258789,71.029999
407,72.62000274658203,72.62000274658203,68.599998
408,71.76000213623047,71.76000213623047,73.860001
409,71.62000274658203,71.62000274658203,74.93
410,66.54000091552734,66.54000091552734,67.720001
411,73.27999877929688,73.27999877929688,73.379997
412,63.38999938964844,63.38999938964844,65.970001
413,74.94000244140625,74.94000244140625,73.360001
414,75.08999633789062,75.08999633789062,75.510002
415,74.45999908447266,74.45999908447266,74.669998
416,69.91000366210938,69.91000366210938,70.029999
417,74.13999938964844,74.13999938964844,74.550003
418,70.01000213623047,70.01000213623047,71.900002
419,73.83999633789062,73.83999633789062,73.760002
420,75.51000213623047,75.51000213623047,75.18
421,74.66000366210938,74.66000366210938,73.93
422,73.79000091552734,73.79000091552734,72.75
423,74.47000122070312,74.47000122070312,73.970001
424,73.80999755859375,73.80999755859375,74.389999
425,75.27999877929688,75.27999877929688,75.410004
426,64.31999969482422,64.31999969482422,69.360001
427,71.06999969482422,71.06999969482422,73.43
428,70.37000274658203,70.37000274658203,73.620003
429,66.36000061035156,66.36000061035156,71.68
430,69.33000183105469,69.33000183105469,74.870003
431,73.06999969482422,73.06999969482422,75.269997
432,74.22000122070312,74.22000122070312,74.610001
433,75.45999908447266,75.45999908447266,75.120003
434,75.91000366210938,75.91000366210938,73.980003
435,73.94999694824219,73.94999694824219,74.529999
436,72.4000015258789,72.4000015258789,71.580002
437,75.12000274658203,75.12000274658203,75.559998
438,75.4800033569336,75.4800033569336,75.800003
439,76.44000244140625,76.44000244140625,75.459999
440,70.88999938964844,70.88999938964844,72.639999
441,74.37999725341797,74.37999725341797,73.889999
442,76.08000183105469,76.08000183105469,75.089996
443,73.01000213623047,73.01000213623047,73.5
444,71.66000366210938,71.66000366210938,68.349998
445,73.11000061035156,73.11000061035156,72.830002
446,73.72000122070312,73.72000122070312,74.300003
447,75.36000061035156,75.36000061035156,73.199997
448,75.02999877929688,75.02999877929688,74.769997
449,73.41999816894531,73.41999816894531,70.260002
450,76.05999755859375,76.05999755859375,76.07
451,68.4000015258789,68.4000015258789,74.239998
452,75.45999908447266,75.45999908447266,76.139999
453,75.41000366210938,75.41000366210938,75.669998
454,75.83999633789062,75.83999633789062,68.470001
455,76.20999908447266,76.20999908447266,74.550003
456,75.68000030517578,75.68000030517578,73.599998
457,76.23999786376953,76.23999786376953,75.610001
458,74.5199966430664,74.5199966430664,73.449997
459,75.80999755859375,75.80999755859375,76.190002
460,69.13999938964844,69.13999938964844,72.239998
461,74.08000183105469,74.08000183105469,75.510002
462,75.70999908447266,75.70999908447266,75.639999
463,76.44000244140625,76.44000244140625,76.089996
464,71.55000305175781,71.55000305175781,69.510002
465,72.76000213623047,72.76000213623047,71.190002
466,75.69999694824219,75.69999694824219,75.68
467,74.5199966430664,74.5199966430664,71.889999
468,75.11000061035156,75.11000061035156,65.830002
469,72.2699966430664,72.2699966430664,68.18
470,73.41000366210938,73.41000366210938,72.620003
471,74.0,74.0,70.18
472,75.30000305175781,75.30000305175781,74.639999
473,75.16999816894531,75.16999816894531,74.190002
474,74.55000305175781,74.55000305175781,73.989998
475,69.58000183105469,69.58000183105469,72.300003
476,73.72000122070312,73.72000122070312,75.139999
477,75.69999694824219,75.69999694824219,75.290001
478,74.30000305175781,74.30000305175781,72.669998
479,75.68000030517578,75.68000030517578,75.349998
480,75.94000244140625,75.94000244140625,72.260002
481,74.25,74.25,74.82
482,75.26000213623047,75.26000213623047,70.440002
483,73.9000015258789,73.9000015258789,71.739998
484,75.30000305175781,75.30000305175781,74.440002
485,74.19000244140625,74.19000244140625,74.559998
486,50.040000915527344,50.040000915527344,72.089996
487,69.25,69.25,74.139999
488,73.25,73.25,75.510002
489,74.94999694824219,74.94999694824219,75.75
490,73.91000366210938,73.91000366210938,75.160004
491,68.62000274658203,68.62000274658203,73.18
492,75.30999755859375,75.30999755859375,75.830002
493,75.58000183105469,75.58000183105469,75.980003
494,73.9000015258789,73.9000015258789,71.830002
495,75.79000091552734,75.79000091552734,74.690002
496,71.55000305175781,71.55000305175781,74.269997
497,73.77999877929688,73.77999877929688,65.949997
498,75.63999938964844,75.63999938964844,67.470001
499,68.30000305175781,68.30000305175781,62.220001
500,73.86000061035156,73.86000061035156,73.610001
