run,stage,scope,metric,n,mean,std,median,q05,q25,q75,q95,sem,ci95_low,ci95_high,positive_fraction,t_statistic_vs_zero,p_value_vs_zero
probe_0.2,overall,all,norm_WA_minus_Wt,1000,0.9985194782403032,0.7867471658950925,0.8646632631774702,0.22930078410469412,0.5324984210032842,1.2368622823577626,2.09660776446433,0.024879129869108372,0.9496981301812282,1.0473408262993782,1.0,40.13482318286916,1.5627122527152678e-210
probe_0.2,overall,all,norm_WB_minus_Wt,1000,1.0056000508459604,0.7605125910780368,0.8731046465049987,0.25049950584288894,0.5731762974826585,1.2238798420689698,1.9976660614895922,0.02404951977042846,0.9584066810801,1.0527934206118208,1.0,41.81372686212457,1.1025148944223711e-221
probe_0.2,overall,all,norm_WBA_minus_WB,1000,1.4111743049903867,0.6500687943303244,1.370833892046922,0.4869315606727472,1.1288492852072662,1.6580258235031733,2.2117093847546188,0.020556980258833776,1.3708344903127754,1.451514119667998,1.0,68.64696503193724,0.0
probe_0.2,overall,all,norm_WB_minus_WA,1000,1.4872181870609673,0.9801464745944037,1.2990483573589895,0.44988167234911386,0.916885473842395,1.8376217335512681,2.9172851990623223,0.03099495300302677,1.4263955056972453,1.5480408684246894,1.0,47.982592098647,1.5066560379533023e-261
probe_0.2,overall,all,norm_WBA_minus_WA,1000,1.8750409654972395,1.0456775176040496,1.754449233577752,0.5657519223473908,1.3489131068155322,2.1932985968657244,3.2420744602058247,0.033067226536596134,1.8101517758597847,1.9399301551346944,1.0,56.70390782311591,0.0
probe_0.2,overall,all,recovery_pull_score,1000,-0.3487180694692024,0.40644552468676104,-0.2167595118256821,-1.1379638074932672,-0.47486000806580064,-0.09988555964511085,-0.0028798590240488066,0.0128529360279236,-0.37393991873409277,-0.32349622020431207,0.047,-27.131393847413246,6.705874792767891e-122
probe_0.2,overall,all,cos_WBA_minus_WB__WA_minus_Wt,1000,0.24979681912571033,0.1434747738689376,0.2175477462680102,0.08931059978928864,0.15385964255187534,0.2985941633147382,0.5274931966293015,0.004537070722034513,0.24089353713576733,0.25870010111565334,0.999,55.056849326275525,7.638998857470931e-305
probe_0.2,overall,all,cos_WBA_minus_WB__WB_minus_Wt,1000,-0.07497127658739106,0.04110649983065486,-0.0681984939441066,-0.15631393800906496,-0.09638679035340944,-0.047317558155773425,-0.02029143388863439,0.0012999016610219514,-0.07752212751221067,-0.07242042566257144,0.008,-57.67457557400953,0.0
probe_0.2,overall,all,cos_WBA_minus_Wt__WA_minus_Wt,1000,0.22473204772578867,0.13653593280197737,0.1956299538545762,0.07102565209887345,0.13841553675396395,0.2709573228523016,0.4810108403350017,0.004317645301099441,0.21625935333697321,0.23320474211460412,0.996,52.04967801976765,9.074719973886605e-287
probe_0.2,overall,all,cos_WBA_minus_Wt__WB_minus_Wt,1000,0.49804169079552424,0.19767069236476784,0.48956574261350166,0.17266805563464,0.35371159736218794,0.6315078600254753,0.8363888290121815,0.006250896145351216,0.48577529812026227,0.5103080834707862,1.0,79.67524643101251,0.0
probe_0.2,overall,conv,norm_WA_minus_Wt,1000,0.9742725296635963,0.7660137647126278,0.8448318378002906,0.22465696083858286,0.5266874615685293,1.2071904384867342,2.064186725218543,0.024223482155322204,0.9267377862971813,1.0218072730300114,1.0,40.22016832330345,4.2095672700741095e-211
probe_0.2,overall,conv,norm_WB_minus_Wt,1000,0.9815906858346085,0.7384187762208914,0.8544553309022318,0.2473052424786498,0.5651035805554285,1.2056738939084826,1.9381129636017862,0.023350851998921986,0.935768340804333,1.0274130308648841,1.0,42.03661116433459,3.723009087307232e-223
probe_0.2,overall,conv,norm_WBA_minus_WB,1000,1.359008828485709,0.6344036867729154,1.301346513075798,0.47416550040708394,1.0601118488981576,1.5996610848006652,2.153541145893003,0.020061606062104484,1.319641107133115,1.3983765498383027,1.0,67.74177622063961,0.0
probe_0.2,overall,conv,norm_WB_minus_WA,1000,1.4535587735588025,0.9515474450470848,1.2677828815381078,0.4424027493762581,0.89719239725323,1.7994234778429576,2.7980066518239735,0.030090572280626948,1.3945107959832954,1.5126067511343095,1.0,48.30611927226919,1.3795538315130226e-263
probe_0.2,overall,conv,norm_WBA_minus_WA,1000,1.8477169516445606,1.0262942704624314,1.734083855273047,0.563139229752843,1.331774142347731,2.168980053314209,3.1778063434810284,0.032454274442421514,1.7840305833151933,1.911403319973928,1.0,56.93293051190137,0.0
probe_0.2,overall,conv,recovery_pull_score,1000,-0.3576849469559909,0.4074629014724684,-0.22597828258230773,-1.1525298577667065,-0.47591293758302433,-0.11547878917918794,-0.005208972103364781,0.012885108306737763,-0.38296992921749745,-0.33239996469448435,0.041,-27.75956076123579,3.566055884668613e-126
probe_0.2,overall,conv,cos_WBA_minus_WB__WA_minus_Wt,1000,0.23386499091899846,0.14551665077758652,0.19929209773152173,0.07538976096849596,0.13957808629556392,0.28327136734075764,0.5167705390959817,0.004601640539364855,0.2248350008993703,0.2428949809386266,0.999,50.82209027810717,2.9997895650294676e-279
probe_0.2,overall,conv,cos_WBA_minus_WB__WB_minus_Wt,1000,-0.06056422100772617,0.028222301430022537,-0.05834799522305485,-0.10929212868157728,-0.07780813465567726,-0.04206859039086875,-0.018164722981004376,0.0008924675333069837,-0.06231554705104996,-0.058812894964402375,0.008,-67.86153977311551,0.0
probe_0.2,overall,conv,cos_WBA_minus_Wt__WA_minus_Wt,1000,0.2090375717849691,0.13924229094347104,0.1774198741364379,0.05468419552222412,0.12184640475649408,0.2548967834141358,0.4728089549369913,0.004403227860012043,0.20039693519244955,0.21767820837748864,0.996,47.47371211091432,2.483418970523918e-258
probe_0.2,overall,conv,cos_WBA_minus_Wt__WB_minus_Wt,1000,0.511694737771581,0.20028647110713518,0.5079715556021694,0.17803500109554268,0.3656151667674796,0.6541812977125974,0.847967623318625,0.006333614332160532,0.4992660237687534,0.5241234517744087,1.0,80.7903214398959,0.0
probe_0.2,overall,classifier,norm_WA_minus_Wt,1000,0.20309129109729976,0.19532399296377184,0.15123785822403807,0.03500336581714703,0.08106102237842827,0.26581304001368206,0.46550429697552975,0.006176686994442214,0.19097052211566204,0.21521206007893748,1.0,32.8802950967147,2.768300297877886e-161
probe_0.2,overall,classifier,norm_WB_minus_Wt,1000,0.20330091050321197,0.1971495045129737,0.1534177561712582,0.03641308347895153,0.08662728430307892,0.25600339568160513,0.4697217681328315,0.0062344147383464185,0.19106685997625336,0.21553496103017059,1.0,32.60946200013867,2.002618272493708e-159
probe_0.2,overall,classifier,norm_WBA_minus_WB,1000,0.3401452852019659,0.21874617813075045,0.30741368100472466,0.06180254002754368,0.19494266213826367,0.4433114384388575,0.7051369728480396,0.006917361523500851,0.3265710598827509,0.3537195105211809,1.0,49.172691646427005,5.095714582680671e-269
probe_0.2,overall,classifier,norm_WB_minus_WA,1000,0.29478383467374253,0.2571016396791382,0.2306667319082689,0.05867520718877841,0.13624152182204907,0.36577289060001095,0.6840745176137981,0.00813026771549999,0.27882947324550217,0.3107381961019829,1.0,36.25758031457567,2.2095119175176154e-184
probe_0.2,overall,classifier,norm_WBA_minus_WA,1000,0.299061436680342,0.22522307118940715,0.26357361883720865,0.052989650930829815,0.16335904541338558,0.3687232797497059,0.6019880737205072,0.007122178865767748,0.28508528979843756,0.3130375835622465,1.0,41.9901609208047,7.540181493922573e-223
probe_0.2,overall,classifier,recovery_pull_score,1000,-0.12399207864853654,0.4641869856152136,-0.0034161556877218497,-1.0030223352893046,-0.27129802284905136,0.15748440684860995,0.328183456896668,0.014678881347518909,-0.15279705611983133,-0.09518710117724175,0.497,-8.446970563563704,1.0442071133625544e-16
probe_0.2,overall,classifier,cos_WBA_minus_WB__WA_minus_Wt,1000,0.4890782101427849,0.20936530847458362,0.498797575575831,0.14685743379523733,0.34443947289949767,0.6390071108387034,0.8019902630769697,0.006620712378034373,0.47608611174112864,0.5020703085444412,0.98,73.87093445796049,0.0
probe_0.2,overall,classifier,cos_WBA_minus_WB__WB_minus_Wt,1000,-0.29684516080752965,0.19591593383604097,-0.3039584004319902,-0.601417475395164,-0.4475792014420358,-0.1669941260766784,0.028369499899599564,0.006195405808407387,-0.30900266249391445,-0.28468765912114485,0.066,-47.9137557712039,4.096358086637213e-261
probe_0.2,overall,classifier,cos_WBA_minus_Wt__WA_minus_Wt,1000,0.5322493130391068,0.18063282443621637,0.5455621743352028,0.22063048820688716,0.40703904911776156,0.6721644797880334,0.797881456787932,0.00571211145407764,0.521040199902155,0.5434584261760587,1.0,93.17908400739557,0.0
probe_0.2,overall,classifier,cos_WBA_minus_Wt__WB_minus_Wt,1000,0.24598676680475773,0.3076244014653658,0.23242331142598033,-0.24996681869883167,0.024547615244799127,0.4719142276699494,0.7649313163597689,0.009727937724765951,0.22689723127612532,0.26507630233339013,0.77,25.286630503247387,1.9234652662852298e-109
probe_0.2,rounds_1_150,all,norm_WA_minus_Wt,300,1.4066083118552546,0.606858782662015,1.2940306744929075,0.7735543228275265,1.0381338191982707,1.6151341837511963,2.345095648896661,0.035037008153000294,1.3376579439956695,1.4755586797148397,1.0,40.14635912155655,1.879171546801614e-122
probe_0.2,rounds_1_150,all,norm_WB_minus_Wt,300,1.3579503353368596,0.6135630373079326,1.2334642446096669,0.6925235317057493,1.0128278948735001,1.5913857758614562,2.131773467889758,0.035424078475453924,1.2882382403057033,1.4276624303680159,1.0,38.33410476091315,1.992598289139803e-117
probe_0.2,rounds_1_150,all,norm_WBA_minus_WB,300,1.5661643794878386,0.5271311296011635,1.473825131568729,1.0845275659880669,1.2810971982414927,1.7050943233258842,2.329737857056914,0.030433929957346322,1.5062725457785102,1.626056213197167,1.0,51.46112847347828,1.323920786788383e-150
probe_0.2,rounds_1_150,all,norm_WB_minus_WA,300,2.0038840076790065,0.7089036913553358,1.870772574800734,1.1847920886960732,1.571676488986582,2.21875686272154,3.115033493951995,0.04092857370335225,1.9233394531756387,2.0844285621823744,1.0,48.960514045835865,8.05616384062502e-145
probe_0.2,rounds_1_150,all,norm_WBA_minus_WA,300,2.2976520375752325,0.790913257623753,2.1466587170919285,1.495437423265132,1.8653373292787678,2.5363578201122454,3.526873499490821,0.045663398219471754,2.2077896814287734,2.3875143937216916,1.0,50.31714955886636,5.4938103316734476e-148
probe_0.2,rounds_1_150,all,recovery_pull_score,300,-0.16300954518487606,0.14692218239725452,-0.11752243188896705,-0.4485747770410679,-0.19563035158845798,-0.07926915572036393,-0.029971974900080845,0.008482556155698219,-0.17970261911319022,-0.14631647125656191,0.013333333333333334,-19.21703106856218,3.728576455869716e-54
probe_0.2,rounds_1_150,all,cos_WBA_minus_WB__WA_minus_Wt,300,0.2301929059533442,0.07040395246263711,0.22408220411655838,0.12719720976745263,0.1808173052612791,0.27178793323223727,0.35471525102940343,0.004064774090631715,0.22219371642234062,0.2381920954843478,1.0,56.631168380029074,6.99475143153976e-162
probe_0.2,rounds_1_150,all,cos_WBA_minus_WB__WB_minus_Wt,300,-0.08167180380384984,0.042611044666982706,-0.07239275462251216,-0.16177332958319027,-0.1052573601581924,-0.054196734212295296,-0.02824281361985907,0.002460149810893363,-0.08651320560705318,-0.07683040200064649,0.0033333333333333335,-33.19789853537092,2.6987361835968775e-102
probe_0.2,rounds_1_150,all,cos_WBA_minus_Wt__WA_minus_Wt,300,0.19213288414741292,0.07045258426302509,0.18756361848162145,0.09067254541343689,0.1467884274499496,0.23113453959274222,0.3158845747428062,0.004067581848936232,0.1841281691455383,0.20013759914928753,1.0,47.23516115543197,1.0791060123670105e-140
probe_0.2,rounds_1_150,all,cos_WBA_minus_Wt__WB_minus_Wt,300,0.5939309380117224,0.16741011019374868,0.6045115702255227,0.3106815466927683,0.4774820739317904,0.7171829389958069,0.8461383469592446,0.00966542721854257,0.5749100570241575,0.6129518189992872,1.0,61.44901043507934,1.200173817502502e-171
probe_0.2,rounds_1_150,conv,norm_WA_minus_Wt,300,1.3570062333623871,0.5895546933473226,1.2611550412065333,0.6926856224930465,0.9929515095862028,1.55852114455734,2.2815461418681093,0.03403795609060839,1.2900219296973243,1.42399053702745,1.0,39.86744179791707,1.0895502813545037e-121
probe_0.2,rounds_1_150,conv,norm_WB_minus_Wt,300,1.312261720636506,0.5905155942683402,1.2069836379872287,0.6730019005034722,0.9702161104070781,1.5431156070868064,2.078116489279411,0.0340934337311498,1.245168240876652,1.3793552003963598,1.0,38.49016004033483,7.252109143042979e-118
probe_0.2,rounds_1_150,conv,norm_WBA_minus_WB,300,1.4729311298496797,0.5281766492663823,1.3787468716954945,0.9450949055599266,1.188505833094168,1.6375994936579077,2.1846270841590405,0.030494293063362033,1.412920505793106,1.5329417539062533,1.0,48.30186182015026,2.938469113316374e-143
probe_0.2,rounds_1_150,conv,norm_WB_minus_WA,300,1.9394829314754551,0.6805520150967288,1.8255340953569685,1.150126980276079,1.5126208022766625,2.1654344574146904,3.0489609761904783,0.03929168891136386,1.8621596511190837,2.0168062118318266,1.0,49.361149525810326,9.204594872994971e-146
probe_0.2,rounds_1_150,conv,norm_WBA_minus_WA,300,2.2550473657233714,0.7731809325251429,2.1111675906779017,1.4766353580128875,1.8229953601291027,2.5051187331212055,3.4653674577392453,0.04463962195256771,2.1671997292670384,2.3428950021797044,1.0,50.51672185126243,1.9044732813450985e-148
probe_0.2,rounds_1_150,conv,recovery_pull_score,300,-0.17898844450871124,0.14872211007436983,-0.13399615168497253,-0.4826987509659354,-0.21316878825879917,-0.093807112930385,-0.04971175106914584,0.008586475028588657,-0.19588602347016235,-0.16209086554726013,0.0,-20.84539277325904,3.2306299722648065e-60
probe_0.2,rounds_1_150,conv,cos_WBA_minus_WB__WA_minus_Wt,300,0.19664892286727895,0.07323763208645935,0.19389208530813434,0.07855075236365791,0.1529837788821535,0.24302529266161774,0.313641494346141,0.004228376659992808,0.1883277749860943,0.2049700707484636,1.0,46.50695495694403,6.4514683594889655e-139
probe_0.2,rounds_1_150,conv,cos_WBA_minus_WB__WB_minus_Wt,300,-0.05689113636226594,0.02465083508756015,-0.0559052082669067,-0.09876178412193823,-0.07071148711322955,-0.04130596193592917,-0.01935957115711918,0.0014232166273551923,-0.0596919265887458,-0.05409034613578608,0.006666666666666667,-39.973631047290745,5.574689690939506e-122
probe_0.2,rounds_1_150,conv,cos_WBA_minus_Wt__WA_minus_Wt,300,0.16123017939384104,0.07361398680055342,0.15915061259175314,0.052191734640463894,0.1111752337223869,0.20207396217084794,0.28700213421657284,0.004250105509542107,0.15286627066495367,0.16959408812272841,1.0,37.93557101861489,2.665740700160054e-116
probe_0.2,rounds_1_150,conv,cos_WBA_minus_Wt__WB_minus_Wt,300,0.6165289708522548,0.16987978735396372,0.6281396465384161,0.3146936581162829,0.5035392659911535,0.7426130048520251,0.859292707863513,0.009808014095868733,0.5972274889183804,0.6358304527861292,1.0,62.85971500713329,2.2025101105354873e-174
probe_0.2,rounds_1_150,classifier,norm_WA_minus_Wt,300,0.35032658333421934,0.1850078065505221,0.32565099530957753,0.14356111374343916,0.2352290153223177,0.4172638637551403,0.6225378376129194,0.010681430691412613,0.3293062789685198,0.37134688769991886,1.0,32.797720965962554,4.6537750449961316e-101
probe_0.2,rounds_1_150,classifier,norm_WB_minus_Wt,300,0.33353638618165266,0.1942700646879967,0.30756879022208883,0.1328195489407371,0.21860329289977082,0.39412446363163545,0.5755930725096159,0.01121618741431009,0.3114637181952309,0.3556090541680744,1.0,29.73705537017977,2.5827177007752906e-91
probe_0.2,rounds_1_150,classifier,norm_WBA_minus_WB,300,0.4936780746438442,0.19371474189292884,0.4644282148091295,0.2617821606061083,0.34875120763830836,0.6021307530460956,0.7509810743811164,0.011184125837788134,0.471668501585097,0.5156876477025915,1.0,44.14096209252579,5.375743589327373e-133
probe_0.2,rounds_1_150,classifier,norm_WB_minus_WA,300,0.4839207995231936,0.24001558093370545,0.4431948494478501,0.23048016115816958,0.3318148973424666,0.5606793142663776,0.8739183052773146,0.013857306026177924,0.4566505958609556,0.5111910031854316,1.0,34.921708347135855,1.589406800352433e-107
probe_0.2,rounds_1_150,classifier,norm_WBA_minus_WA,300,0.42147668804537913,0.20530942660799534,0.3779505221249517,0.23255141325756187,0.3027082067501205,0.47527723769815833,0.7512367355766749,0.011853545271929382,0.3981497446211362,0.44480363146962204,1.0,35.55701508505531,2.0556850456918642e-109
probe_0.2,rounds_1_150,classifier,recovery_pull_score,300,0.10729784448025605,0.1418232000144026,0.1302001486476086,-0.13375847558256068,0.038213977984720524,0.19385198456689023,0.29850505182160497,0.008188166270564947,0.09118410914116849,0.1234115798193436,0.83,13.104013882323493,2.6045338285583057e-31
probe_0.2,rounds_1_150,classifier,cos_WBA_minus_WB__WA_minus_Wt,300,0.5419225160264535,0.14913609555205315,0.5640931519557688,0.2553976881856962,0.451199634891126,0.6409715889935288,0.7630610465937835,0.008610376491286762,0.5249779006674247,0.5588671313854823,1.0,62.93830665533032,1.5560711621065159e-174
probe_0.2,rounds_1_150,classifier,cos_WBA_minus_WB__WB_minus_Wt,300,-0.31489305411254337,0.17741665172675,-0.33785019972948194,-0.585536953575435,-0.4532641223132644,-0.19737929625855782,-0.014220697786622973,0.010243155163316118,-0.33505086306327636,-0.2947352451618104,0.05,-30.741802607879258,1.4358977072791075e-94
probe_0.2,rounds_1_150,classifier,cos_WBA_minus_Wt__WA_minus_Wt,300,0.5804010845306593,0.1292373178679256,0.5941383119753267,0.35261423417647075,0.5062450753621823,0.6807353672044438,0.7616028166433426,0.007461520026039207,0.565717337895089,0.5950848311662296,1.0,77.78590454829258,1.8876638488273712e-200
probe_0.2,rounds_1_150,classifier,cos_WBA_minus_Wt__WB_minus_Wt,300,0.3122948371116042,0.26144895502109544,0.3071092804404245,-0.08236658216940834,0.10452582837204082,0.4924178115914622,0.7676743605297062,0.01509476245607758,0.2825894062267906,0.34200026799641786,0.8633333333333333,20.68895340488551,1.225454778606946e-59
probe_0.2,rounds_151_300,all,norm_WA_minus_Wt,300,1.0776256911050934,0.9333009326585158,0.8820475632210292,0.399598399620474,0.6428559967938945,1.1401714296770833,2.065368004684543,0.05388415447053228,0.9715854648300154,1.1836659173801714,1.0,19.99893478321937,4.4807466459789476e-57
probe_0.2,rounds_151_300,all,norm_WB_minus_Wt,300,1.0159638743817945,0.6647470790615184,0.8856449432126084,0.4279085461098544,0.6742100636180259,1.109732533850916,1.9566866366304274,0.038379190503918505,0.9404363267144098,1.0914914220491791,1.0,26.4717379663874,2.3398021491480545e-80
probe_0.2,rounds_151_300,all,norm_WBA_minus_WB,300,1.5110211098085373,0.654399634878929,1.3974701984324096,0.9085821462754471,1.2173642914526912,1.634782665669352,2.298509211755257,0.03778178053549425,1.4366692229426103,1.5853729966744643,1.0,39.993380099940026,4.922141718276618e-122
probe_0.2,rounds_151_300,all,norm_WB_minus_WA,300,1.5627522837812249,1.0130030046261507,1.3054606391512633,0.7963108981163044,1.0415084106907837,1.6662270160323591,3.040935773687217,0.058485755741080774,1.4476564298406243,1.6778481377218255,1.0,26.72022040203436,3.2752123025992257e-81
probe_0.2,rounds_151_300,all,norm_WBA_minus_WA,300,1.9702287760487622,1.068176672703855,1.7331778996697915,1.083635869190166,1.4735547403758806,2.0945328304815805,3.3805832214263396,0.06167120895276494,1.8488641742234677,2.0915933778740565,1.0,31.94730263124555,2.110309569850607e-98
probe_0.2,rounds_151_300,all,recovery_pull_score,300,-0.32608761272182923,0.264830375791532,-0.2600454567245146,-0.8475622600479188,-0.40917731238863825,-0.15375088720973779,-0.05443380346461708,0.015289988875283074,-0.35617723546918284,-0.29599798997447563,0.01,-21.32687050210768,5.401449516637454e-62
probe_0.2,rounds_151_300,all,cos_WBA_minus_WB__WA_minus_Wt,300,0.23631279792336773,0.10877303844284113,0.21240109759539474,0.09916735652502119,0.15246354964339293,0.2898171921990872,0.44905446609716465,0.006280014302554783,0.22395417145521343,0.24867142439152204,1.0,37.62934072096506,1.9798541065009856e-115
probe_0.2,rounds_151_300,all,cos_WBA_minus_WB__WB_minus_Wt,300,-0.08113106762574276,0.040157718475914775,-0.07495614131545314,-0.16097617403175346,-0.09931607182068393,-0.05439009188344977,-0.028409855323086215,0.00231850695721106,-0.08569372625477358,-0.07656840899671195,0.0,-34.99280749337737,9.747038902734428e-108
probe_0.2,rounds_151_300,all,cos_WBA_minus_Wt__WA_minus_Wt,300,0.21757383515411083,0.10472335730295525,0.1982270438403559,0.07612870807243285,0.1425484896461221,0.2715916389291236,0.41454895572937084,0.006046205852930257,0.20567532727085086,0.2294723430373708,1.0,35.98518483267734,1.1273715494090666e-110
probe_0.2,rounds_151_300,all,cos_WBA_minus_Wt__WB_minus_Wt,300,0.48365662918782276,0.18567065218886972,0.4668937687171806,0.1839520184575642,0.3651688019595617,0.5978267512456992,0.8300872386031112,0.010719700102185729,0.4625610133132452,0.5047522450624004,1.0,45.118485086089855,1.8038673168270764e-135
probe_0.2,rounds_151_300,conv,norm_WA_minus_Wt,300,1.0576196786323715,0.9146335667201004,0.8705722019903281,0.3919732491192793,0.6331167540530901,1.1150515238482428,2.0285536724802227,0.052806393595571745,0.9537004099592865,1.1615389473054565,1.0,20.02825049429358,3.4847533553257797e-57
probe_0.2,rounds_151_300,conv,norm_WB_minus_Wt,300,0.9950226589695361,0.6407146541650742,0.8681625541886875,0.4186464210023531,0.6600738955057474,1.093193771289463,1.9400776532359794,0.036991677805594356,0.9222256387073889,1.0678196792316834,1.0,26.898554431587748,8.023926297724635e-82
probe_0.2,rounds_151_300,conv,norm_WBA_minus_WB,300,1.4647357851114973,0.638489059210523,1.3529245024975154,0.8768544432724901,1.1752896915529194,1.5929474784534468,2.270648068037407,0.03686318302098263,1.3921916335483078,1.5372799366746868,1.0,39.734381707563486,2.52735988527188e-121
probe_0.2,rounds_151_300,conv,norm_WB_minus_WA,300,1.5330738789559355,0.9862496661957972,1.2809352258996003,0.7632863202316746,1.0132215479081332,1.6393995776738555,3.005260441279423,0.056941151026632206,1.4210176984598768,1.6451300594519942,1.0,26.92383015297486,6.57575918603213e-82
probe_0.2,rounds_151_300,conv,norm_WBA_minus_WA,300,1.9448937002229907,1.0495224641481384,1.7134087593542846,1.0749909652985021,1.45152243277832,2.0712745948351063,3.352643984013779,0.0605942077196487,1.825648561077966,2.0641388393680153,1.0,32.0970233528167,7.142025927549505e-99
probe_0.2,rounds_151_300,conv,recovery_pull_score,300,-0.3349563844518227,0.2696258593632173,-0.26735453286204236,-0.850828435329636,-0.4158567682058314,-0.1553828039922435,-0.06164168106332377,0.015566856248383767,-0.3655908627170974,-0.304321906186548,0.006666666666666667,-21.517278704658146,1.076835787777515e-62
probe_0.2,rounds_151_300,conv,cos_WBA_minus_WB__WA_minus_Wt,300,0.2247290304070353,0.10675537364004899,0.20503117932120207,0.08893767821626641,0.1458219387787541,0.2816002075807816,0.4314624871136944,0.0061635243708521355,0.21259964793162606,0.23685841288244452,1.0,36.46112465617873,4.586550525717985e-112
probe_0.2,rounds_151_300,conv,cos_WBA_minus_WB__WB_minus_Wt,300,-0.06727973799475598,0.02708403478166338,-0.06540135006480445,-0.11139868911325976,-0.08465853610858526,-0.04844465178580387,-0.025572605987208067,0.0015636974771934538,-0.07035698465356811,-0.06420249133594384,0.0,-43.02605777398234,3.9996001950234404e-130
probe_0.2,rounds_151_300,conv,cos_WBA_minus_Wt__WA_minus_Wt,300,0.20481570652932982,0.10337389189175102,0.18790136392744375,0.06189235565599585,0.13352102396782498,0.25715167731405075,0.4107546598026217,0.005968294431088172,0.193070522844672,0.21656089021398764,1.0,34.317292635977864,1.0403585040867367e-105
probe_0.2,rounds_151_300,conv,cos_WBA_minus_Wt__WB_minus_Wt,300,0.4966159200638059,0.1858427811767237,0.482203914520024,0.19828713059561218,0.37167891880750614,0.612325565524848,0.8315256905258541,0.010729637973933014,0.4755007471565694,0.5177310929710424,1.0,46.28449918536891,2.272961826109119e-138
probe_0.2,rounds_151_300,classifier,norm_WA_minus_Wt,300,0.19674346956022315,0.19421129267587142,0.15694164741075275,0.07019416187430673,0.1150015710267127,0.22013870454437728,0.3581472652658568,0.011212794210607955,0.17467747916003998,0.21880945996040632,1.0,17.546337323670166,7.068561874386491e-48
probe_0.2,rounds_151_300,classifier,norm_WB_minus_Wt,300,0.19332742443136322,0.1884506501586768,0.15727112541499755,0.07235546499706545,0.11972942216518558,0.2149229458307066,0.3514201390580582,0.010880203359807203,0.17191594943413063,0.2147388994285958,1.0,17.768732627327378,1.0275908127999468e-48
probe_0.2,rounds_151_300,classifier,norm_WBA_minus_WB,300,0.3410400420038221,0.20204790701292752,0.303502480853182,0.15219284612313186,0.22488612066412716,0.403841225043293,0.5736123057592186,0.011665241350311417,0.31808366745373257,0.36399641655391163,1.0,29.235575309782824,1.1409589663841674e-89
probe_0.2,rounds_151_300,classifier,norm_WB_minus_WA,300,0.2876483891591031,0.2475416487570873,0.2349715251455206,0.12223031693988708,0.18115996409384955,0.2974512917042318,0.45168893598157855,0.014291823754554813,0.2595230851674572,0.31577369315074905,1.0,20.12677976576848,1.4976293916229083e-57
probe_0.2,rounds_151_300,classifier,norm_WBA_minus_WA,300,0.2968243693916979,0.22080065851131475,0.25457936424481376,0.12560765213514327,0.19330119277646063,0.3222201756430212,0.5192439219438246,0.012747931962875419,0.27173733586272475,0.321911402920671,1.0,23.284119358034783,4.004714923372307e-69
probe_0.2,rounds_151_300,classifier,recovery_pull_score,300,-0.0772817522177394,0.243608895184215,-0.07231278265299321,-0.477220280316557,-0.23173037820359652,0.07630628344041462,0.2935789463597321,0.014064766121159384,-0.10496022275603864,-0.04960328167944017,0.4066666666666667,-5.4947058167909955,8.384224744848514e-08
probe_0.2,rounds_151_300,classifier,cos_WBA_minus_WB__WA_minus_Wt,300,0.46807123051776056,0.2125182572685457,0.48738201496507866,0.07627458143552142,0.3343321978326016,0.6256045947827973,0.7612171132948432,0.012269747304170499,0.4439252307659449,0.4922172302695762,0.9733333333333334,38.14840020043955,6.657634310197047e-117
probe_0.2,rounds_151_300,classifier,cos_WBA_minus_WB__WB_minus_Wt,300,-0.32644049924343627,0.19167642506929425,-0.31849760065262933,-0.6454376532516386,-0.47176337830400933,-0.18558741872514511,-0.027070969633979213,0.011066443561106216,-0.34821848185837795,-0.3046625166284946,0.04666666666666667,-29.498230162283946,1.5626915702650933e-90
probe_0.2,rounds_151_300,classifier,cos_WBA_minus_Wt__WA_minus_Wt,300,0.5323389702847038,0.17014949930796935,0.5423099842144932,0.2548716421043986,0.41096778826691366,0.6723895530641624,0.7736264495358408,0.009823585922793613,0.5130068440906224,0.5516710964787852,1.0,54.18988284609192,1.1491632555224599e-156
probe_0.2,rounds_151_300,classifier,cos_WBA_minus_Wt__WB_minus_Wt,300,0.20851824708856406,0.3110544835234862,0.19562980854181938,-0.28599530555837954,-0.0147551529801735,0.442821907705479,0.7456278219308049,0.017958738979492475,0.17317671183181468,0.24385978234531344,0.7266666666666667,11.610962625308833,5.62695844237505e-26
probe_0.2,rounds_301_500,all,norm_WA_minus_Wt,400,0.6331231933804969,0.5977169000490251,0.5260786156983297,0.12558896848362433,0.3376878137734256,0.7729884565517956,1.4227546166352008,0.029885845002451256,0.5743697949285174,0.6918765918324765,1.0,21.184717826401357,2.74595181164824e-67
probe_0.2,rounds_301_500,all,norm_WB_minus_Wt,400,0.7335644698259103,0.8168588648421469,0.5683629594656929,0.1655488068427442,0.37389363041832785,0.847481291730276,1.490243598583145,0.04084294324210734,0.6532702128605041,0.8138587267913164,1.0,17.96061722284589,2.7577749062238323e-53
probe_0.2,rounds_301_500,all,norm_WBA_minus_WB,400,1.2200466455036851,0.6831884115805789,1.2066966846084637,0.27989236467107537,0.7591250535494515,1.6206644257192075,2.1265904529043165,0.034159420579028946,1.1528917081745307,1.2872015828328396,1.0,35.71625703313869,2.405088109551495e-126
probe_0.2,rounds_301_500,all,norm_WB_minus_WA,400,1.0430682490572443,0.9257347238793121,0.8631426485375178,0.3178194026929788,0.6079859242934982,1.200254767816002,1.944562995737546,0.0462867361939656,0.9520718909344382,1.1340646071800502,1.0,22.534927601856467,3.9318051281414175e-73
probe_0.2,rounds_301_500,all,norm_WBA_minus_WA,400,1.4866918035251024,1.0590660507976435,1.3729408230779416,0.31609631005481875,0.883721927991169,1.885881027947907,2.530599898557917,0.052953302539882174,1.3825894606527915,1.5907941463974133,1.0,28.075525646495596,1.6352644966043711e-96
probe_0.2,rounds_301_500,all,recovery_pull_score,400,-0.5049723052429772,0.5423009055548265,-0.3983625551986164,-1.486572114213245,-0.7832224532225891,-0.13239340336925262,0.14303377346077817,0.027115045277741324,-0.5582785128846195,-0.4516660976013349,0.1,-18.623325171339758,3.7055601318077366e-56
probe_0.2,rounds_301_500,all,cos_WBA_minus_WB__WA_minus_Wt,400,0.2746127699067418,0.19472076694630458,0.211666919931159,0.07372787299627875,0.12997386801982957,0.3522316528404704,0.7165887603736842,0.00973603834731523,0.2554724263656224,0.29375311344786126,0.9975,28.205802001844823,4.780604759139122e-97
probe_0.2,rounds_301_500,all,cos_WBA_minus_WB__WB_minus_Wt,400,-0.06532603789628319,0.0388079134467989,-0.06121417301827775,-0.13878488617227763,-0.0854305972604455,-0.04009153832835208,-0.01236265435700471,0.0019403956723399451,-0.06914071471342303,-0.06151136107914334,0.0175,-33.66634899649399,1.1949259172839941e-118
probe_0.2,rounds_301_500,all,cos_WBA_minus_Wt__WA_minus_Wt,400,0.25455007983832895,0.1816821656549823,0.2031980877550125,0.06806479040073635,0.12521115423404885,0.3236340000851695,0.6479192669945207,0.009084108282749115,0.2366913834061715,0.2724087762704864,0.99,28.021471333815356,2.7254607397275194e-96
probe_0.2,rounds_301_500,all,cos_WBA_minus_Wt__WB_minus_Wt,400,0.43691355158915157,0.2004508999295975,0.4091249475236224,0.14279967677654168,0.2910788578949828,0.5712973783232214,0.8109665883339937,0.010022544996479876,0.4172099568059765,0.45661714637232664,1.0,43.593074587602715,7.870218442519453e-154
probe_0.2,rounds_301_500,conv,norm_WA_minus_Wt,400,0.6247118901629218,0.586457535125944,0.5187421287771863,0.12430151334628463,0.33433475983498434,0.7619625163890711,1.4109985821328197,0.0293228767562972,0.5670652463527932,0.6823585339730505,1.0,21.304590792878557,8.290669258992535e-68
probe_0.2,rounds_301_500,conv,norm_WB_minus_Wt,400,0.7235134298819897,0.8044525167290992,0.5626511922031208,0.1627224448421228,0.36950734202323954,0.8300033003758533,1.4775324169440078,0.04022262583645496,0.6444386718364905,0.802588187927489,1.0,17.987722453123588,2.1051519332901952e-53
probe_0.2,rounds_301_500,conv,norm_WBA_minus_WB,400,1.1942718849933898,0.6691525798712593,1.1781654865581568,0.27637527392842665,0.7473510449721101,1.5747536974344607,2.0995516472041182,0.033457628993562964,1.1284966188981504,1.260047151088629,1.0,35.69505433942017,2.881133727602894e-126
probe_0.2,rounds_301_500,conv,norm_WB_minus_WA,400,1.029479326073463,0.9101905242810787,0.8502068852559456,0.31452906687651616,0.603173148280654,1.17506603796011,1.9246435206438126,0.045509526214053936,0.9400109062648274,1.1189477458820984,1.0,22.621183117383154,1.669265287325171e-73
probe_0.2,rounds_301_500,conv,norm_WBA_minus_WA,400,1.4693365796516296,1.043246583652596,1.3598858528059734,0.31445376604662584,0.8803471830622315,1.863306817161566,2.509218651001187,0.052162329182629794,1.3667892328926872,1.571883926410572,1.0,28.168538534911182,6.794712931383885e-97
probe_0.2,rounds_301_500,conv,recovery_pull_score,400,-0.5087537456695768,0.5453068722208543,-0.401328316096089,-1.50214882281813,-0.7868229137507403,-0.13286789302905683,0.1394889178072157,0.027265343611042714,-0.5623554289071877,-0.4551520624319659,0.0975,-18.65935573478439,2.585230657308616e-56
probe_0.2,rounds_301_500,conv,cos_WBA_minus_WB__WA_minus_Wt,400,0.26862901234176045,0.1952992532464192,0.20452707932043926,0.0710556396294606,0.1255492646005217,0.34704012863861433,0.712939548869967,0.00976496266232096,0.24943180570025544,0.2878262189832655,0.9975,27.50947664943883,3.4971399329229165e-94
probe_0.2,rounds_301_500,conv,cos_WBA_minus_WB__WB_minus_Wt,400,-0.058282396751548976,0.030657818024769384,-0.0552411725238985,-0.11274308603108027,-0.07688407174697483,-0.03794791461374633,-0.014234418470092864,0.0015328909012384691,-0.061295948815962446,-0.055268844687135506,0.015,-38.0212294981077,9.994476713907525e-135
probe_0.2,rounds_301_500,conv,cos_WBA_minus_Wt__WA_minus_Wt,400,0.2480595150200446,0.18225462154920358,0.19496723715927772,0.06220024033220835,0.11955774044325596,0.31417844534678857,0.644515113101487,0.00911273107746018,0.23014454825447914,0.26597448178561006,0.99,27.22120436908379,5.447252949832927e-93
probe_0.2,rounds_301_500,conv,cos_WBA_minus_Wt__WB_minus_Wt,400,0.444378176241907,0.1998813190868193,0.4163702199644933,0.15129205468778123,0.29847507539087104,0.5747567823071759,0.8229719179549806,0.009994065954340966,0.42473056918503455,0.46402578329877947,1.0,44.464202885202035,1.1251954713512448e-156
probe_0.2,rounds_301_500,classifier,norm_WA_minus_Wt,400,0.0974256880724175,0.11867941456314325,0.07434377697551585,0.022524033888596917,0.047580280075673595,0.11586301550341027,0.22301488602533015,0.005933970728157162,0.08575993304473782,0.10909144310009718,1.0,16.418296034074597,1.1894947913721753e-46
probe_0.2,rounds_301_500,classifier,norm_WB_minus_Wt,400,0.11310441829826808,0.14641560552631522,0.08171276184318604,0.025311163322174552,0.052750043311093724,0.12840513189689506,0.2509544634919846,0.007320780276315761,0.0987122965256197,0.12749654007091643,1.0,15.449776393943178,1.5363515553314502e-42
probe_0.2,rounds_301_500,classifier,norm_WBA_minus_WB,400,0.22432462551916502,0.17297381577838042,0.19280186245583442,0.038707482884426485,0.09697327709890224,0.3030332868229781,0.5414018498979027,0.008648690788919021,0.2073219282232496,0.24132732281508043,1.0,25.937408446441037,1.236433207758492e-87
probe_0.2,rounds_301_500,classifier,norm_WB_minus_WA,400,0.1582826951726338,0.17549497405032463,0.1225532997083427,0.04569276455361206,0.08317383736654316,0.17484513593170511,0.31681403167981187,0.008774748702516232,0.1410321771835108,0.1755332131617568,1.0,18.038430562375527,1.2701054103190568e-53
probe_0.2,rounds_301_500,classifier,norm_WBA_minus_WA,400,0.20892779862304736,0.19866323480797196,0.1575001493355665,0.02956377083994182,0.0861541705941082,0.2707617922790826,0.5149182115400172,0.009933161740398598,0.1893999248228008,0.22845567242329393,1.0,21.033363201298634,1.2463840394421013e-66
probe_0.2,rounds_301_500,classifier,recovery_pull_score,400,-0.3324922658182288,0.6280889917619855,-0.20872262832124225,-1.450770937945068,-0.6120926679013656,0.06965328750667577,0.4023072841813942,0.03140444958809928,-0.3942311304768445,-0.27075340115961316,0.315,-10.587425354661425,2.986251323104553e-23
probe_0.2,rounds_301_500,classifier,cos_WBA_minus_WB__WA_minus_Wt,400,0.46520021544880163,0.23713791094857348,0.4460489348028774,0.12320017511703968,0.29850866966298495,0.6434803027309761,0.8783159282708805,0.011856895547428675,0.44189042084722885,0.4885100100503744,0.97,39.23457144308626,5.0378625048519835e-139
probe_0.2,rounds_301_500,classifier,cos_WBA_minus_WB__WB_minus_Wt,400,-0.2611127370018393,0.2068787310161516,-0.26829521238207193,-0.5760896512949405,-0.4087317294011258,-0.13472185430559372,0.10001407481212228,0.01034393655080758,-0.2814481642143456,-0.24077730978933298,0.0925,-25.24307218236499,1.0426145009472247e-84
probe_0.2,rounds_301_500,classifier,cos_WBA_minus_Wt__WA_minus_Wt,400,0.49606824148624473,0.21077546839815975,0.48345671776705734,0.16975466760917354,0.34051254999605457,0.6563128496644752,0.8450223804512654,0.010538773419907988,0.47534977915452215,0.5167867038179673,1.0,47.07077585985104,5.711717757856654e-165
probe_0.2,rounds_301_500,classifier,cos_WBA_minus_Wt__WB_minus_Wt,400,0.22435710386176802,0.32920799519860255,0.1991761815266837,-0.2934497442752715,-0.014301286559787699,0.4706333868964234,0.7650884652243058,0.016460399759930126,0.19199715467195186,0.2567170530515842,0.7325,13.630112702847285,5.333021271708587e-35
probe_0.5,overall,all,norm_WA_minus_Wt,2500,1.0044308978739112,0.7862957880814793,0.8746730570026986,0.22447690892537522,0.5598538097449007,1.2569557222784224,2.0520784906279164,0.015725915761629586,0.9735937338207422,1.03526806192708,1.0,63.87105928194466,0.0
probe_0.5,overall,all,norm_WB_minus_Wt,2500,0.9975078902420613,0.7261418636309186,0.8799060171666409,0.2365984386831765,0.565104429976423,1.247521707981169,2.130122673318029,0.014522837272618373,0.9690298593100934,1.0259859211740292,1.0,68.68546906621211,0.0
probe_0.5,overall,all,norm_WBA_minus_WB,2500,1.39870775002714,0.6320527573801465,1.378937873039774,0.49629050056652785,1.1021762773849444,1.6221585015309108,2.201475378767752,0.012641055147602932,1.3739197314913347,1.4234957685629455,1.0,110.64802215441415,0.0
probe_0.5,overall,all,norm_WB_minus_WA,2500,1.4814260790546923,0.9601634109616533,1.307062285514606,0.4558536481933687,0.8948669957213199,1.8466776334844817,2.822377729160046,0.019203268219233065,1.4437701268411893,1.5190820312681952,1.0,77.14447677041596,0.0
probe_0.5,overall,all,norm_WBA_minus_WA,2500,1.8620087148608189,0.9886521174409467,1.7916490861807555,0.5775209625041112,1.3601810444175786,2.205566592335101,3.1609648438361364,0.019773042348818933,1.8232354847365337,1.900781944985104,1.0,94.16905512125393,0.0
probe_0.5,overall,all,recovery_pull_score,2500,-0.36437575047415516,0.5048732815521711,-0.21005008679528253,-1.2802424052255181,-0.46182755348197896,-0.0942929090622783,0.017145187158047154,0.010097465631043422,-0.384176009416497,-0.3445754915318133,0.06,-36.085861917066254,6.836111082973738e-230
probe_0.5,overall,all,cos_WBA_minus_WB__WA_minus_Wt,2500,0.24909268535520396,0.1444562540426417,0.21645098520531791,0.08756086641332107,0.15587921872978605,0.29458541293278107,0.5546635939115383,0.002889125080852834,0.24342736033128615,0.25475801037912177,0.9992,86.21734206179639,0.0
probe_0.5,overall,all,cos_WBA_minus_WB__WB_minus_Wt,2500,-0.07400226458816798,0.042337029536690836,-0.06830507167105401,-0.15207891638562598,-0.0957869442731499,-0.04653313972023052,-0.0166622556064053,0.0008467405907338167,-0.0756626498339446,-0.07234187934239136,0.0188,-87.39661874959236,0.0
probe_0.5,overall,all,cos_WBA_minus_Wt__WA_minus_Wt,2500,0.22371665297776666,0.13821662740904325,0.19147415132056275,0.07220155601357488,0.13657400448380289,0.26515538765675567,0.5036983977233535,0.002764332548180865,0.21829603534392691,0.2291372706116064,0.998,80.92971778123756,0.0
probe_0.5,overall,all,cos_WBA_minus_Wt__WB_minus_Wt,2500,0.49959323947113243,0.2050994904638848,0.4899658295155816,0.1741502896098824,0.3469320891357235,0.6505534296682204,0.8454330960953386,0.0041019898092776955,0.4915495913548325,0.5076368875874324,0.9984,121.79290117717382,0.0
probe_0.5,overall,conv,norm_WA_minus_Wt,2500,0.98144488261556,0.7678829837040975,0.8538660911982685,0.22000511687615817,0.5503639079754811,1.22695565446858,2.0006476536428766,0.01535765967408195,0.9513298369787311,1.0115599282523888,1.0,63.905888230605605,0.0
probe_0.5,overall,conv,norm_WB_minus_Wt,2500,0.9741455720747354,0.7060177855834758,0.8556153958669734,0.23308682999940342,0.5569263381984252,1.2211880663823362,2.090040553708808,0.014120355711669516,0.9464567727596402,1.0018343713898306,1.0,68.98874164123714,0.0
probe_0.5,overall,conv,norm_WBA_minus_WB,2500,1.348309338730446,0.6164498485832454,1.3192559982101157,0.4868492456537814,1.039649351963571,1.571488098461646,2.1574270389923234,0.012328996971664907,1.3241332393547962,1.3724854381060956,1.0,109.36082974383034,0.0
probe_0.5,overall,conv,norm_WB_minus_WA,2500,1.4493491107960752,0.9344586339252001,1.2838424301749352,0.44825537313226294,0.8796832267835495,1.8081111503953518,2.7400853068793025,0.018689172678504003,1.4127012555842837,1.4859969660078667,1.0,77.55020169849969,0.0
probe_0.5,overall,conv,norm_WBA_minus_WA,2500,1.8358778956965274,0.9706183403647978,1.7650018696119392,0.5745950512423899,1.3393884918814543,2.1713873601817024,3.103554637601564,0.019412366807295956,1.7978119191918405,1.8739438722012143,1.0,94.57259456927889,0.0
probe_0.5,overall,conv,recovery_pull_score,2500,-0.3731032607581623,0.5068059560098932,-0.219606195533737,-1.290195163599005,-0.46836788790814665,-0.10473103964589722,0.009935680030266946,0.010136119120197865,-0.3929793158579013,-0.3532272056584233,0.0544,-36.80928137621168,2.2529799148006074e-237
probe_0.5,overall,conv,cos_WBA_minus_WB__WA_minus_Wt,2500,0.23446698526769505,0.1460122276406558,0.2012634055996696,0.07508861580451286,0.14203603207034243,0.2786580646961646,0.5422198030598342,0.002920244552813116,0.22874063764409952,0.24019333289129058,0.9988,80.29018838228102,0.0
probe_0.5,overall,conv,cos_WBA_minus_WB__WB_minus_Wt,2500,-0.06012982585953862,0.029761298524272152,-0.0586413682008663,-0.10851174138290427,-0.07719546267692536,-0.0417143882923639,-0.015175334507860953,0.000595225970485443,-0.061297012634464104,-0.05896263908461313,0.018,-101.02016518281131,0.0
probe_0.5,overall,conv,cos_WBA_minus_Wt__WA_minus_Wt,2500,0.20911420646675466,0.14032838210836718,0.1761624695357638,0.057529072041505265,0.12059916350210374,0.2523263553093409,0.49229906324981365,0.0028065676421673434,0.20361076945744555,0.21461764347606377,0.9968,74.50887814885101,0.0
probe_0.5,overall,conv,cos_WBA_minus_Wt__WB_minus_Wt,2500,0.5123261232910228,0.20714164499079815,0.5046945746361982,0.18000348907835315,0.357833674271022,0.6680745390753892,0.855923850580129,0.004142832899815963,0.5042023853979202,0.5204498611841254,0.9996,123.66564997438874,0.0
probe_0.5,overall,classifier,norm_WA_minus_Wt,2500,0.19933885938249196,0.1840499675414155,0.15295463904607987,0.03355691657203476,0.08409697040839403,0.26530121232674997,0.4509801603638757,0.00368099935082831,0.1921207372342058,0.20655698153077812,1.0,54.15346224867878,0.0
probe_0.5,overall,classifier,norm_WB_minus_Wt,2500,0.19947246921200898,0.18568080113107832,0.15375541970251014,0.03501837400457434,0.08453146396643903,0.2634006977891338,0.45182987647440537,0.0037136160226215664,0.19219038858434376,0.2067545498396742,1.0,53.71381101247906,0.0
probe_0.5,overall,classifier,norm_WBA_minus_WB,2500,0.33330186504278675,0.2139077519492181,0.3040052591038009,0.06442693698153555,0.1815107914673301,0.4462695415415097,0.6865177044898464,0.004278155038984362,0.3249127721097097,0.3416909579758638,1.0,77.90785093237596,0.0
probe_0.5,overall,classifier,norm_WB_minus_WA,2500,0.28775725268001545,0.242212155868883,0.227220019125498,0.061030926429788634,0.13298530505497325,0.37157244519012583,0.6500110069238241,0.00484424311737766,0.27825810986453026,0.29725639549550065,1.0,59.40190153705321,0.0
probe_0.5,overall,classifier,norm_WBA_minus_WA,2500,0.29260042833264943,0.21131748397805766,0.26382126294256864,0.054653812431322946,0.1609561259742756,0.3694433744840402,0.5750724432832062,0.004226349679561153,0.2843129212398873,0.3008879354254116,1.0,69.23242289857849,0.0
probe_0.5,overall,classifier,recovery_pull_score,2500,-0.13409551450644186,0.4779839060895135,-0.012144366495410699,-1.038742185301001,-0.2692962039150843,0.14791604977092399,0.35368425077825166,0.00955967812179027,-0.15284121854082416,-0.11534981047205954,0.482,-14.02719974439154,4.380080626934777e-43
probe_0.5,overall,classifier,cos_WBA_minus_WB__WA_minus_Wt,2500,0.4810272555540324,0.21259123707433839,0.48959345060341053,0.13451665628641424,0.33367514175398716,0.6338144371720817,0.822249988786647,0.004251824741486767,0.47268979406269834,0.4893647170453665,0.9828,113.134309337931,0.0
probe_0.5,overall,classifier,cos_WBA_minus_WB__WB_minus_Wt,2500,-0.28619592338158684,0.20265395461919872,-0.2946145422858296,-0.5906099018830054,-0.43681373492583875,-0.1546075618874762,0.042420606296087716,0.004053079092383974,-0.29414366180183654,-0.27824818496133713,0.0736,-70.61197594672393,0.0
probe_0.5,overall,classifier,cos_WBA_minus_Wt__WA_minus_Wt,2500,0.5246718642372575,0.1824566745980326,0.5319139994668688,0.21244641457211316,0.39572127055168865,0.6545567561205572,0.8220155133722794,0.003649133491960652,0.5175162282889798,0.5318275001855353,1.0,143.77984948842067,0.0
probe_0.5,overall,classifier,cos_WBA_minus_Wt__WB_minus_Wt,2500,0.26005432496444003,0.3062254812084548,0.2534580768333762,-0.23389826323713397,0.043360193006186154,0.4789016891243308,0.7629239466813187,0.006124509624169095,0.24804468998429288,0.2720639599445872,0.79,42.46124847909294,4.312445398798599e-297
probe_0.5,rounds_1_150,all,norm_WA_minus_Wt,750,1.3635752642774368,0.60166519051532,1.2931085116289573,0.7159846934725221,1.0305232215863995,1.5785475656978587,2.1476265331803006,0.021969706460725602,1.320445736614601,1.4067047919402726,1.0,62.06615763005517,1.782183634144605e-297
probe_0.5,rounds_1_150,all,norm_WB_minus_Wt,750,1.365347471646591,0.5875165913650326,1.26983185050533,0.7385306557327405,1.0236954237897615,1.552041310422894,2.2283043094821475,0.02145307266661155,1.3232321665248998,1.4074627767682821,1.0,63.643445993242125,2.4391055436729405e-304
probe_0.5,rounds_1_150,all,norm_WBA_minus_WB,750,1.5066261797461418,0.42111999979409664,1.458879694647071,1.056056742035552,1.2877350832306296,1.638244023756098,2.041759298732216,0.015377128220253175,1.476438781560555,1.5368135779317285,1.0,97.97838440091618,0.0
probe_0.5,rounds_1_150,all,norm_WB_minus_WA,750,1.9729024364895225,0.7020670380521272,1.8824625157826351,1.2171641650835083,1.582482291262314,2.1848090460852676,2.913203144593189,0.025635863574799193,1.922575742813094,2.0232291301659506,1.0,76.95868839109221,0.0
probe_0.5,rounds_1_150,all,norm_WBA_minus_WA,750,2.2360060249007176,0.7362174405710254,2.1151532775653346,1.4910078282590262,1.8385136585993216,2.437067283747732,3.1898372656863176,0.026882859961964645,2.183231307384196,2.2887807424172393,1.0,83.17589825131486,0.0
probe_0.5,rounds_1_150,all,recovery_pull_score,750,-0.14834298931062503,0.12052040880124473,-0.11751052540520335,-0.3713430706831528,-0.18103442394841845,-0.07588950247016935,-0.02810934058787752,0.00440078310267906,-0.15698232624962516,-0.1397036523716249,0.012,-33.70831641766631,2.765916527732863e-152
probe_0.5,rounds_1_150,all,cos_WBA_minus_WB__WA_minus_Wt,750,0.22908493818865236,0.07027084320438327,0.2262897283565081,0.12128487612847462,0.17947897115991995,0.2669786128786854,0.350452296974023,0.002565928397196622,0.2240476710778886,0.23412220529941613,1.0,89.27955216479802,0.0
probe_0.5,rounds_1_150,all,cos_WBA_minus_WB__WB_minus_Wt,750,-0.08588751105367382,0.04320987960248248,-0.07841457210110235,-0.16499268387455962,-0.10859666234959539,-0.056167216290918275,-0.028577203350402588,0.0015778017176908009,-0.0889849508374627,-0.08279007126988493,0.004,-54.43492049138777,1.5190271897161085e-262
probe_0.5,rounds_1_150,all,cos_WBA_minus_Wt__WA_minus_Wt,750,0.1886104882508593,0.0712178422550993,0.1812701591253577,0.08544066799672703,0.13812112278947386,0.23070576850827823,0.31233156641087917,0.0026005079133308317,0.18350533683766554,0.19371563966405306,1.0,72.52832697950903,0.0
probe_0.5,rounds_1_150,all,cos_WBA_minus_Wt__WB_minus_Wt,750,0.6071003220350701,0.16207460219676592,0.6210473853331726,0.3513316563403856,0.4860999559168381,0.7248355289785253,0.859023176298363,0.0059181277081230025,0.595482230862301,0.6187184132078393,1.0,102.5831735942073,0.0
probe_0.5,rounds_1_150,conv,norm_WA_minus_Wt,750,1.3187535806255597,0.5832348033873062,1.2543471586703914,0.688835939616799,0.9827213190105824,1.5239791148004131,2.0920499268139037,0.021296723875821204,1.2769452094863274,1.360561951764792,1.0,61.92283791230348,7.593942245736904e-297
probe_0.5,rounds_1_150,conv,norm_WB_minus_Wt,750,1.3192468098859738,0.5665412074010996,1.229246263886423,0.703589631980544,0.9726516820903993,1.510387411480044,2.1981113004480743,0.020687159936653,1.278635095826508,1.3598585239454395,1.0,63.77128682359944,6.85552639043578e-305
probe_0.5,rounds_1_150,conv,norm_WBA_minus_WB,750,1.4161684677630884,0.41684238983527844,1.3759706074090774,0.9222686852631286,1.1892756778693025,1.5678015942449044,1.9720491595650604,0.015220931989142943,1.3862877040645187,1.446049231461658,1.0,93.04085116294048,0.0
probe_0.5,rounds_1_150,conv,norm_WB_minus_WA,750,1.9112326552607823,0.6748524187188268,1.8276894779374053,1.180522772858036,1.5341711905533415,2.122577027896194,2.8498599063199737,0.02464212618128154,1.8628568035075237,1.959608507014041,1.0,77.5595677581011,0.0
probe_0.5,rounds_1_150,conv,norm_WBA_minus_WA,750,2.1942388054167994,0.7176207584247795,2.0780284827752196,1.4665323407822088,1.8068444081342463,2.3970795867826666,3.1203113634836765,0.026203805141547812,2.1427971650496747,2.245680445783924,1.0,83.73741117230692,0.0
probe_0.5,rounds_1_150,conv,recovery_pull_score,750,-0.16322643152153413,0.12202100096168428,-0.1314272111587162,-0.3892231771901899,-0.20244325020007792,-0.08762837008398572,-0.04036228233171564,0.004455576981071603,-0.17197333631075157,-0.15447952673231669,0.0026666666666666666,-36.63418502585872,3.7708953196328925e-169
probe_0.5,rounds_1_150,conv,cos_WBA_minus_WB__WA_minus_Wt,750,0.19883570131758044,0.07339223814478225,0.2005988309118139,0.08335318980417206,0.150568060588685,0.24096586946534096,0.3166304312624963,0.002679905625179223,0.19357468137625441,0.20409672125890646,1.0,74.1950386048699,0.0
probe_0.5,rounds_1_150,conv,cos_WBA_minus_WB__WB_minus_Wt,750,-0.060546564588128834,0.025942104371930758,-0.059764904046912495,-0.1027695707508459,-0.07760897886149225,-0.04224953343799018,-0.020035483901394636,0.0009472717169106576,-0.062406188056096226,-0.05868694112016144,0.010666666666666666,-63.91678702874152,1.6204597587472467e-305
probe_0.5,rounds_1_150,conv,cos_WBA_minus_Wt__WA_minus_Wt,750,0.1605299989756115,0.07344694156783622,0.15659386193431135,0.04854570456657385,0.10606339303631673,0.20767438475615438,0.2840522874154181,0.0026819031117645167,0.1552650576959148,0.16579494025530817,1.0,59.856748094823324,1.1631739902096669e-287
probe_0.5,rounds_1_150,conv,cos_WBA_minus_Wt__WB_minus_Wt,750,0.6292088140212007,0.16122728849334245,0.6423545130173332,0.36730560047469923,0.5152611372972481,0.7444489058682131,0.8760426300050922,0.005887188186213118,0.6176514613461658,0.6407661666962355,1.0,106.87764585047752,0.0
probe_0.5,rounds_1_150,classifier,norm_WA_minus_Wt,750,0.3306909587241641,0.17863142871662713,0.3078749484148334,0.1409500057037818,0.22812543315822612,0.3879936954203921,0.5866294973879268,0.006522697532498185,0.3178860145995306,0.3434959028487976,1.0,50.69849660766192,2.396626790555501e-244
probe_0.5,rounds_1_150,classifier,norm_WB_minus_Wt,750,0.33420273207339685,0.18836604340558186,0.3080623570123289,0.14763635552960422,0.2198908851366815,0.3975875755683708,0.578145236217412,0.006878155402748961,0.3206999757101083,0.3477054884366854,1.0,48.58900570054401,9.650641561359988e-234
probe_0.5,rounds_1_150,classifier,norm_WBA_minus_WB,750,0.4818380664207876,0.18657290176130967,0.46149986169488777,0.252856535842624,0.36004357376547685,0.5682324496480674,0.7591202434631562,0.006812679127590976,0.4684638489082904,0.49521228393328476,1.0,70.7266638273583,0.0
probe_0.5,rounds_1_150,classifier,norm_WB_minus_WA,750,0.4704890533501848,0.2325698216213651,0.4258027821542417,0.2309516125545879,0.32938671187358326,0.5423206099311186,0.8409305616402313,0.008492249166464958,0.4538176109711296,0.48716049572924003,1.0,55.40217251374335,3.896233212822099e-267
probe_0.5,rounds_1_150,classifier,norm_WBA_minus_WA,750,0.41235500131942293,0.20051219827086464,0.37280821398857067,0.2240237255181155,0.3007602510167887,0.46293853259592255,0.7374849030527068,0.007321670269860061,0.39798156483284086,0.426728437806005,1.0,56.31979946118282,1.9059003003941903e-271
probe_0.5,rounds_1_150,classifier,recovery_pull_score,750,0.10520192717907982,0.14105930770541347,0.11890608776606576,-0.14256564305655198,0.0275159438391076,0.1910448559591989,0.3040726443150935,0.0051507576517544834,0.09509028799887337,0.11531356635928627,0.8093333333333333,20.424553879611334,4.774534875243397e-74
probe_0.5,rounds_1_150,classifier,cos_WBA_minus_WB__WA_minus_Wt,750,0.530930350850145,0.1585126020215911,0.5431437497516776,0.2563882617117608,0.42895244796559373,0.644321281199196,0.7673244601302076,0.005788061851737629,0.5195675966779403,0.5422931050223496,0.996,91.72852060845806,0.0
probe_0.5,rounds_1_150,classifier,cos_WBA_minus_WB__WB_minus_Wt,750,-0.32878688226620323,0.17890157620161495,-0.34071872408903753,-0.6026905996688655,-0.46314055219628225,-0.21130701929261794,-0.014968368396843009,0.006532561923923593,-0.3416111915354562,-0.31596257299695024,0.04133333333333333,-50.330465458294036,1.6310129929338056e-242
probe_0.5,rounds_1_150,classifier,cos_WBA_minus_Wt__WA_minus_Wt,750,0.5673557785785743,0.1332678757474163,0.5777499211749657,0.34927829752025763,0.48688681827431535,0.6585678505025974,0.7650788080178641,0.00486625478251037,0.5578026573007875,0.5769088998563612,1.0,116.58982193404405,0.0
probe_0.5,rounds_1_150,classifier,cos_WBA_minus_Wt__WB_minus_Wt,750,0.3172031761847817,0.26853165399954254,0.32897955299625886,-0.14863112897026304,0.12217202168733463,0.514428614808177,0.7461254632805383,0.009805389619981453,0.2979538601497278,0.33645249221983564,0.8706666666666667,32.34987985978488,2.4045508620727884e-144
probe_0.5,rounds_151_300,all,norm_WA_minus_Wt,750,1.083371204220324,0.8821945859729596,0.8921228002292334,0.45017691302745877,0.6768138490783844,1.1542019184699985,2.2105144181907734,0.03221319165642137,1.0201323192066565,1.1466100892339917,1.0,33.63129042832256,7.768382938953933e-152
probe_0.5,rounds_151_300,all,norm_WB_minus_Wt,750,1.063868705913718,0.7617256863558087,0.9110131824609444,0.45095503887755106,0.6730215618168789,1.144810030192558,2.244028599934223,0.027814289403212105,1.0092654654752322,1.1184719463522037,1.0,38.24899822142708,2.6698162025764577e-178
probe_0.5,rounds_151_300,all,norm_WBA_minus_WB,750,1.5053135173024779,0.6605961564986247,1.4014190949734724,0.8387857655380959,1.1874061577132715,1.6586461209611567,2.408152003006215,0.024121561087700645,1.4579596057669477,1.552667428838008,1.0,62.40531082667046,5.823226855624967e-299
probe_0.5,rounds_151_300,all,norm_WB_minus_WA,750,1.5969417460397883,1.036354109708864,1.3302292670868863,0.7539341947101746,1.077267216220457,1.7141100201818704,3.5371308472485214,0.0378423015633819,1.522652151182391,1.6712313408971857,1.0,42.199910683684976,3.768095586809245e-200
probe_0.5,rounds_151_300,all,norm_WBA_minus_WA,750,2.0024874409563465,1.0501248158299183,1.7913470381265477,1.0053510269749102,1.4690018214254006,2.157012172101296,4.036923331473013,0.03834513665506696,1.9272107122910647,2.077764169621628,1.0,52.22272276585396,7.348546641509361e-252
probe_0.5,rounds_151_300,all,recovery_pull_score,750,-0.32194226544716403,0.28934911556160364,-0.24376505707399393,-0.9476743278134098,-0.41145115556260914,-0.12834063074244134,-0.01974580183537644,0.010565535839150627,-0.3426838520979435,-0.30120067879638457,0.021333333333333333,-30.470983237234968,2.829531947631278e-133
probe_0.5,rounds_151_300,all,cos_WBA_minus_WB__WA_minus_Wt,750,0.2311374170340268,0.10843419964704062,0.20632431301413673,0.10013435615158958,0.15408369351185597,0.285416708507397,0.4458628191200568,0.003959457143446858,0.2233644630938646,0.238910370974189,0.9986666666666667,58.37603708290497,5.987082834333972e-281
probe_0.5,rounds_151_300,all,cos_WBA_minus_WB__WB_minus_Wt,750,-0.07795679279961558,0.038104918428160765,-0.07356969275440325,-0.14735001311303222,-0.09832363779400324,-0.05355019752833875,-0.027091837256727737,0.00139139489166653,-0.08068829058167916,-0.075225295017552,0.006666666666666667,-56.027798626056175,4.436720642827216e-270
probe_0.5,rounds_151_300,all,cos_WBA_minus_Wt__WA_minus_Wt,750,0.21179848822234604,0.10565824091502639,0.19128503845603867,0.07336805548637422,0.14263177131980465,0.2640342529251178,0.4216485110795904,0.0038580934623650156,0.2042245250012925,0.21937245144339956,0.9973333333333333,54.89718958039791,9.580580157110396e-265
probe_0.5,rounds_151_300,all,cos_WBA_minus_Wt__WB_minus_Wt,750,0.4990514694085106,0.19058743930181926,0.48211565145730817,0.21911187930762765,0.3518987722188334,0.6229293168624868,0.8611695271770198,0.0069592693121835365,0.4853894753873565,0.5127134634296647,1.0,71.7103257571632,0.0
probe_0.5,rounds_151_300,conv,norm_WA_minus_Wt,750,1.0633758926305916,0.8645377748185641,0.874616616594637,0.43980673460225606,0.6657312933131376,1.1343054481217847,2.1793238071685885,0.03156845607222995,1.001402711428821,1.1253490738323622,1.0,33.68476083206423,3.7928998734950944e-152
probe_0.5,rounds_151_300,conv,norm_WB_minus_Wt,750,1.0439378480361308,0.7441178593007445,0.8836407068378089,0.4419417633124662,0.6627782781460245,1.128482505458187,2.22137936739489,0.02717134246543154,0.990596800052893,1.0972788960193685,1.0,38.42054728669626,2.8947151180986974e-179
probe_0.5,rounds_151_300,conv,norm_WBA_minus_WB,750,1.458546752426321,0.6455328099308877,1.3633273573466722,0.8054417241416786,1.1343225896085478,1.6248354742407027,2.3728537870537783,0.02357152544058947,1.4122726358211433,1.5048208690314986,1.0,61.877486720258936,1.201908826214331e-296
probe_0.5,rounds_151_300,conv,norm_WB_minus_WA,750,1.5687684134117208,1.0132698241113842,1.303884007941154,0.7414938289638433,1.0528180101449607,1.6858928862242517,3.498726467117079,0.036999382633673146,1.4961335832805336,1.641403243542908,1.0,42.39985377442445,3.102139166989644e-201
probe_0.5,rounds_151_300,conv,norm_WBA_minus_WA,750,1.9773427183497478,1.0333294985507249,1.7742812548507856,0.9999465137236069,1.4471485766559578,2.1324407657082203,3.9916607043371917,0.037731858379448924,1.903269938512848,2.0514154981866475,1.0,52.405124032447056,9.449632958109487e-253
probe_0.5,rounds_151_300,conv,recovery_pull_score,750,-0.3291966979711524,0.29254794338574586,-0.25104211587256653,-0.9609221170040777,-0.41927692958230633,-0.13376034362330358,-0.02073330815489891,0.010682340516274483,-0.3501675881204637,-0.3082258078218411,0.016,-30.816907349997233,2.5518339561458587e-135
probe_0.5,rounds_151_300,conv,cos_WBA_minus_WB__WA_minus_Wt,750,0.2198876950566655,0.1070388182771282,0.19494277766274734,0.0858909436652671,0.14622207721036654,0.2727125451091681,0.4309453402576514,0.003908505019938625,0.21221476707835477,0.22756062303497623,0.9986666666666667,56.258772583108616,3.6764349508910707e-271
probe_0.5,rounds_151_300,conv,cos_WBA_minus_WB__WB_minus_Wt,750,-0.06532572303453205,0.025877244525142038,-0.063662086643673,-0.10834646353625763,-0.08051603981029012,-0.04925007733279517,-0.025115219137740938,0.0009449033701664903,-0.06718069711509864,-0.06347074895396546,0.004,-69.13481854025112,0.0
probe_0.5,rounds_151_300,conv,cos_WBA_minus_Wt__WA_minus_Wt,750,0.19956375578602084,0.10453318570121704,0.17943825483024356,0.06193279160212311,0.13112248648016303,0.25121747159067076,0.407811769668905,0.0038170122544288706,0.19207044057441033,0.20705707099763135,0.996,52.28271288740755,3.741399858316122e-252
probe_0.5,rounds_151_300,conv,cos_WBA_minus_Wt__WB_minus_Wt,750,0.5112263369255489,0.19075710632890075,0.49077812693346157,0.23023787272669638,0.3625259837748054,0.6346102918285631,0.8658897701360831,0.006965464676050028,0.49755218056086326,0.5249004932902345,1.0,73.3944339253264,0.0
probe_0.5,rounds_151_300,classifier,norm_WA_minus_Wt,750,0.1968767067224003,0.18496244596186615,0.159855545209353,0.07082425761823198,0.1158896422282325,0.2230144781784178,0.3667002101312106,0.006753873596309627,0.18361793248142158,0.210135480963379,1.0,29.150191207305888,1.907998917759712e-125
probe_0.5,rounds_151_300,classifier,norm_WB_minus_Wt,750,0.1938628492346727,0.17383354364640413,0.157475225888529,0.07584377837844804,0.11442879891043607,0.22335245658569328,0.3517342831811094,0.006347503540412959,0.1814018347907343,0.2063238636786111,1.0,30.541589776263486,1.081744558453885e-133
probe_0.5,rounds_151_300,classifier,norm_WBA_minus_WB,750,0.340983513481528,0.2019580032406746,0.3054305789662093,0.13217708929153585,0.21970089698390888,0.42004611151132376,0.6022492678231608,0.007374463602907927,0.32650643648786076,0.35546059047519524,1.0,46.23841567908343,1.2195343787546622e-221
probe_0.5,rounds_151_300,classifier,norm_WB_minus_WA,750,0.28472476713175726,0.2322733119993495,0.23436812781974498,0.12517418853726864,0.17708202045697397,0.3044001927911541,0.5462506712525644,0.008481422165898606,0.26807457963024295,0.3013749546332716,1.0,33.57040382644254,1.7579158775265194e-151
probe_0.5,rounds_151_300,classifier,norm_WBA_minus_WA,750,0.3000944655131896,0.20746955898404598,0.2574196435864966,0.11286053169431376,0.19222573267020812,0.3420600706704721,0.5739838801415488,0.007575717163414038,0.2852223003547984,0.31496663067158076,1.0,39.61268075878777,6.250818702570273e-186
probe_0.5,rounds_151_300,classifier,recovery_pull_score,750,-0.1007271083148556,0.2704908954572325,-0.0677374072626462,-0.5679344198249946,-0.23774241909625404,0.06982741549440225,0.29875654875081803,0.00987693100277986,-0.12011686983351016,-0.08133734679620103,0.368,-10.198219293675939,5.885228059930045e-23
probe_0.5,rounds_151_300,classifier,cos_WBA_minus_WB__WA_minus_Wt,750,0.4573633960728587,0.20037595160510857,0.46122660696219164,0.12334188888150802,0.3227276321674429,0.603380996268456,0.7860036942074877,0.007316695245045431,0.44299972623794986,0.47172706590776753,0.9813333333333333,62.50955940560277,2.0396820900311302e-299
probe_0.5,rounds_151_300,classifier,cos_WBA_minus_WB__WB_minus_Wt,750,-0.30587248673613193,0.19984750916023547,-0.32521807296742744,-0.6084495229601673,-0.45916680332836024,-0.16900370898893852,0.019357977778116455,0.007297399255218752,-0.32019827591348626,-0.2915466975587776,0.068,-41.91527365278617,1.3291578891694945e-198
probe_0.5,rounds_151_300,classifier,cos_WBA_minus_Wt__WA_minus_Wt,750,0.5197101979121808,0.17022351042611922,0.5252617762788818,0.24853877871585323,0.40118364259227235,0.641671241457495,0.7920850463492102,0.006215683765206755,0.5075079636504641,0.5319124321738974,1.0,83.61271543789573,0.0
probe_0.5,rounds_151_300,classifier,cos_WBA_minus_Wt__WB_minus_Wt,750,0.23439111698830623,0.3054778173839104,0.21536968228926429,-0.23149634212379644,0.0040349390556474254,0.44880136201525217,0.7584435312063986,0.011154472759907432,0.21249336690580983,0.2562888670708026,0.756,21.013195516580506,2.015170834046714e-77
probe_0.5,rounds_301_500,all,norm_WA_minus_Wt,1000,0.6758673933114572,0.6943265681938132,0.5421236189552927,0.13138585961869886,0.3478708503673559,0.8002196342097758,1.531635946464976,0.021956533954606724,0.632781176389548,0.7189536102333663,1.0,30.782062173781885,7.151063143366928e-147
probe_0.5,rounds_301_500,all,norm_WB_minus_Wt,1000,0.6718575924349214,0.6435336375968652,0.5484824590614481,0.13593528265171423,0.348000183360125,0.7945362262127058,1.5220994040650402,0.020350320457394606,0.6319233148540238,0.711791870015819,1.0,33.0145952168921,3.3144582237248623e-162
probe_0.5,rounds_301_500,all,norm_WBA_minus_WB,1000,1.237814602281386,0.7042690990861138,1.1933243782540266,0.31859599020921875,0.7456746267476836,1.5656229829423578,2.271828970976148,0.022270944387869286,1.1941114047304728,1.2815177998322993,1.0,55.5797985358721,6.165617854424396e-308
probe_0.5,rounds_301_500,all,norm_WB_minus_WA,1000,1.026182060739748,0.8558909113933391,0.8543277974895684,0.31356477428683033,0.6015316255966318,1.1493890777600828,2.289489566145144,0.027065647086403098,0.9730700192896935,1.0792941021898026,1.0,37.91455853480291,1.2830355315557044e-195
probe_0.5,rounds_301_500,all,norm_WBA_minus_WA,1000,1.4761516877592489,0.9710908087128725,1.378590986770818,0.3549671148404323,0.8463130068759372,1.851866448882506,2.852248421035414,0.030708587703875617,1.415890952895081,1.5364124226234168,1.0,48.06967034739111,4.254709505337367e-262
probe_0.5,rounds_301_500,all,recovery_pull_score,1000,-0.5582254351170461,0.699970756757358,-0.39920109514127133,-1.7637705285224219,-0.8006123997435506,-0.11821421879270558,0.15699901932083984,0.022135018868649478,-0.6016619003859682,-0.5147889698481241,0.125,-25.219108166547727,5.454912995739376e-109
probe_0.5,rounds_301_500,all,cos_WBA_minus_WB__WA_minus_Wt,1000,0.2775649469710004,0.19577668149352728,0.21405188342879988,0.07239211445762604,0.13452129093350135,0.37468989211959114,0.7067327071958854,0.006191002262688815,0.2654160865449552,0.28971380739704566,0.999,44.83360451082296,1.9804664190185363e-241
probe_0.5,rounds_301_500,all,cos_WBA_minus_WB__WB_minus_Wt,1000,-0.0621224335804529,0.0416678622553912,-0.0579214316115026,-0.13293408203661816,-0.08262865199506556,-0.03663283108628575,-0.003933912975519121,0.0013176534995719682,-0.06470811967407056,-0.05953674748683524,0.039,-47.14625931675741,2.9662759894348956e-256
probe_0.5,rounds_301_500,all,cos_WBA_minus_Wt__WA_minus_Wt,1000,0.25898490008951264,0.18258864590292723,0.2022190961038675,0.06629282478358853,0.13157428506657223,0.3356564590109963,0.6486368962949158,0.0057739599593922145,0.2476544190662729,0.2703153811127524,0.997,44.85394805487605,1.4628670663871488e-241
probe_0.5,rounds_301_500,all,cos_WBA_minus_Wt__WB_minus_Wt,1000,0.4193692550951456,0.20779788124414608,0.39111571577361937,0.11565573798679052,0.2673095770447383,0.549987543018172,0.8100447589245253,0.0065711459768868505,0.40647442289754027,0.43226408729275095,0.996,63.819805034041586,0.0
probe_0.5,rounds_301_500,conv,norm_WA_minus_Wt,1000,0.6670151015967863,0.6856777789237164,0.5363725628010403,0.12931351439188168,0.34315468648277897,0.7868630116641327,1.515861498896155,0.021683035223643413,0.6244655825742139,0.7095646206193588,1.0,30.762072501245857,9.809844342683259e-147
probe_0.5,rounds_301_500,conv,norm_WB_minus_Wt,1000,0.6629754367452603,0.633339287344996,0.5413168958703394,0.13295333469744358,0.34411859314421966,0.7856187966739411,1.494280881416691,0.020027946796780428,0.6236737663645632,0.7022771071259574,1.0,33.10251637236405,8.261066569758845e-163
probe_0.5,rounds_301_500,conv,norm_WBA_minus_WB,1000,1.2147369316840582,0.6909789155103891,1.170843041227951,0.3135236796947365,0.7348821766711473,1.5321355336540572,2.234294369117681,0.021850671881658776,1.1718584522970563,1.25761541107106,1.0,55.59265812341888,5.177307357897651e-308
probe_0.5,rounds_301_500,conv,norm_WB_minus_WA,1000,1.013371975485811,0.8437849304660001,0.8420234416325618,0.30741914204845805,0.5934764935648429,1.1351985149523636,2.2568168090890848,0.026682822355993615,0.9610111668765863,1.065732784095036,1.0,37.97844028512909,4.750303669675418e-196
probe_0.5,rounds_301_500,conv,norm_WBA_minus_WA,1000,1.4610085964164072,0.9580674691460808,1.3619784909930566,0.3529062963957258,0.8405442847262383,1.8282353258107196,2.82175641163766,0.030296753546147092,1.401556020795061,1.5204611720377534,1.0,48.223272311703084,4.583194825653182e-263
probe_0.5,rounds_301_500,conv,recovery_pull_score,1000,-0.5634408047758908,0.7045603012866799,-0.40459876716042104,-1.7775542787961085,-0.8102941434464315,-0.12145900924568895,0.15425960747514358,0.022280153010003707,-0.6071620727878182,-0.5197195367639633,0.122,-25.288910920984605,1.8569093406579177e-109
probe_0.5,rounds_301_500,conv,cos_WBA_minus_WB__WA_minus_Wt,1000,0.2721249158885532,0.1953716869577366,0.20844552843793457,0.07122326355999814,0.13045512708271156,0.36487693811016664,0.6914707011757335,0.006178195210958604,0.260001187271113,0.2842486445059934,0.998,44.04602098131673,2.5436367643574885e-236
probe_0.5,rounds_301_500,conv,cos_WBA_minus_WB__WB_minus_Wt,1000,-0.05592034893185087,0.034218396081157613,-0.0537341899497795,-0.11387986417291289,-0.07332591245537605,-0.03521473610383575,-0.007077747311954482,0.0010820806949423795,-0.058043760743828395,-0.05379693711987334,0.034,-51.67853857223524,1.6694723914618936e-284
probe_0.5,rounds_301_500,conv,cos_WBA_minus_Wt__WA_minus_Wt,1000,0.25271520009566234,0.18242544147202971,0.19445101402462966,0.06270796204647817,0.12698364193550277,0.3292090572401951,0.6393271105651283,0.005768798982133538,0.24139484667207725,0.2640355535192474,0.995,43.807246686588115,9.122633413017898e-235
probe_0.5,rounds_301_500,conv,cos_WBA_minus_Wt__WB_minus_Wt,1000,0.42548894501749485,0.2067769932803364,0.40357949305691915,0.11810929024255226,0.2750505504898916,0.5566332159255658,0.8190910397375563,0.0065388626648719495,0.4126574637015591,0.4383204263334306,0.999,65.07078781502857,0.0
probe_0.5,rounds_301_500,classifier,norm_WA_minus_Wt,1000,0.10267139937130668,0.11336524459817557,0.0779205728481753,0.023483989413363538,0.047922874715104924,0.11934319906608562,0.24323659177805593,0.0035849238043233465,0.09563655475507872,0.10970624398753463,1.0,28.63977171494887,3.4899525777503373e-132
probe_0.5,rounds_301_500,classifier,norm_WB_minus_Wt,1000,0.10263198704897031,0.11810083412702511,0.0760095185367297,0.02491347457765763,0.05019566856051315,0.11883206982241784,0.24400483218901312,0.003734676294071429,0.09530327691320173,0.10996069718473889,1.0,27.480825369495165,2.8213527833048355e-124
probe_0.5,rounds_301_500,classifier,norm_WBA_minus_WB,1000,0.2161384776802301,0.16562746978217588,0.17985336758067574,0.040101931366973674,0.1006682895573128,0.2880842601211816,0.5039414779880853,0.005237600476023881,0.20586051710927614,0.22641643825118404,1.0,41.266698112932694,4.602052221337499e-218
probe_0.5,rounds_301_500,classifier,norm_WB_minus_WA,1000,0.15298276633858193,0.14998245338580202,0.1207107143604137,0.043244975787901124,0.08255997578774893,0.17471048942310238,0.3401947566821816,0.004742861617591671,0.14367565234196333,0.16228988033520053,1.0,32.25537210935189,5.411625495204587e-157
probe_0.5,rounds_301_500,classifier,norm_WBA_minus_WA,1000,0.19716397070716402,0.1713562907311012,0.15810636829340025,0.03367714486693483,0.08620462239874392,0.2616885024218451,0.45107963348748487,0.005418761701082793,0.18653050995312723,0.2077974314612008,1.0,36.38542928871852,2.982491445108158e-185
probe_0.5,rounds_301_500,classifier,recovery_pull_score,1000,-0.33859490041427287,0.6450212069786062,-0.21381389722001487,-1.5603964260464156,-0.6465574860889971,0.08620464388244276,0.4488963254261944,0.020397361531632907,-0.3786214886455246,-0.29856831218302116,0.322,-16.59993621670963,7.743238117166254e-55
probe_0.5,rounds_301_500,classifier,cos_WBA_minus_WB__WA_minus_Wt,1000,0.4613478286928283,0.2478639253876573,0.4474764031138449,0.09267964248575156,0.27539250786767283,0.6456839741164996,0.8885852986069668,0.007838145540150308,0.44596671072099314,0.4767289466646635,0.974,58.85930879053074,0.0
probe_0.5,rounds_301_500,classifier,cos_WBA_minus_WB__WB_minus_Wt,1000,-0.2394952817022158,0.21203060668361431,-0.2386616466616157,-0.5611987203221193,-0.3914414993101982,-0.10860316225420602,0.09453784261977713,0.006704996507875418,-0.25265277434637473,-0.22633778905805688,0.102,-35.71892713455023,1.0306900394692408e-180
probe_0.5,rounds_301_500,classifier,cos_WBA_minus_Wt__WA_minus_Wt,1000,0.4963801782250775,0.2145879563861148,0.4780302310207999,0.15993776135980414,0.33121737031300924,0.653695088829456,0.8706254070023277,0.006785867006209974,0.48306399004905415,0.5096963664011008,1.0,73.14911679978748,0.0
probe_0.5,rounds_301_500,classifier,cos_WBA_minus_Wt__WB_minus_Wt,1000,0.23644009253128417,0.32717468329552885,0.21971090907949764,-0.300505225544032,0.0038038152860815004,0.4642939089337731,0.7948002578310329,0.010346171919581156,0.21613737040947542,0.2567428146530929,0.755,22.85290582537082,2.549129303304039e-93
