run,metric,stage_left,stage_right,common_targets,pearson_r,pearson_p,spearman_r,spearman_p
probe_0.2,recovery_pull_score_all,rounds_1_150,rounds_151_300,89,0.18921580277183975,,0.23685733741913517,
probe_0.2,recovery_pull_score_all,rounds_1_150,rounds_301_500,96,0.13734139036432463,,0.21416169289202389,
probe_0.2,recovery_pull_score_all,rounds_151_300,rounds_301_500,91,0.4000330792437269,,0.4220098741837872,
probe_0.2,cos_WBA_minus_WB__WA_minus_Wt_all,rounds_1_150,rounds_151_300,89,0.3556547046892143,,0.3539325842696629,
probe_0.2,cos_WBA_minus_WB__WA_minus_Wt_all,rounds_1_150,rounds_301_500,96,0.21075946406042362,,0.1590748779164406,
probe_0.2,cos_WBA_minus_WB__WA_minus_Wt_all,rounds_151_300,rounds_301_500,91,0.18010112886136037,,0.1190157668418538,
probe_0.2,cos_WBA_minus_WB__WB_minus_Wt_all,rounds_1_150,rounds_151_300,89,0.07066046253786859,,0.06319373510384746,
probe_0.2,cos_WBA_minus_WB__WB_minus_Wt_all,rounds_1_150,rounds_301_500,96,0.1120689223585237,,0.09972870320130223,
probe_0.2,cos_WBA_minus_WB__WB_minus_Wt_all,rounds_151_300,rounds_301_500,91,-0.018489121618438336,,-0.02884217232043319,
probe_0.2,cos_WBA_minus_Wt__WA_minus_Wt_all,rounds_1_150,rounds_151_300,89,0.1883542129423522,,0.1953183520599251,
probe_0.2,cos_WBA_minus_Wt__WA_minus_Wt_all,rounds_1_150,rounds_301_500,96,0.08816748555545831,,0.0361096039066739,
probe_0.2,cos_WBA_minus_Wt__WA_minus_Wt_all,rounds_151_300,rounds_301_500,91,0.16391112875052044,,0.12887402452619845,
probe_0.2,cos_WBA_minus_Wt__WB_minus_Wt_all,rounds_1_150,rounds_151_300,89,0.1319835082562561,,0.10549880830779707,
probe_0.2,cos_WBA_minus_Wt__WB_minus_Wt_all,rounds_1_150,rounds_301_500,96,0.21356200106048667,,0.1760851871947911,
probe_0.2,cos_WBA_minus_Wt__WB_minus_Wt_all,rounds_151_300,rounds_301_500,91,0.20131202921597843,,0.17058448797579231,
probe_0.2,recovery_pull_score_conv,rounds_1_150,rounds_151_300,89,0.16888341799698253,,0.20813755532856656,
probe_0.2,recovery_pull_score_conv,rounds_1_150,rounds_301_500,96,0.128309768562956,,0.19837221920781334,
probe_0.2,recovery_pull_score_conv,rounds_151_300,rounds_301_500,91,0.39568760705704004,,0.41258162127727344,
probe_0.2,cos_WBA_minus_WB__WA_minus_Wt_conv,rounds_1_150,rounds_151_300,89,0.14153375311466057,,0.17024174327545114,
probe_0.2,cos_WBA_minus_WB__WA_minus_Wt_conv,rounds_1_150,rounds_301_500,96,0.06874226851409586,,0.02387411828540423,
probe_0.2,cos_WBA_minus_WB__WA_minus_Wt_conv,rounds_151_300,rounds_301_500,91,0.1282571152449105,,0.07642936773371556,
probe_0.2,cos_WBA_minus_WB__WB_minus_Wt_conv,rounds_1_150,rounds_151_300,89,0.2238333355725745,,0.20134490977187605,
probe_0.2,cos_WBA_minus_WB__WB_minus_Wt_conv,rounds_1_150,rounds_301_500,96,0.13154678272315717,,0.11022788931090613,
probe_0.2,cos_WBA_minus_WB__WB_minus_Wt_conv,rounds_151_300,rounds_301_500,91,0.03539390707446098,,-0.02132505175983437,
probe_0.2,cos_WBA_minus_Wt__WA_minus_Wt_conv,rounds_1_150,rounds_151_300,89,0.03810165560256139,,0.03811712631937351,
probe_0.2,cos_WBA_minus_Wt__WA_minus_Wt_conv,rounds_1_150,rounds_301_500,96,-0.018821243384508857,,-0.06119099294628323,
probe_0.2,cos_WBA_minus_Wt__WA_minus_Wt_conv,rounds_151_300,rounds_301_500,91,0.11063059724308545,,0.08756171364867017,
probe_0.2,cos_WBA_minus_Wt__WB_minus_Wt_conv,rounds_1_150,rounds_151_300,89,0.15330080310435776,,0.13915560095335378,
probe_0.2,cos_WBA_minus_Wt__WB_minus_Wt_conv,rounds_1_150,rounds_301_500,96,0.22528083190271778,,0.1731958762886598,
probe_0.2,cos_WBA_minus_Wt__WB_minus_Wt_conv,rounds_151_300,rounds_301_500,91,0.2172918125846224,,0.20630673674151934,
probe_0.2,recovery_pull_score_classifier,rounds_1_150,rounds_151_300,89,0.4126893189053537,,0.4377425944841675,
probe_0.2,recovery_pull_score_classifier,rounds_1_150,rounds_301_500,96,0.17143272140658297,,0.17411828540423224,
probe_0.2,recovery_pull_score_classifier,rounds_151_300,rounds_301_500,91,0.2813221206318282,,0.23346074215639434,
probe_0.2,cos_WBA_minus_WB__WA_minus_Wt_classifier,rounds_1_150,rounds_151_300,89,0.6372833186771302,,0.6194586312563841,
probe_0.2,cos_WBA_minus_WB__WA_minus_Wt_classifier,rounds_1_150,rounds_301_500,96,0.5388569757779085,,0.49692078133478024,
probe_0.2,cos_WBA_minus_WB__WA_minus_Wt_classifier,rounds_151_300,rounds_301_500,91,0.4688189404933865,,0.46190476190476193,
probe_0.2,cos_WBA_minus_WB__WB_minus_Wt_classifier,rounds_1_150,rounds_151_300,89,0.030257743838180435,,0.041504937010554986,
probe_0.2,cos_WBA_minus_WB__WB_minus_Wt_classifier,rounds_1_150,rounds_301_500,96,0.06035273574069201,,0.08884970157352143,
probe_0.2,cos_WBA_minus_WB__WB_minus_Wt_classifier,rounds_151_300,rounds_301_500,91,0.10606083615891775,,0.11393534002229655,
probe_0.2,cos_WBA_minus_Wt__WA_minus_Wt_classifier,rounds_1_150,rounds_151_300,89,0.6361068852262781,,0.6723357167177392,
probe_0.2,cos_WBA_minus_Wt__WA_minus_Wt_classifier,rounds_1_150,rounds_301_500,96,0.5239020336452751,,0.48495659251220835,
probe_0.2,cos_WBA_minus_Wt__WA_minus_Wt_classifier,rounds_151_300,rounds_301_500,91,0.5217296198413265,,0.533221850613155,
probe_0.2,cos_WBA_minus_Wt__WB_minus_Wt_classifier,rounds_1_150,rounds_151_300,89,-0.08017061112414335,,0.018913857677902622,
probe_0.2,cos_WBA_minus_Wt__WB_minus_Wt_classifier,rounds_1_150,rounds_301_500,96,-0.006330741936822706,,0.015097666847531199,
probe_0.2,cos_WBA_minus_Wt__WB_minus_Wt_classifier,rounds_151_300,rounds_301_500,91,0.06650155576014022,,0.06088549132027393,
probe_0.5,recovery_pull_score_all,rounds_1_150,rounds_151_300,100,0.43810064633353524,,0.517059705970597,
probe_0.5,recovery_pull_score_all,rounds_1_150,rounds_301_500,100,0.4460667317841811,,0.39084308430843084,
probe_0.5,recovery_pull_score_all,rounds_151_300,rounds_301_500,100,0.5219336108222976,,0.5351815181518151,
probe_0.5,cos_WBA_minus_WB__WA_minus_Wt_all,rounds_1_150,rounds_151_300,100,0.40738868044564824,,0.3435103510351035,
probe_0.5,cos_WBA_minus_WB__WA_minus_Wt_all,rounds_1_150,rounds_301_500,100,0.4579287620927259,,0.3446264626462646,
probe_0.5,cos_WBA_minus_WB__WA_minus_Wt_all,rounds_151_300,rounds_301_500,100,0.4369868280080905,,0.3991719171917192,
probe_0.5,cos_WBA_minus_WB__WB_minus_Wt_all,rounds_1_150,rounds_151_300,100,0.3036208419727259,,0.2125052505250525,
probe_0.5,cos_WBA_minus_WB__WB_minus_Wt_all,rounds_1_150,rounds_301_500,100,0.20364840441903503,,0.12374437443744374,
probe_0.5,cos_WBA_minus_WB__WB_minus_Wt_all,rounds_151_300,rounds_301_500,100,0.09658920195876063,,0.010957095709570958,
probe_0.5,cos_WBA_minus_Wt__WA_minus_Wt_all,rounds_1_150,rounds_151_300,100,0.12534378829404758,,0.12498049804980498,
probe_0.5,cos_WBA_minus_Wt__WA_minus_Wt_all,rounds_1_150,rounds_301_500,100,0.16329754003306232,,0.12633663366336634,
probe_0.5,cos_WBA_minus_Wt__WA_minus_Wt_all,rounds_151_300,rounds_301_500,100,0.3932205603931389,,0.37796579657965795,
probe_0.5,cos_WBA_minus_Wt__WB_minus_Wt_all,rounds_1_150,rounds_151_300,100,0.5091128922718504,,0.4467086708670867,
probe_0.5,cos_WBA_minus_Wt__WB_minus_Wt_all,rounds_1_150,rounds_301_500,100,0.37377722326735185,,0.24534053405340533,
probe_0.5,cos_WBA_minus_Wt__WB_minus_Wt_all,rounds_151_300,rounds_301_500,100,0.40951168605411425,,0.24402040204020403,
probe_0.5,recovery_pull_score_conv,rounds_1_150,rounds_151_300,100,0.3968343980425382,,0.4632343234323432,
probe_0.5,recovery_pull_score_conv,rounds_1_150,rounds_301_500,100,0.41723116941020755,,0.3515271527152715,
probe_0.5,recovery_pull_score_conv,rounds_151_300,rounds_301_500,100,0.5130769003842346,,0.5184638463846385,
probe_0.5,cos_WBA_minus_WB__WA_minus_Wt_conv,rounds_1_150,rounds_151_300,100,0.08319330604380315,,0.07373537353735374,
probe_0.5,cos_WBA_minus_WB__WA_minus_Wt_conv,rounds_1_150,rounds_301_500,100,0.11954943763606767,,0.06251425142514251,
probe_0.5,cos_WBA_minus_WB__WA_minus_Wt_conv,rounds_151_300,rounds_301_500,100,0.3138110840539692,,0.33282928292829284,
probe_0.5,cos_WBA_minus_WB__WB_minus_Wt_conv,rounds_1_150,rounds_151_300,100,0.40499366691732036,,0.2909210921092109,
probe_0.5,cos_WBA_minus_WB__WB_minus_Wt_conv,rounds_1_150,rounds_301_500,100,0.27853078855397556,,0.21585358535853585,
probe_0.5,cos_WBA_minus_WB__WB_minus_Wt_conv,rounds_151_300,rounds_301_500,100,0.21668531353145223,,0.12375637563756375,
probe_0.5,cos_WBA_minus_Wt__WA_minus_Wt_conv,rounds_1_150,rounds_151_300,100,-0.06351221749838871,,-0.038187818781878186,
probe_0.5,cos_WBA_minus_Wt__WA_minus_Wt_conv,rounds_1_150,rounds_301_500,100,-0.13460814903837115,,-0.1394179417941794,
probe_0.5,cos_WBA_minus_Wt__WA_minus_Wt_conv,rounds_151_300,rounds_301_500,100,0.2709299864134434,,0.28645664566456647,
probe_0.5,cos_WBA_minus_Wt__WB_minus_Wt_conv,rounds_1_150,rounds_151_300,100,0.5447121206703005,,0.49762976297629763,
probe_0.5,cos_WBA_minus_Wt__WB_minus_Wt_conv,rounds_1_150,rounds_301_500,100,0.38489323889566274,,0.25453345334533456,
probe_0.5,cos_WBA_minus_Wt__WB_minus_Wt_conv,rounds_151_300,rounds_301_500,100,0.4213110914605082,,0.2646144614461446,
probe_0.5,recovery_pull_score_classifier,rounds_1_150,rounds_151_300,100,0.5880269850406068,,0.6066006600660065,
probe_0.5,recovery_pull_score_classifier,rounds_1_150,rounds_301_500,100,0.47487552909685576,,0.4660906090609061,
probe_0.5,recovery_pull_score_classifier,rounds_151_300,rounds_301_500,100,0.5871161400974468,,0.5776537653765377,
probe_0.5,cos_WBA_minus_WB__WA_minus_Wt_classifier,rounds_1_150,rounds_151_300,100,0.7921781909816565,,0.7708730873087308,
probe_0.5,cos_WBA_minus_WB__WA_minus_Wt_classifier,rounds_1_150,rounds_301_500,100,0.7175797625736496,,0.7102550255025503,
probe_0.5,cos_WBA_minus_WB__WA_minus_Wt_classifier,rounds_151_300,rounds_301_500,100,0.7452690223267142,,0.7415901590159016,
probe_0.5,cos_WBA_minus_WB__WB_minus_Wt_classifier,rounds_1_150,rounds_151_300,100,0.3101582079220266,,0.27135913591359134,
probe_0.5,cos_WBA_minus_WB__WB_minus_Wt_classifier,rounds_1_150,rounds_301_500,100,0.15482318451056182,,0.16442844284428443,
probe_0.5,cos_WBA_minus_WB__WB_minus_Wt_classifier,rounds_151_300,rounds_301_500,100,0.11065422195972956,,0.048448844884488446,
probe_0.5,cos_WBA_minus_Wt__WA_minus_Wt_classifier,rounds_1_150,rounds_151_300,100,0.7965578017683937,,0.767032703270327,
probe_0.5,cos_WBA_minus_Wt__WA_minus_Wt_classifier,rounds_1_150,rounds_301_500,100,0.7202883244946953,,0.7033663366336633,
probe_0.5,cos_WBA_minus_Wt__WA_minus_Wt_classifier,rounds_151_300,rounds_301_500,100,0.7972070141584602,,0.7975997599759976,
probe_0.5,cos_WBA_minus_Wt__WB_minus_Wt_classifier,rounds_1_150,rounds_151_300,100,0.12843399168998335,,0.11721572157215722,
probe_0.5,cos_WBA_minus_Wt__WB_minus_Wt_classifier,rounds_1_150,rounds_301_500,100,0.16217551572457056,,0.1307050705070507,
probe_0.5,cos_WBA_minus_Wt__WB_minus_Wt_classifier,rounds_151_300,rounds_301_500,100,0.06947177480440475,,0.09521752175217522,
